:020000040800F2
:10000000D8BA0020ED010008297A0008696D0008BF
:10001000257A0008390C0008BDBA0008000000006D
:10002000000000000000000000000000F58700084C
:10003000350D0008000000002D7A0008F98700083F
:10004000070200080702000807020008070200086C
:10005000070200080702000807020008070200085C
:10006000070200080702000807020008C90C000880
:10007000D50C0008E10C0008ED0C0008F90C000894
:10008000050D0008110D000807020008070200080E
:1000900065B9000807020008070200080702000807
:1000A000070200080702000807020008070200080C
:1000B00007020008070200080702000807020008FC
:1000C00007020008070200080702000807020008EC
:1000D00007020008DD9C000807020008070200086C
:1000E00007020008070200080702000807020008CC
:1000F00007020008070200080702000807020008BC
:1001000007020008070200080702000807020008AB
:10011000070200080702000807020008070200089B
:10012000290D00080702000807020008070200085E
:10013000070200080702000807020008070200087B
:10014000070200080702000807020008070200086B
:10015000070200080702000807020008070200085B
:10016000070200080702000807020008070200084B
:10017000070200080702000807020008070200083B
:10018000070200080702000807020008070200082B
:10019000070200080000000007020008070200082C
:1001A000070200080702000807020008997100080A
:1001B00007020008070200080702000807020008FB
:1001C0001D0D0008070200080702000807020008CA
:1001D0000702000807020008DFF80CD000F094FBCB
:1001E00000480047C1BC0008D8BA00200648804734
:1001F00006480047FEE7FEE7FEE7FEE7FEE7FEE70C
:10020000FEE7FEE7FEE7FEE76D880008D90100087B
:100210002DE9F05F0546002092469B46884606463B
:10022000814640241BE0284641464746224600F0CE
:1002300083FA53465A46C01A914110D311461846C4
:10024000224600F06AFA2D1A67EB01084F46224653
:100250000120002100F061FA17EB00094E41201E39
:10026000A4F10104DFDC484631462A464346BDE896
:10027000F09F40EA01039B0703D009E008C9121F61
:1002800008C0042AFAD203E011F8013B00F8013B50
:10029000521EF9D27047D2B201E000F8012B491E7C
:1002A000FBD270470022F6E710B513460A46044613
:1002B0001946FFF7F0FF204610BD421C10F8011B45
:1002C0000029FBD1801A70472DE9FE4F804681EA54
:1002D0000300C00F0C46009021F0004123F00045C0
:1002E000B8EB0200A94105D24046214690461C4683
:1002F0000B46024623F00040104347D0270DC7F3BA
:100300000A00C3F30A510290401A019040286BDAA8
:10031000C3F3130040F4801B0098924620B10023E1
:10032000D2EB030A63EB0B0B01985946C0F1400274
:10033000504600F0F2F906460D4650465946019ADD
:1003400000F00AFA10EB08006141002487EA11521C
:1003500084EAE7731A4340D0009A62B3019A012AF3
:100360004FEA075215DC001B61EB02014FF000421F
:1003700002EA0752CDE90042001C41F580113246E5
:100380002B4600F00AFA03B0BDE8F08F4046214644
:10039000F9E7001B61EB0201001C41F58013001816
:1003A0005B412018A2F5001747EB030140EAD57026
:1003B000B6196D4111E06D084FEA360645EAC07581
:1003C0004FEA0752001B61EB0201001C41F580114E
:1003D00049084FEA30000019514132462B4603B01C
:1003E000BDE8F04F00F0CAB9009801224000002398
:1003F000D0EB020263EBE073009821464FEAE07411
:10040000B8EB000061EB0401E9E783F000435BE730
:1004100081F0004158E72DE9FE4F81EA030404F022
:10042000004421F0004100944FF0000B23F0004302
:1004300050EA01045ED052EA03045BD0C3F30A54CD
:10044000C1F30A552C44A4F2F3340194A0FB0254E6
:10045000C1F3130141F48011C3F3130343F4801378
:1004600001FB024400FB034E840A970A44EA8154CC
:1004700047EA8357A4FB076802958D0A05FB0785A9
:100480004FEA932C04FB0C542705029D4FEA0658B3
:1004900047EA1637B5EB08056EEB070C870E920E90
:1004A00047EA811742EA8312A7FB0201B6EB0B0170
:1004B00064EB00042B0D43EA0C335E1844EB1C5034
:1004C000DA465146E7FB0201C5F313044FEA0B334A
:1004D00043EA14534FEA0432019C43EA0603A4F1B1
:1004E0000C040294009CCDE900B400F056F903B06E
:1004F000BDE8F08F00200146F9E72DE9F04D81EAD3
:10050000030404F0004B21F0004514464FF0000AAC
:1005100023F0004150EA050220D054EA01021DD028
:10052000C5F30A570246C5F31303C1F31300C1F321
:100530000A5640F4801543F48013A7EB0608101BFD
:10054000D64608F2FD3873EB050002D308F1010826
:1005500001E092185B41B8F1000F03DA0020014678
:10056000BDE8F08D00204FF48011064684460EE071
:10057000171B73EB050705D3121B63EB050306433B
:100580004CEA010C49084FEA300092185B4150EAEE
:100590000107EDD152EA030012D082EA040083EA97
:1005A0000501084305D0101BAB4106D201220023F0
:1005B00006E000224FF0004302E06FF0010253100A
:1005C0001AEB06004CEB085110EB0A0041EB0B0153
:1005D000BDE8F04D00F0D2B830B5041E71F1000452
:1005E00004DB4FF00044404264EB0101141E73F140
:1005F000000405DB1C464FF00043524263EB04034A
:10060000801A994101D3012030BD002030BD30B5A2
:10061000041E71F1000404DB4FF00044404264EB1F
:100620000101141E73F1000405DB1C464FF000436A
:10063000524263EB0403101A8B4101D3012030BDF9
:10064000002030BD30B5041E71F1000404DB4FF012
:100650000044404264EB0101141E73F1000405DB09
:100660001C464FF00043524263EB0403801A994149
:1006700001D2012030BD002030BD30B5041E71F123
:10068000000404DB4FF00044404264EB0101141EFF
:1006900073F1000405DB1C464FF00043524263EB4C
:1006A000040342404B401A4301D0002030BD0120DA
:1006B00030BD0EB5C10F80EAE0700844CA070021C2
:1006C00040F233438DE80E000A460B4600F065F811
:1006D00003B000BD0EB540F2334102910021CDE9D7
:1006E00000110A460B4600F058F803B000BD30B5C3
:1006F0000B46014600202022012409E021FA02F5E0
:100700009D4205D303FA02F5491B04FA02F5284479
:10071000151EA2F10102F1DC30BD202A04DB203AD3
:1007200000FA02F1002070479140C2F1200320FA44
:1007300003F3194390407047202A04DB203A21FA42
:1007400002F00021704721FA02F3D040C2F12002EA
:100750009140084319467047202A06DBCB17203A00
:1007600041FA02F043EAE07306E041FA02F3D040B6
:10077000C2F12002914008431946704710B5141E7B
:1007800073F1000408DA401C41F1000192185B414A
:100790001A4301D120F0010010BD2DE9F04D924621
:1007A0009B4611B1B1FA81F202E0B0FA80F2203238
:1007B0009046FFF7B2FF04460F4640EA0A0041EABE
:1007C0000B0153465A46084313D0114653EA010021
:1007D00019D0C8F140025046FFF7AEFF05460E465D
:1007E000504659464246FFF798FF084305D001207E
:1007F00004E020463946BDE8F08D0020054346EA76
:10080000E0762C4337430A986305E40AA0EB08001E
:100810000022FD0A44EA47540A3002D5002001466E
:10082000E9E7010510196941DDE908450019694149
:10083000BDE8F04DA2E72DE9F04D00231A461B1A42
:100840008A4103DB00200146BDE8F08DC1F30A5266
:10085000C1F3130141F480154FF0000BD10702D111
:1008600000186D41521E0027044640F2FF11384621
:1008700001EB620A3E468046024600204FF480119A
:10088000FFF75AFFC2197141BB1846EB0100B4EBE8
:10089000030C75EB000C04D3E41A65EB0005174656
:1008A0000E46241908F101006D4180463428E3DD2D
:1008B000F91946EB0600091BA84103D24FF0FF329D
:1008C000134601E0002213461BEB070046EB0A51DA
:1008D000BDE8F04DFFF752BF30B5041E71F10004C2
:1008E00004DB4FF00044404264EB0101141E73F13D
:1008F000000405DB1C464FF00043524263EB040347
:100900008B4208BF824230BD1CB50948009009489F
:1009100001900546009C06E0E06840F0010394E881
:10092000070098471034AC42F6D3FFF759FC00009B
:10093000E09C0108009D010870B58C1810F8015B5F
:1009400015F0070301D110F8013B2A1106D110F868
:10095000012B03E010F8016B01F8016B5B1EF9D16C
:100960002B0705D40023521E0DD401F8013BFAE7F2
:1009700010F8013BCB1A921C03E013F8015B01F85D
:10098000015B521EF9D5A142D8D3002070BD0000F2
:100990000146806AC36DC26D13F0500F08D0D206B5
:1009A00048BF00F05FBC406D426B0846104700BF77
:1009B00042F40071C16501680B68CA681B0703D463
:1009C000910707D500F034BC12F4406FFAD1C96822
:1009D0008904F7D4C16D21F48071C165C16DC9046A
:1009E00048BF00F025BCC16D41F00101C16500F0B8
:1009F0001FBC0000806AC16D41F04001C165016EFD
:100A000041F00401016600F02DBC0000806A00F096
:100A100011BC000070B582B004460020019021682E
:100A20008A68D20711D14FF6C076C7F6FF7688687C
:100A300006F17F0210420BD0E06D40F01000E0653F
:100A4000206E40F001002066012002B070BD00BFA2
:100A500088684FF4C162304040F00100886040F285
:100A60000010C5F20000814208BF4FF40272B1F1DC
:100A7000A04F08BF4FF402721058000222D401F0B8
:100A80002BF921680A68D20718D1054603E000BF98
:100A90000868C00712D18868C00704D18868304050
:100AA00040F00100886001F017F9401B216803281D
:100AB000EED30868C007EBD1BEE700BF002002B04C
:100AC00070BD00BF40F2C020C2F20000006842F6D4
:100AD00063518009C0F23E51A0FB0101880900EB7F
:100AE00040000C2101EB8000019001980028C6D045
:100AF00001980138019001980028C0D00198013870
:100B0000019001980028BAD001980138019001980D
:100B10000028B4D001980138019001980028E7D14D
:100B2000ADE7000010B584B0282000F0E1FF4BF2E3
:100B300094004FF0FF34C2F200000DF10F0270215B
:100B40000123009401F006FC9DF80F0000070CD46F
:100B500040F6BE0002904BF29400C2F2000002AADE
:100B600070210323009401F0CBFC04B010BD000001
:100B7000F0B585B0044643F2AC304BF294060490D5
:100B80000020C2F200060D46ADF80C0002904FF0B6
:100B9000FF3704AA304670210323009701F0B0FC10
:100BA0004B2000F0A5FF02AA3046702106230097D3
:100BB00001F0D0FB9DF90800002832D49DF80A10FE
:100BC0009DF80B209DF80900090141EA12119DF8DA
:100BD0000C3041EA003000EE100A9FED131AB8EE17
:100BE000400A9FED122A02F00F0019029DF80D2015
:100BF00020EE010A41EA004020EE020A104485ED91
:100C0000000A00EE100A9FED0A1AB8EE400A20EE24
:100C1000010A9FED081A20EE020A30EE010A84ED67
:100C2000000A05B0F0BD00BF0000C84200008035DA
:100C300000004843000048C2FEE700000020704763
:100C40000020704710B54AF69004C2F2000449F241
:100C5000A411C2F200012046002209F07DFA48F6F4
:100C6000A411C2F20001204609F06CFA002010BD68
:100C700010B54AF69004C2F200040146204609F07D
:100C800061FA204609F088F9002010BD0020704765
:100C90004AF69002C2F20002D2F8BC22D2F8143214
:100CA000002B1CBF0120704710B54AF69004C2F219
:100CB00000040A460146204609F04EFA2046BDE8E7
:100CC000104009F0C1BA00004AF67860C2F2000094
:100CD00000F0B8BD4AF6D860C2F2000000F0B2BD24
:100CE0004AF63870C2F2000000F0ACBD4AF6585027
:100CF000C2F2000000F0A6BD4AF6B850C2F20000F1
:100D000000F0A0BD4AF6F840C2F2000000F09ABD23
:100D10004AF69840C2F2000000F094BD4AF618600E
:100D2000C2F2000000F08EBD4AF63840C2F2000068
:100D300000F088BD70470000EFF3108072B600BF6E
:100D4000FEE7000090F85820012A04BF02207047F7
:100D500070B582B0002201920092026840F2080E43
:100D6000C5F2000EB2F1A04F0EF1F80508D040F226
:100D70000043C5F200039A4234D10EF59F6300E0B0
:100D80002B469B68946823435B072BD44FF4E063A6
:100D9000D1F800C0AA4208BF4FF44073B2F1A04F8F
:100DA00008BF4FF440735EF80340BCF1000F24F419
:100DB000604425D04D6890F8386042F4807245EA6E
:100DC00046352C4340F20015C5F20005AA424EF804
:100DD000034027D1DEF80020DEF800412243D2078D
:100DE00048D129E0C16D41F02001C16501210022F7
:100DF00080F8582002B0BDE870400846704700BF38
:100E000042F4807140F20012C5F2000291424EF8A5
:100E100003401BD1DEF80010DEF800211143C907A2
:100E200028D11DE0DEF80044DEF80055DEF800268B
:100E30002C432243D2071DD15EF8032040F61F74D5
:100E40008968A243114341EA0C010EE0DEF8002458
:100E5000DEF80065DEF8001632431143C90709D1F8
:100E60005EF8031040F61F7291434EF80310002104
:100E7000BDE700BF0021BAE7F0B581B000220092C3
:100E800090F85820012A03D10221084601B0F0BD94
:100E90000123076880F85830BB685B0734D4D1E978
:100EA00000351F26C5F3012407EB8404226B05F0EF
:100EB0001F05AE40C3F38463B243AB401A432263C1
:100EC000BA68BB6802F0040203F00803D21840F0CD
:100ED000BC800A6807F114030426C2F34064D1F809
:100EE00008E006EAD25C53F82440C2F30455072216
:100EF000AA40BEF1004F24EA02040BD143F80C4093
:100F00001A6842F000430DE0C16D41F02001C16557
:100F1000012167E10EFA05F2224343F80C201A681A
:100F200022F000437B61D1E90435FC68042B5FD1DA
:100F30003A6E3A6E0B68C2F3846293FAA3F6C3F377
:100F4000846C6FF3DF43B6FA86F5002B2C464FF620
:100F5000FF7E08BF6446A242C0F2070E0CD13A6E73
:100F600022F000423A660A6802EA0E03C2F3846C79
:100F700092FAA2F2B2FA82F57A6E7A6E002BC2F37E
:100F800084622C4608BF6446A2420CD17A6E22F0DD
:100F900000427A660A6802EA0E03C2F3846C92FA8F
:100FA000A2F2B2FA82F5BA6EBA6E002BC2F3846274
:100FB0002C4608BF6446A2420CD1BA6E22F0004211
:100FC000BA660A6802EA0E03C2F3846C92FAA2F2CD
:100FD000B2FA82F5FA6EFA6E002BC2F3846208BF91
:100FE0006546AA4231D1FA6E22F00042FA662CE040
:100FF000062202EA940205FA02FC0E6807F1600577
:1010000055F823404FF20002C0F2FF3206F0F846D6
:10101000224046EA0C06324342F0004245F82320C3
:101020000A698B6955F8226026F08076334345F8CB
:1010300022300A690B7F55F82260012B26F00076DA
:1010400008BF06F1007645F82260BA680D68D2073D
:1010500050D1CA68D7F8B0602B466FF3DF4326EA59
:10106000030C4FF6FF7602F01804C0F20706E640C4
:1010700000242E40C4F27F0446EA0C06A242C7F8C0
:10108000B06037D193B195FAA5F2B2FA82F201328B
:1010900002F01E03092B02F01F0310D801229A4010
:1010A00003EB430342EA035315E000BF012202EBC6
:1010B000956202F01E030A2B02F01F03EED30122F9
:1010C00000269A4003EB4303CFF6206606EB03535A
:1010D0001A4342F00073C3F3406607EB86068A6842
:1010E0007569C3F3045307249C40A5439A402A43DF
:1010F00072610D680021C8F208010D4271D040F202
:10110000001CC5F2000C4FF4C161674508BF4FF4E5
:101110000271B7F1A04F08BF4FF4027151F80C40B3
:101120000022CCF22132954204F0E07E04D010225D
:10113000C9F2C002954241D1220252D440F200626B
:10114000C5F20002974202D0B7F1A04F49D15CF836
:10115000012022F0E07242EA0E0242F400024CF852
:10116000012040F2C021C2F20001096842F6635238
:101170008909C0F23E52A1FB0212910901EB410123
:101180000C2202EB81010091009951B300990139C1
:101190000091009929B3009901390091009901B398
:1011A0000099013900910099D9B100990139009154
:1011B000009900294FF00001E8D113E00022CCF2A1
:1011C0005272954214D10022B2EB1E6F10D15CF81E
:1011D000012022F0E07242EA0E0242F080724CF8E6
:1011E00001200021002280F85820084601B0F0BDFF
:1011F0000021CCF684318D424FF0000108BF14F479
:101200008002EFD1B7F1A04F06D06745EAD067451D
:1012100002D00CF5C06101E00CF500718A6822F083
:10122000E07242EA0E0242F480028A60D9E70000CE
:101230007047000010B540F22044C2F2000420784C
:10124000002818BF10BD44F2785040F27851C2F225
:101250000000C2F200014FF48042FFF70AF80120BB
:10126000207010BD7047000070B582B000210028CA
:10127000019153D0C16D39B9044600F021F92046DF
:101280000021216684F858100268916889004FF6A1
:10129000C071C5F6FF7102D593680B4093609368E7
:1012A000DB002ED4936801F18051194041F0805148
:1012B000916040F2C021C2F20001096842F6635316
:1012C0008909C0F23E53A1FB03139909022303EBE2
:1012D000410101910199A1B101990139019101994E
:1012E00079B1019901390191019951B101990139FE
:1012F0000191019929B101990139019101990029BF
:10130000EAD19168C9000DD4C16D012641F01001E8
:10131000C165016E41F00101016604E0012630461D
:1013200002B070BD00269368C46D03F0040304F09E
:1013300010041B19C36D77D123F481730233C36585
:101340009368DB072AD140F2001442F48073C5F29F
:10135000000440F2080CA342C5F2000C40F0A28049
:10136000DCF80040DCF800312343DB0716D10CF138
:10137000F8034FF4E064D0F804E09A4208BF4FF459
:101380004074B2F1A04F08BF4FF440745CF80430D1
:1013900023F47C1343EA0E034CF80430437FC46B00
:1013A000D0E9021544EA43332B4390F82450194303
:1013B000012D41EA054306D1816A0025CFF6FE756D
:1013C00005EB41410B43C46A24B1016B04F4787509
:1013D00029430B43D16844F20705CFF6F075294045
:1013E0001943D1601169436B21F0406119431161C8
:1013F0009168090743D490F83810037F490041EA07
:101400008331D36844F20205AB431943D1600369C9
:1014100014698BB144F480311161D2F8C01043F6E5
:10142000FF75A9430B4310E043F010020126C2658B
:10143000304602B070BD00BF24F480311161D2F893
:10144000C01043F6FF7321EA0303C2F8C03090F8DE
:101450004010136901290FD140F2FD7123EA010CFC
:10146000D0E91135D0E9134143EA0C032B43234360
:10147000194341F0010301E023F0010313614169C5
:10148000136B012923F00F0302D1016A01390B43C9
:101490001363C26D012161F30102C265304602B0DF
:1014A00070BD00BFDCF800E4DCF80035DCF8004675
:1014B00043EA0E032343DB073FF459AF6EE7000016
:1014C000F0B59BB0044600201A90CDE91800CDE994
:1014D000160001A85421FEF7E5FE206840F2004105
:1014E000C5F2000188426BD0B0F1A04F40F0998066
:1014F0004FF4004001904FF08050129001A802F08C
:1015000099FC002818BFFFF717FC41F24C00C4F209
:101510000200016816AD41F4005101600168032723
:1015200001F40051009100990168002641F0040186
:101530000160016801F0040100910099016841F027
:10154000010101600068294600F001000090009848
:101550000C20169040F20040C4F6000000F58060B8
:101560001797189600F0D8FA4FF090402946CDE929
:101570001677189600F0D0FA4AF6384540F208403F
:10158000C2F20005C4F2020005214FF4007385E8A1
:10159000430005F1140080224FF400674FF0200C47
:1015A00080E888102846C5E903622E6200F0A0F9A1
:1015B000002818BFFFF7C0FB6565AC621BB0F0BD2B
:1015C0004FF4803001904FF08040139001A802F05A
:1015D00031FC002818BFFFF7AFFB41F24C00C4F20A
:1015E0000200016841F480410160016801F480411A
:1015F00000910099016841F002010160006816A99C
:1016000000F00200009000984FF400501690032064
:1016100017900020189040F20040C4F6000000F03F
:101620007BFA1BB0F0BD00002DE9F04140F200163E
:101630000368C5F200064FF4C167B34208BF4FF418
:101640000277B3F1A04F08BF4FF40277BF599D68EE
:101650006D0703D490F85850012D03D10220BDE846
:10166000F08100BF06F5A06407F01F070125A34223
:1016700080F8585018BF002F0CD10D4690460446F4
:10168000FFF7C8F980B1002084F858000120BDE8B8
:10169000F08100BF052FF0D0092FEED0002180F897
:1016A00058100120BDE8F0812168E06D40F601731B
:1016B0009843224600F58070B142E06508D040F2C0
:1016C0000050C5F20000814208D106F5407001E0EB
:1016D0004FF0A040884218BF002F03D1D06D20F4F6
:1016E0008010D065D06D40F69117C0044FF0000017
:1016F00044BF106E20F006001066506D40F60D26B7
:10170000C0F60007C0F6000640F6F5140023C0F648
:101710000004C0E90B761C2744630F6082F8583040
:101720004B68144643F010034B60CB682A4643F0E5
:101730000103CB604031434600F066F921684FF663
:10174000C0738A68C7F6FF731A4004328A60BDE826
:10175000F0810000014690F82500022828D180B5CC
:101760000868D1E910CE8A6C036823F00E03036089
:10177000136823F480731360026822F00102026090
:101780000EF01F00012202FA00F0CCF80400D1E9AB
:1017900013205060486D30B1026822F480720260FC
:1017A000D1E9160242600020BDE8804003E000BF9E
:1017B0000420C8630120012281F82520002281F83D
:1017C0002420704790F82510022931D180B5016896
:1017D000D0E910CE826C0B6823F00E030B600B680F
:1017E00023F001030B60116821F4807111600EF089
:1017F0001F02012101FA02F2CCF80420D0E91332D1
:101800005A60426D32B1136823F480731360D0E9DB
:101810001623536080F82510826B002180F8241075
:101820000AB190470021BDE880400846704700BFDC
:101830000421C1630121002280F8251080F82420B2
:1018400008467047B0B5D0E910C30268DCF8001054
:1018500003F01F030424D2F800E09C400C4218BFA0
:101860001EF0040520D102249C400C4218BF1EF03B
:10187000020529D1D940090714D51EF0080108BF77
:10188000B0BD116821F00E011160012101FA03F2CF
:10189000CCF80420C16380F82510416B002280F849
:1018A000242069B9B0BD00BF1168890603D411684E
:1018B00021F004011160CCF80440016B0029F1D043
:1018C000BDE8B040084700BF1168890606D411681A
:1018D00021F00A011160012180F82510CCF80440A4
:1018E000C16A0022002980F82420E9D1DAE700004B
:1018F00000284FF0010100F085802DE9F04740F20B
:10190000000CC4F2020C03684FF6F8320CF5816E3D
:10191000CBF6FD72734538BF02F580624CF6CD44BC
:101920001A44CCF6CC44A2FB042903F0FC02A2F139
:101930000802A2FB04280CF580646FF00305D0E9CF
:1019400002A607693CBF0024C4F2020405EA990517
:10195000C0E91045022480F825401C6847F6F07263
:1019600024EA0202324346693A4387693243C66930
:101970003A43076A32433A4342EA0A021A600CF5D4
:101980000262734538BF0CF50062AB180CF50862B3
:10199000C264C8F3041201FA02F540F68401BAF5F4
:1019A000804FC4F202018364056505D100224260C4
:1019B0001A600D6018E000BF4268D4B2013A032AF1
:1019C0004FF000021C600D600ED8631E01EB830710
:1019D00047F87C2F03F01F0201239340C1F8C03069
:1019E000BC313A4602E000BF00210023C0E91521C6
:1019F00000210122C365C16380F8252080F82410EE
:101A0000BDE8F0470846704790F824C0BCF1010FCC
:101A100047D04FF0010C80F824C090F825C0BCF1ED
:101A2000010F3BD12DE9F0414FF0020C80F825C0A9
:101A30004FF0000CC0F83CC0D0F800C000F14C0ED4
:101A40009EE83040DCF80060BEF1000F26F0010691
:101A5000CCF8006065601CBFD0E916456560D0E930
:101A60001056012706F01F06846807FA06F6D0F81C
:101A700030806E60CCF804300B46102C04BF134647
:101A80000A46CCF80830CCF80C20DCF80010B8F18D
:101A9000000F09D041F00E010EE000BF002180F8D8
:101AA00024100220704700BF21F00401CCF8001080
:101AB000DCF8001041F00A01CCF80010806C0168DD
:101AC000C90303D5016841F480710160BEF1000FC4
:101AD00005D0DEF8000040F48070CEF80000DCF89D
:101AE000000040F00100CCF800000020BDE8F081CB
:101AF000B0B5044600F0F0F8054640F20400C2F22A
:101B000000004068611C18BF044400BF00F0E4F806
:101B1000401BA042FAD3B0BD2DE9F04F83B00E6850
:101B2000002E00F0CF8000F1200241F2004C009224
:101B300000F13847C4F6000C06224FEAB72560458D
:101B400008BF0522052D38BF4FEAB7220025002720
:101B50004FF0000801920AE00E6808F1010836FA19
:101B600008F207F1020705F1040500F0AB8001223D
:101B700002FA08FE16EA0E09EED0D1F804C00322DC
:101B80000CF0030BABF1010602FA07F4012E6FEA29
:101B9000040A11D88468CE6804EA0A04BE403443BB
:101BA0008460446824EA0E06CCF3001404FA08F4B6
:101BB0002643466006E000BFBBF1030F02D14FF0A1
:101BC000030B21E0C6688C6806EA0A06BC4026437F
:101BD000BBF1020FC66017D16FF00302009B02EA4F
:101BE000580605F01C020F2453F806C004FA02FE42
:101BF0000C692CEA0E0C04FA02F242EA0C029A5129
:101C0000D1F804C00CF0030B02680BFA07F302EAE8
:101C10000A021A431CF4403F02609DD041F2600367
:101C2000C4F202031A6840F2004E42F001021A6048
:101C30001A68C4F2010E02F001020292029A28F020
:101C400003024FF6084C7244CFF6FF7C52F80C307A
:101C500005F00C060F24B440A343019C04FA06F6D9
:101C6000334342F80C30DEF808204B6842EA09069C
:101C700040F20C4CDC0258BF22EA0906CEF808609C
:101C8000C4F2010CDCF800209C0242EA090658BFAD
:101C900022EA0906CCF80060DEF804209C0342EA40
:101CA000090658BF22EA0906CEF80460DEF80020D3
:101CB000DB0342EA090658BF22EA0906CEF80060B3
:101CC0004AE700BF03B0BDE8F08F00001823002AE8
:101CD00008BF2823C15070474BF2D060C2F2000009
:101CE0000068704790F8DC20012A4FF0020221D0F2
:101CF000012380F8DC3080F8DD2002684B1CD2F82C
:101D0000CCC309D04CF00203C2F8CC33D2F8CC33A8
:101D100023F00C03194301E02CF00201C2F8CC13AC
:101D2000D2F8CC1341F00101C2F8CC1301210022FA
:101D300080F8DD1010467047002804BF012070476E
:101D400010B582B00446022084F8DD00207AC00776
:101D50004FF00000C4E93800C4E93A00C4E93C008F
:101D6000C4F8F8001FD0206846F60001C4F2010153
:101D700088420CD141F26001C4F202010A6842F0CB
:101D800080620A60096801F080610191019901682F
:101D9000D4E9042321F4704102F44042114403F4D5
:101DA000405211440160204600F03EF8207A80073E
:101DB00006D52068E1680268090A61F30922026019
:101DC000012084F8DD00002084F8DC00C4F8D8008D
:101DD000C4E90600C4E90800A062C4E90C00C4E933
:101DE0000E00C4E91000C4E91300C4E91500C4E9F9
:101DF0001700C4E91A00C4E91C00C4E91E00C4E9C4
:101E00002100C4E92300C4E92500C4E92800C4E98D
:101E10002A00C4E92C00C4E92F00C4E93100C4E958
:101E2000330002B010BD0000006846F60001C4F2A5
:101E30000101884218BF704781B041F26000C4F2CE
:101E40000200016841F080610160006800F080607C
:101E50000090009801B0704780B586B0006846F6E3
:101E60000002C4F2010200219042CDE90411CDE943
:101E70000211019102D006B080BD00BF41F24C00BA
:101E8000C4F20200026842F002020260006800F040
:101E90000200009000984FF4805001900220CDE99C
:101EA0000201032004900D20059040F20040C4F68A
:101EB000000001A9FFF730FE06B080BD70B50D46E9
:101EC0000446FFF709FF2168D1F88823D20314D410
:101ED00055B30646681C1CD1D1F88803C0030CD446
:101EE000D1F88803C0035CBFD1F888035FEAC03033
:101EF00003D4D1F88803C003EED5012084F8DD00B7
:101F0000002084F8DC0070BD2068D0F88803C0038E
:101F1000F3D4FFF7E1FE801BA842F5D9072084F82F
:101F2000DD00032070BD00BFFFF7D6FE072084F858
:101F3000DD00032070BD0000F0B589B090F8DD60D1
:101F4000022E03D10224204609B0F0BD90F8DC60D7
:101F50000224012EF7D001267F2A80F8DC6080F869
:101F6000DD4000F32F80561E3F2E00F23C80DFE85C
:101F700006F021433A213A3A3A433A3A3A3A3A3A5F
:101F80003A213A3A3A3A3A3A3A3A3A3A3A3A3A3ACA
:101F90003A433A3A3A3A3A3A3A3A3A3A3A3A3A3A98
:101FA0003A3A3A3A3A3A3A3A3A3A3A3A3A3A3A3A91
:101FB0003A2100BF06681D6806EBC116C6F89C50A2
:101FC000082620E0B2F5007F08DB15D0B2F5006FDF
:101FD00012D0B2F5806FEDD005E000BF802A0BD0A3
:101FE000B2F5807FE6D000260725029680F8DD5006
:101FF00080F8DC6008E000BF06681D6806EBC116CB
:10200000C6F8A4501026029690F8DD600124072E31
:102010003FF499AFD3E90136002703F0020301939F
:1020200006F0080305930423039301AB0497CDE95D
:102030000677089705460E4604F01CFE286800EB5C
:10204000C610D0F8801041F00061C0F8801085F80B
:10205000DD40002485F8DC70204609B0F0BD0000AA
:1020600090F8DC30012B4FF0020319D080F8DD30FE
:10207000D0F800C0DCF894331A43CCF894234DF226
:102080008042C0F6000252F82110DCF80020002344
:102090001143CCF80010012180F8DD1080F8DC300D
:1020A0001846704790F8DD20022A03D1022210461C
:1020B000704700BF90F8DC20012A4FF0020201D1E6
:1020C0001046704780F8DD200268D2F88433194347
:1020D000C2F884130121002280F8DD1080F8DC2092
:1020E0001046704790F8DD30022B4FF0020331D0DC
:1020F00010B580F8DD300368062911D11968D2E9DE
:1021000000CED2E9024221F01F0124F0180421433D
:1021100011431960C3F814C0C3F818E014E000BFFD
:1021200003EBC111D1F88030D2E900ECD2E90242D0
:1021300023F01F0324F0180423431A43C1F880201E
:10214000C1F894E0C1F898C00121002380F8DD10A7
:10215000BDE810401846704790F8DD30022B04BFF0
:102160000220704790F8DC30012B4FF002033ED084
:102170002DE9F04180F8DD30D0F800C04FF6EF7463
:102180000CEBC11E5EF8EC3FCFF6EC7492E86001F8
:1021900023400134D76804EA0514234326F440346D
:1021A000234327F4003495692343012D43EA0803B0
:1021B00009D1D2E9042423F0060322F002021A43D3
:1021C000224342F001030629CEF8003007D809A2C5
:1021D00052F82110DCF884231143CCF88413012138
:1021E000002380F8DD1080F8DC30BDE8F0411846AF
:1021F000704700BF0200000004000000080000005B
:10220000100000002000000040000000010000005D
:1022100090F84120202A03D190F84020012A01D1D2
:1022200002207047242280F841200268136823F0BE
:1022300001031360136823F4805313601368194378
:102240001160116841F001011160202180F84110F6
:10225000002180F8401000207047000090F84120D5
:10226000202A03D190F84020012A01D10220704792
:10227000242280F841200268136823F001031360D0
:10228000136823F4706343EA01211160116841F07F
:1022900001011160202180F84110002180F84010D8
:1022A00000207047002804BF0120704710B590F847
:1022B000411031B9002180F84010044600F04CFC78
:1022C0002046242180F8411090E81210C3680A6863
:1022D000012B22F001020A6024F070620A618A6810
:1022E00022F400428A6003D14CF400428A6009E083
:1022F0004CF40442022B8A6004D14A6842F4006222
:1023000003E000BF4A6822F400624A604A6800F1B4
:10231000100C42F0007242F400424A60CA6822F493
:102320000042CA609CE81C101A4342EA0422CA60B8
:10233000026A42EA0C020A600A6842F001020A607C
:1023400000212022416480F84120016380F842107E
:10235000002010BD2DE9F04782B0044690F84100FE
:10236000202803D194F84000012803D1022002B0B4
:10237000BDE8F08701200D461746984684F84000D6
:10238000FFF7AAFC216806468A69120425D4222098
:1023900084F84100102084F84200002060646762E5
:1023A000A4F82A806063608D49F6000C40F20008B2
:1023B000CFF6004CB0F5807FC0F2FF1826D351F85D
:1023C000040F2B466FF39F2300EA0C0708F510500B
:1023D000FF2228E088690004D9D520461921324619
:1023E00004F0C4FC002871D1FFF776FC801B216843
:1023F0001A28EFD388690004ECD5606C40F0200007
:102400006064202084F84100012070E0628D28463D
:1024100051F8043F6FF39F20D7B240EA074703EA21
:102420000C0308F592303B43184308602285608D09
:102430000A9F002844D06FF39F254FF0FF090CF549
:10244000806A10E0618D2068218550F8042FC9B2A0
:1024500002EA0A0242EA01414FF0007229431143A5
:102460000160608D60B320463946324604F09EFD1F
:1024700060BB2068616A406A0870606A218D013023
:102480006062481E2085618D01396185618D00295A
:10249000E7D00004E5D12046802100223B4600968B
:1024A00004F012FD90B9608DB0F5807FCAD320682A
:1024B000A4F8289050F8041F424601EA0A01CDE72B
:1024C00020463946324604F0DDFD18B1012002B045
:1024D000BDE8F08720682021C16142684EF6000304
:1024E000CFF600631A404260002084F841100021BA
:1024F00084F8421084F8401002B0BDE8F087000074
:102500002DE9F04782B0044690F84100202803D11D
:1025100094F84000012803D1022002B0BDE8F08702
:1025200001200D469846174684F84000FFF7D4FB7B
:10253000216806468A6912041BD4212084F84100D0
:10254000102084F84200002060646762A4F82A80AA
:102550006063608D49F6000CB0F5807FCFF6004CCB
:1025600022D3FF2222854FF0807324E08869000483
:10257000E3D520461921324604F0F8FB002840F04C
:102580008580FFF7A9FB801B21681A28EED3886994
:102590000004EBD5606C40F020006064202084F8DB
:1025A0004100012083E000BF628D002A228500F0F7
:1025B00087804FF0007317F8010B88626762608DA7
:1025C00001386085501E208528466FF39F20D2B2C7
:1025D00040EA02404A68184302EA0C02104340F401
:1025E00000504860608D0A9F002849D040F2000AE0
:1025F0006FF39F254FF0FF080CF58069C0F2FF1ABA
:1026000011E000BF618D2068218550F8042FC9B208
:1026100002EA090242EA01414FF0007229431143E4
:102620000160608D60B320463946324604F068FD93
:1026300060BB606A216810F8012B8A626062608D5D
:1026400001386085208D01382085618D0029E8D012
:102650000004E6D12046802100223B46009604F08B
:1026600033FC98B9608DB0F5807FCBD32068A4F897
:10267000288050F8041F524601EA0901CEE700BF46
:1026800020463946324604F0FDFC18B1012002B064
:10269000BDE8F08720682021C16142684EF6000342
:1026A000CFF600631A404260002084F841100021F8
:1026B00084F8421084F8401002B0BDE8F08700BFF3
:1026C000486808222B4600EA0C0062F39F23184357
:1026D00040F0007085E700002DE9F04F83B004461C
:1026E00090F84100202807D10C9F4FB10D9E3EB1BC
:1026F00094F8400001280BD1022003B0BDE8F08F10
:102700004FF400706064012003B0BDE8F08F00BF9B
:1027100001209A469346884684F84000FFF7DCFA89
:10272000216805468A6912044BD4222084F84100AE
:1027300040204FF0000984F84200C4F844906762DA
:102740006685C4F8349049F600034A68CFF6004322
:102750006FF39F285FFA8AF048EA00401A40DDF8DC
:1027600038C0104400F50050CDF80880486020467D
:1027700061462A461E46674604F0C2FCC0B920687E
:10278000BAF1010F09D04FEA1B2181622046394678
:102790002A4604F0B5FC58B920685FFA8BF18162D3
:1027A0002046402100223B46009504F08DFB48B3B3
:1027B00084F84090012003B0BDE8F08F88690004E0
:1027C000B3D5204619212A4604F0D0FA00289AD120
:1027D000FFF782FA401B21681A28EFD388690004AA
:1027E000ECD5606C40F020006064202084F841004B
:1027F000002084F8420084F84000012003B0BDE8C6
:10280000F08F00BF608D40F20009B0F5807FC0F20C
:10281000FF1909D3206809F5105350F8041F4FF031
:10282000FF0C01EA06020BE0B4F82AC020685FFA48
:102830008CF350F8042F324042EA034209F59233F8
:1028400002991A430A434FF0FF0B06F580680260B5
:10285000A4F828C012E000BF618D2068218550F8DF
:10286000042FC9B202EA080242EA01414FF00072A5
:10287000029B114319430160608D98B320460421E7
:1028800000223B46009504F01FFB00287FF43BAF7D
:102890002068616A406A0870606A218D0130606258
:1028A000481E2085618D01396185618D0029E3D045
:1028B0000004E1D12046802100223B46009504F02F
:1028C00003FB00287FF41FAF608DB0F5807FC3D37A
:1028D0002068A4F828B050F8041F4A4601EA08010D
:1028E000C6E700BF204639462A4604F0CBFB002845
:1028F0007FF409AF20682021C16142684EF60003D1
:10290000CFF600631A404260002084F8411084F83A
:10291000420084F8400003B0BDE8F08F2DE9F04F8D
:1029200081B0044690F84100202807D10A9F4FB19A
:102930000B9E3EB194F8400001280BD1022001B05B
:10294000BDE8F08F4FF400706064012001B0BDE875
:10295000F08F00BF01209A4691468B4684F84000D4
:10296000FFF7BAF9216805468A6912044DD421207F
:102970000C9A84F8410040204FF0000849F60043CB
:1029800084F84200C4F8448067626685C4F83480E5
:10299000CFF600436FF39F2B5FFA8AF017464A6821
:1029A0005E464BEA00409B46A3F580631A40104404
:1029B00040F0807040F400504860204639462A4676
:1029C00004F09EFBC0B92068BAF1010F09D04FEAAC
:1029D00019218162204639462A4604F091FB58B9F4
:1029E00020685FFA89F181622046802100223B46FF
:1029F000009504F069FA48B384F84080012001B0E2
:102A0000BDE8F08F88690004B1D5204619212A4617
:102A100004F0ACF9002898D1FFF75EF9401B21685B
:102A20001A28EFD388690004ECD5606C40F02000D0
:102A30006064202084F84100002084F8420084F87B
:102A40004000012001B0BDE8F08F00BF608D40F272
:102A50000009B0F5807FC0F2FF1909D320684FF05C
:102A6000FF0C50F8041F4B4601EA0B020DE000BFBB
:102A7000B4F82AC020685FFA8CF350F8042F02EAF9
:102A80000B0242EA03424FF000731A4332434FF005
:102A9000FF0831460260A4F828C011E0618D20686B
:102AA000218550F8042FC9B202EA0B0242EA014123
:102AB0004FF000721143314333460160608D78B3AB
:102AC000204639462A4604F01BFB00287FF43DAF20
:102AD000606A216810F8012B8A626062608D01389B
:102AE0006085208D01382085618D0029E6D00004A5
:102AF000E4D12046802100223B46009504F0E4F911
:102B000000287FF422AF608DB0F5807FC6D32068A7
:102B1000A4F8288050F8041F4A4601EA0B01C9E7CF
:102B2000204639462A4604F0ADFA00287FF40DAF5E
:102B300020682021C16142684EF60003CFF6006391
:102B40001A404260002084F8411084F8420084F862
:102B5000400001B0BDE8F08F2DE9F0439BB0044682
:102B600000201A90CDE91800CDE9160001A8043024
:102B70005021FDF797FB206847F60001C4F20001E1
:102B8000884203D01BB0BDE8F08300BF4FF48078CB
:102B900001A8CDF8048001F04DF9002818BFFEF718
:102BA000CBF841F24C06C4F20206306816AD40F094
:102BB0000400306030684FF0120900F0040000900B
:102BC00000983068002740F00100306030682946E6
:102BD00000F00100009000984FF40070169008205B
:102BE0001A9040F60000C4F60000CDF85C90CDE9E4
:102BF0001877FEF791FF02201A904FF09040294677
:102C0000CDE91689CDE91877FEF786FF41F2580025
:102C1000C4F2020001684AF6F84541F080410160C3
:102C20000068C2F2000500F0804000900098A6F510
:102C30007E60152110224FF0800885E88701284624
:102C4000C5E90577C5E90777FEF752FE002818BFEA
:102C5000FEF772F8A563AC624AF69845A6F6CC700A
:102C6000C2F20005142185E883002846C5E90378EF
:102C7000C5E90577C5E90777FEF73AFE002818BFD2
:102C8000FEF75AF8E563AC621BB0BDE8F0830000C4
:102C900040F204004BF2D061C2F20000C2F2000127
:102CA00040680A68104408607047000080B503203F
:102CB00000F08CF80F2000F009F800281CBF01205C
:102CC00080BD00F02BF8002080BD0000B0B540F2C0
:102CD0000405C2F200056968F1B1044640F2C02063
:102CE000C2F200004FF47A720068B2FBF1F1B0FB5F
:102CF000F1F002F0C1F801460F2C4FF001000AD8A4
:102D0000002918BFB0BD4FF0FF302146002200F06F
:102D100031F800202C60B0BD0120B0BD82B041F27E
:102D20005800C4F20200816841F0010181608168AD
:102D300001F0010101910199016841F080510160A8
:102D4000006800F080500090009802B001F068B870
:102D5000002848BF704700F01F01012202FA01F16C
:102D60001C2202EAD0004EF20012CEF20002815084
:102D70007047000010B54EF60C5CCEF2000CDCF88B
:102D80000030C3F3022E8EF00704042C28BF042465
:102D9000BEF103034FF0FF3E0EFA04F438BF0023E8
:102DA000A14399400EFA03F39A43114300F00F0236
:102DB00000F160430901043A03F5644362440028CA
:102DC00048BF02F10C03197010BD00004EF60C5103
:102DD000CEF200010A684FF6FF031A4060F30A22A0
:102DE00042F0806040F0FD70086070470122016889
:102DF000C0F8D022002280F8C822B1F8540040F078
:102E00000100A1F85400B1F8540040F00202002083
:102E1000A1F854207047000010B50129044613D0D2
:102E200011BB607A48B105F0E9FC4EF61050CEF2C5
:102E30000000016821F006010160D4F8D802BDE865
:102E4000104007F061BC00BFD4F8D80207F0E4FCE2
:102E5000607A002808BF10BD4EF61050CEF2000078
:102E6000016841F00601016010BD000080B501F06D
:102E7000070C0CEB8C0C00EBCC0C0CF1100C01EBE8
:102E8000810E090600EBCE0058BF00F5A87C5AB1B0
:102E9000ACF808301B0C01210A202CF8003000206F
:102EA0008CF80C1080BD00BF002106202CF80030EB
:102EB00000208CF80C1080BD01EB8102D0F8D832D4
:102EC00000EBC200426A184607F0DEBA01EB81024D
:102ED000D0F8D83200EBC200D0F86421184607F0D1
:102EE00027BB000010B501F0070E0A464FFA81FC1F
:102EF0000EEB8E0100EBC10303F5A871BCF1000FCE
:102F000048BF03F1100190F89032D209012B4A70AA
:102F100081F800E004BF022010BD0268012380F8A0
:102F200090320446104608F0E9F8002084F8900238
:102F300010BD0000027901F00F03934284BF01200D
:102F4000704710B501F0070303EB830200EBC202E8
:102F50004FFA81FC8E4602F5A871BCF1000F48BF04
:102F600002F110014FEADE124A7090F890224FF001
:102F7000000C012A81F802C00B7004BF022010BDB2
:102F80000268012380F890320446104608F04AF99E
:102F9000002084F8900210BD01F0070101EB8101CF
:102FA00000EBC100D0F86C0170470000B0B501F033
:102FB00007048C464FFA81FE04EB840100EBC10547
:102FC00005F5A871BEF1000F48BF05F110014FEAE9
:102FD000DC156FF3DF224D700C700A61022BCB7091
:102FE00004BF00220A7190F89022012A04BF022037
:102FF000B0BD0268012380F890320446104607F005
:10300000EBFE002084F89002B0BD000010B501F086
:10301000070C0CEB8C0100EBC10E00680EF5A871DB
:103020000024CEF86421CEF86831CEF86C418EF8D9
:1030300051418EF850C108F04BF9002010BD00003E
:10304000027901F0070C94454FF001022AD810B51F
:1030500001EB810300EBC3034FFA81FE03F5A87374
:103060000CEB8C04C90900EBC404BEF1000F48BF8F
:1030700004F11003597090F890129A70012983F8A6
:1030800000C001D102220BE00168012280F89022E9
:1030900004460846194608F001F9002284F89022F7
:1030A000BDE810401046704780B501F0070C0CEBEE
:1030B0008C0100EBC10101F810CF00684FF0010C4A
:1030C00001F1140781F824C04FF0000E87E80C408E
:1030D0000B6281F801C008F0FBF8002080BD000001
:1030E0002DE9F04F83B00446006808F041FC01046C
:1030F00022D4410500F1AA83410400F1B98381047F
:1031000000F1CE83C10400F1D583010500F1F883FD
:10311000010600F10F84810500F11C84C00540F117
:10312000A3832068B0F8441021F48071A0F8441003
:1031300003B0BDE8F08F00BF2068B0F94410B1F1D2
:10314000FF3F00F3918304F5A871019104F1100190
:1031500048F2C005029104F5267140F60F780091FF
:1031600023E000BFB0F8501094F85021014401EB67
:10317000C201B1F80634B4F8562100996FF39F23C9
:10318000C4F86C3108F0F8FB2068018801EA0801F6
:1031900080310180204600F089FD00BF2068B0F931
:1031A0004410B1F1FF3F00F35F83B0F8442012F008
:1031B0000F090DD030F929104FEA490BB1F1FF3F4B
:1031C0001FFA81FA2EDD5FEA0A60E7D530E100BF21
:1031D0000188D2065ED401EA080101F500410180B0
:1031E000B0F85010227C084400EBC200B0F8020492
:1031F000616A6FF39F20E06208446062204600210C
:10320000FFF75AFE207B0028C8D0A06A0028C5D14D
:10321000207B216840F08000C0B2A1F84C00002063
:103220002073BBE730F81B1001EA0801803120F859
:103230001B10019A09EB890102EBC106317B0029C1
:103240006CD0F178022979D1B0F850303178B26978
:1032500003445FEA4A4703EBC10300F18780B3F8F8
:10326000067400236FF39F27D21B38BF1A46B26142
:1032700040F292805FEA4A6200F19C8030F821209F
:1032800002EA08022A4320F82120002F40F0938010
:10329000B0E000BF0A053FF565AF09B2B1F1FF3FED
:1032A0003FF77CAF018801EA080180310180B0F866
:1032B000501094F85021014401EBC201B1F80634DA
:1032C0006FF39F23C4F86C3193B1D4F8641179B1D2
:1032D000B4F8562108F050FBD4F86401D4F86C110E
:1032E0000844C4F8640120460021FFF7EFFD206880
:1032F00001880A053FF552AF01F44051B1F5405F36
:103300003FF44CAF018843F60F7211404CF280023B
:10331000A2F580525140018040E700BFB0F8501044
:103320003278014401EBC201B1F806746FF39F27B4
:10333000002F5FD07169F28857E000BF317830F814
:10334000212002EA08022A4320F8212030F8212017
:10335000B0F8503000EBC1015204194416D4B1F852
:1033600006746FF39F2737BB44E000BFB3F80274C5
:1033700000236FF39F27D21B38BF1A46B2611DD9B5
:103380005FEA4A6227D477BB34E000BFB1F8027429
:103390006FF39F273FBB2DE030F8212043F60F73DA
:1033A0001A4005F5FE535A4020F821205FEA4A6290
:1033B0007FF564AFF7B17169728916E030F82120AA
:1033C00043F60F731A4005F5FE535A4020F82120AA
:1033D0005FEA4A62D7D530F8212002EA08022A4380
:1033E00020F8212037B1716932893B4608F0C4FAD0
:1033F00001E000BF0027F169D6E9050239443844ED
:10340000F161706112B13069B84209D93178204652
:10341000FFF75CFD5FEA0A607FF5C0AE08E000BF21
:103420002068314607F054FF5FEA0A607FF5B6AEC8
:10343000206809EB890130F81B20029B03EBC106D1
:1034400002EA080101F5004120F81B10F378012B76
:1034500022D1317B00294FF00001B16100F02581BC
:103460005FEA4A617AD47178012900F00B81002962
:1034700040F01B81B0F850103278084400EBC200D5
:10348000B0F806146FF39F21A0F80614B0F80614E4
:1034900041F40041FDE000BF5FEACA511CD4B0F81E
:1034A00050203178024402EBC102B2F80224B36921
:1034B0006FF39F229B1A4FF0000738BF3B46B36162
:1034C00040F2F4807169F369114471619918F161F6
:1034D000314607F0FDFE61E6B0F850503178B26930
:1034E0005FEA4A6700EBC10E50D40EF2064C3CF87E
:1034F000055000276FF39F25521B38BF3A46B26133
:1035000074D95FEA4A4208D430F821204CF2800393
:1035100002EA08021A4320F8212096F82410012913
:1035200040F08581D6E90431D6E9077229442F4459
:103530009A427161F76180F00781002A00F04281B0
:103540000023336286F8243013467278012A40F053
:103550000181B0F850202CF8023052E17178012935
:1035600000F09A80002940F0A080B0F85010327826
:10357000084400EBC200B0F802146FF39F21A0F8DA
:103580000214B0F8021441F400418CE00EF2024C37
:103590003CF8055000276FF39F25521B38BF3A4671
:1035A000B26147D95FEA4A4208D530F821204CF28F
:1035B000800302EA08021A4320F8212096F824101A
:1035C000012940F03481D6E90431D6E9072729449E
:1035D0002A449F427161F26180F0D2800022002F64
:1035E00086F8242040F0CE802F46CCE07278012A65
:1035F00060D0002A48F2C00567D1B0F8502072446C
:10360000B2F802746FF39F27A2F80274B2F8027442
:1036100047F40047A2F80274B0F850203CF802705A
:103620006FF39F272CF802703CF8027047F40047B4
:1036300049E000BF7278012A5CD0002A48F2C00538
:1036400064D1B0F850203CF802506FF39F252CF85D
:1036500002503CF8025045F400452CF80250B0F8F6
:10366000502048F2C0057244B2F806746FF39F27E9
:10367000A2F80674B2F8067447F40047A2F806747C
:1036800044E000BFB0F850103278084400EBC200AC
:103690000021A0F8061408E0B0F850103278084471
:1036A00000EBC2000021A0F8021431782046FFF799
:1036B00003FC73E5B0F8502048F2C0057244A2F84C
:1036C0000274B0F850202CF80270022B09D130F8A7
:1036D000212040F63F731A40A5F120035A4020F8FC
:1036E00021202046FFF7E8FB5FEA4A403FF556AD50
:1036F0001FE000BFB0F8502000252CF80250B0F8B1
:1037000050207244A2F8065448F2C005022B09D199
:1037100030F8212040F63F731A40A5F120035A40AB
:1037200020F821202046FFF7C7FB5FEA4A407FF5DB
:1037300035AD206831784CF2800330F8212002EA60
:1037400008021A437FE000BFD21A32627278012A5F
:103750003FF4FFAE002A54D1B0F850703CF8072077
:103760006FF39F222CF80720A3B33E2B3AD803F027
:1037700001023CF8075002EB530245EA82223EE088
:10378000FA1A1F4632627278012A15D0002A4AD1ED
:10379000B0F850203CF802306FF39F232CF8023031
:1037A000E7B13E2F30D807F001033CF8025003EB9D
:1037B000570345EA832334E0B0F850202CF8027018
:1037C00031E000BF002286F824202B467278012ABF
:1037D000C0D1BEE63CF807200FE000BF3CF8023045
:1037E0001DE000BF5A09DD063CF807E04FF0FF3549
:1037F00008BF05EB53124EEA822242F400422CF835
:10380000072072899BB210E07B09FD063CF802E0BC
:103810004FF0FF3508BF05EB57134EEA832343F4FF
:1038200000432CF802303289BBB208F0FBF8206864
:10383000317840F63F7330F8212048F2C0051A4035
:10384000A5F110035A4020F82120A7E42068B0F821
:10385000441021F48061A0F84410204600F0E8F9FB
:1038600094F8900201280DD103B0BDE8F08F00BF9D
:103870002068B0F8441021F48041A0F8441003B04F
:10388000BDE8F08F0120002584F8900225732068A0
:10389000002108F0BFF884F8905203B0BDE8F08F23
:1038A0002068B0F8441021F40051A0F8441003B08F
:1038B000BDE8F08F2068B0F8401021F00401A0F8B6
:1038C0004010B0F8401021F00801A0F8401094F822
:1038D000C802012806D1002084F8C8022046002131
:1038E000FFF79AFA204600F0B5F92068B0F84410C6
:1038F00021F48051A0F8441003B0BDE8F08F00BF60
:103900002168B1F8400040F00800A1F84000B1F88B
:10391000440020F40060A1F84400B1F8400040F0F9
:1039200004022046A1F8402003B0BDE8F04F00F0AB
:10393000DBB900BF2068B0F8441021F08001A0F886
:10394000441094F8C81299B1204603B0BDE8F04F76
:1039500000F0CAB92168B1F8440020F40072204692
:10396000A1F8442003B0BDE8F04F00F087B900BFD4
:10397000B0F8401041F00401A0F84010B0F8401039
:1039800041F00801A0F84010012184F8C812B0F8F5
:1039900054003C2101EA900220460121C4F8CC22C7
:1039A00003B0BDE8F04FFFF737BA0000002804BFAE
:1039B00001207047F0B581B0044690F8910228B913
:1039C000002084F89002204600F0FEF8032084F8DE
:1039D0009102206807F01CFC94F804E0BEF1000F8F
:1039E00000F0E0800EF0030CBEF1040F4FF0000277
:1039F00038D30EF0FC03A4F1A0000321012500BF81
:103A0000CE1E80F8B0608E1E80F8D8604E1E80F802
:103A1000006180F828110E1D013180F8B15080F846
:103A2000B320C0E93022C0F8C82080F8D95080F80F
:103A3000DB20C0E93A22C0F8F02080F8015180F87C
:103A40000321C0E94422C0F8182180F8295180F8E8
:103A50002B21C0E94E22C0F84021A03099423146C6
:103A6000CED1F21EBCF1000F2ED004F1100002EBFB
:103A7000820100EBC105012300F831200021BCF1D7
:103A8000010F6B70E970C5E90411A9611CD0551CC8
:103A900005EB850600EBC607BCF1020F7B7000F852
:103AA0003650F970C7E90411B9610DD0911C01EBD2
:103AB000810200EBC203012500F8321000205D7086
:103AC000D870C3E904009861BEF1000F6AD0BEF15E
:103AD000040F4FF0000235D30EF0FC000321234603
:103AE000CF1E83F850718F1E83F878714F1E83F8B4
:103AF000C8110D1D013183F8512183F85321C3E909
:103B00005822C3F8682183F8792183F87B21C3E91F
:103B10006222C3F8902183F8A12183F8A07183F871
:103B2000A321C3E96C22C3F8B82183F8C92183F823
:103B3000CB21C3E97622C3F8E021A0338142294694
:103B4000CED1EA1EBCF1000F2CD004F5A87002EB18
:103B5000820300EBC3070021BCF1010F797000F86C
:103B60003320F970C7E90411B9611BD0531C03EB72
:103B7000830700EBC706BCF1020F717000F8373005
:103B8000F170C6E90411B1610CD0911C01EB810206
:103B900000EBC20300275F7000F83210DF70C3E94A
:103BA00004779F6194E8070007F024FB00200121BF
:103BB000207384F89112A17A012903D12046FFF7DE
:103BC00015F9002001B0F0BD10B596B0044601A86B
:103BD00004305021FCF766FB206845F60041C4F232
:103BE0000001884202D016B010BD00BF4FF4005053
:103BF000019001A800F01EF9002818BFFDF79CF8FD
:103C000041F25800C4F202000168002241F40001B0
:103C100001600068002100F400000090009814206A
:103C2000FFF7A8F81420FFF793F816B010BD0000B6
:103C300010B504464079022818BFFDF77DF8D4F886
:103C4000D802012106F07CFDD4F8D802BDE810406E
:103C500006F026BD10B50446407A48B14EF6105025
:103C6000CEF20000016821F00601016004F0C6FDFB
:103C7000D4F8D802BDE8104006F046BDD0F8D8020E
:103C800006F04CBD90F89022012A04BF0220704734
:103C900010B5012280F89022017302680446104694
:103CA00007F0B8FE002084F8900210BDD0F8D822AA
:103CB00000F52671104606F059BD000090F89012EC
:103CC000012904BF0220704710B50168012280F865
:103CD00090220446084607F03BFE206807F080FA71
:103CE000002084F8900210BD10B50446D0F8D80228
:103CF00006F092FD607A002808BF10BD4EF6105005
:103D0000CEF20000016841F00601016010BD000024
:103D100047F21401C4F2000151F8142CB0F5007FF1
:103D20003CD0002874D1C86E02F4C06220F48070C8
:103D3000B2F5806FC8662FD151F8140C012262F3DE
:103D40004A2041F8140C40F2C020C2F20000006882
:103D5000322250434DF68362C4F21B32A0FB0202B2
:103D6000900C00BF0A68520511D5421C0FD00A689A
:103D700052050CD558B10A68520508D5012806D05D
:103D80000A68520503D50228A0F10400EAD10868A8
:103D9000400544BF0320704700207047C86E02F4FE
:103DA000C06240F48070B2F5806FC866F4D151F8FB
:103DB000140C012262F34A2041F8140C40F2C02096
:103DC000C2F200000068322250434DF68362C4F212
:103DD0001B32A0FB0202900C0A68520511D5421C4E
:103DE0000FD00A6852050CD558B10A68520508D59B
:103DF000012806D00A68520503D50228A0F1040064
:103E0000EAD10868400544BF03207047C4E700BFFB
:103E1000022060F34A2241F8142C00207047000071
:103E200047F20800C4F20000016841F480410160DB
:103E3000704700002DE9F04182B00446807841F2DD
:103E400088060007C4F2020602D400202FE000BF5B
:103E500056F8300C5FEAC0080BD456F8300C40F02E
:103E6000805046F8300C56F8300C00F0805001902D
:103E7000019847F20007C4F20007386840F48070E8
:103E80003860FDF729FF05463868C00500F10C8150
:103E9000FDF722FF401B0228F6D90320B8F1000FDE
:103EA00005D456F8301C21F0805146F8301C2168AA
:103EB000CA0717D18A071DD44A0723D40A0729D471
:103EC000CA062FD48A0635D44A063BD40A0641D402
:103ED000CA0547D48A034DD48A0553D44A0559D418
:103EE00067E000BF3268636822F003021A43326061
:103EF0008A07E1D53268A36822F00C021A433260C7
:103F00004A07DBD53268E36822F030021A43326098
:103F10000A07D5D53268236922F0C0021A433260FD
:103F2000CA06CFD53268636922F440721A43326000
:103F30008A06C9D53268A36922F440621A43326006
:103F40004A06C3D53268E36922F440521A4332600C
:103F50000A06BDD53268236A22F440421A43326011
:103F6000CA05B7D53268636A22F440321A43326018
:103F70008A03B1D57269A36A22F003021A437261FF
:103F80008A05ABD53268E36A22F440221A433260D4
:103F90004A050ED53268236B22F440121A43B3F55A
:103FA000801F326005D156F87C2C42F4801246F80E
:103FB0007C2C0A050ED53268636B22F440021A434A
:103FC000B3F5800F326005D156F87C2C42F4801294
:103FD00046F87C2CCA040ED53268A36B22F04072DE
:103FE0001A43B3F1807F326005D156F87C2C42F43D
:103FF000801246F87C2C8A040ED53268E36B22F0DE
:1040000040621A43B3F1006F326005D156F87C2C40
:1040100042F4801246F87C2C4A040ED53268236C98
:1040200022F040621A43B3F1006F326005D156F8B6
:104030007C2C42F4801246F87C2C0A040ED532689F
:10404000636C22F040521A43B3F1805F326005D1B5
:1040500056F87C2C42F4803246F87C2CCA030ED5EC
:104060003268A36C22F040421A43B3F1804F3260B1
:1040700005D156F87C2C42F4803246F87C2C49035A
:104080000ED57169E26C21F440111143B2F5001FA5
:10409000716105D156F87C1C41F4801146F87C1CF6
:1040A00002B0BDE8F08100BFB06810F4407010D0DD
:1040B000216D88420BD0B068B16820F4407041F4A3
:1040C0008031B160B16821F48031B160B060C00767
:1040D0000CD1B068216D20F440700843B06000201E
:1040E000B8F1000F3FF5E3AEDBE600BFFDF7F4FDEE
:1040F000054641F2883700BFB0688007E9D4FDF774
:10410000EBFD401BB842F7D9C7E600002DE9F047A8
:1041100000285BD042F2000AC4F2020A0446DAF830
:1041200000000D4600F00F0088420CD2DAF80000C3
:1041300020F00F002843CAF80000DAF8000000F071
:104140000F00A84242D1216841F20808C807C4F212
:10415000020803D1880740F1C080A5E0606858F8E4
:10416000082C022830D0032834D192012ED5D8F85B
:104170000420D8F8042042F20043C2F30312D8F816
:1041800004700132C0F2F403B3FBF2F2C7F306236A
:10419000D8F804705A43C7F34163022707EB43037F
:1041A000B2FBF3F24BF20043C0F2C4439A4251D93E
:1041B000D8F8002012F0F00F41D089074AD5A16845
:1041C000002947D13BE000BF910305D40120BDE8A1
:1041D000F08700BF5105F9D5D8F8001001F00C01A7
:1041E000042937D0D8F8001001F00C01082931D08B
:1041F000D8F8001001F00C010C292BD1D8F80410CC
:10420000D8F8041042F20042C1F30311D8F8043088
:104210000131C0F2F402B2FBF1F1C3F30622D8F887
:1042200004305143C3F34162022303EB4202B1FB6A
:10423000F2F14BF20042C0F2C44291420AD9D8F8DE
:104240000010082262F307114FF00109C8F80010AE
:1042500002E000BF4FF00009D8F8001021F0030180
:104260000843C8F80000FDF737FD064641F28837DD
:10427000D8F80000616800F00C00B0EB810F07D0A7
:10428000FDF72AFD801BB842F2D90320BDE8F08774
:104290002168880708D4B9F1000F1ED0D8F80000B3
:1042A00020F0F00017E000BF480705D5D8F800005F
:1042B00040F4E060C8F80000080706D5D8F8000010
:1042C000072262F30D20C8F80000D8F80000A268A9
:1042D00020F0F0001043C8F80000DAF8000000F009
:1042E0000F00A8421BD9DAF8000020F00F00284385
:1042F000CAF80000FDF7F0FC064641F2883700BF1F
:10430000DAF8000000F00F00A84207D0FDF7E4FC47
:10431000801BB842F4D90320BDE8F0872168480724
:1043200007D5D8F80000E26820F4E0601043C8F830
:104330000000080708D5D8F80000216920F4605073
:1043400040EAC100C8F80000D8F8000000F00C00F6
:10435000042842F20040C0F2F40024D0D8F8001043
:1043600001F00C0108291ED0D8F8001001F00C0152
:104370000C2917D1D8F80410D8F80410D8F8042064
:10438000C1F303110131B0FBF1F0C2F30621D8F8FB
:1043900004204843C2F34161022202EB4101B0FB19
:1043A000F1F000E00020D8F800104DF2E812C1F35F
:1043B0000311C0F60002515C40F2C02201F01F015F
:1043C00020FA01F140F20400C2F200000068C2F2DB
:1043D00000021160BDE8F047FEF778BC40F2C02053
:1043E00041F20801C2F20000C4F20201006809684B
:1043F0004DF2F812C1F30221C0F60002515C01F047
:104400001F01C8407047000040F2C02041F208017F
:10441000C2F20000C4F20201006809684DF2F8120D
:10442000C1F3C221C0F60002515C01F01F01C84077
:104430007047000041F20C01C4F2020151F8040C73
:1044400000F00C00042842F20040C0F2F40008BF63
:10445000704751F8042C02F00C02082A1AD051F8C7
:10446000042C02F00C020C2A1CBF002070470A68C2
:104470000A680B68C2F303120132B0FBF2F009685C
:10448000C3F306225043C1F34161022202EB410112
:10449000B0FBF1F070470000002804BF0120704716
:1044A0002DE9F04182B00446007841F20006C007D1
:1044B000C4F202061ED1207880073DD42078000780
:1044C00064D42078400700F187802078800600F1CE
:1044D000D980E569002D00F04282B06800F00C0040
:1044E0000C2840F03181012D40F08E81012002B076
:1044F000BDE8F081B06800F00C01F068082961D0D7
:10450000032281F00C0122EA00000844B0FA80F096
:10451000400957D161683068B1F5803F07D0B1F5E7
:10452000A02F40F0E38040F480203060306840F4F9
:1045300080303060E4E000BFB068F16800F00C004B
:10454000042871D001F0030180F00C0081F0020119
:104550000844B0FA80F0400966D1E168306800296B
:1045600000F0E08040F480703060FDF7B5FB054658
:104570003068400500F10A81FDF7AEFB401B0228C0
:10458000F6D9032002B0BDE8F08100BF6169D6F81A
:104590009400002900F0948040F00100C6F89400D7
:1045A000FDF79AFB054600BFD6F8940080073FF55B
:1045B00088AFFDF791FB401B0228F5D9032002B01C
:1045C000BDE8F081306880037FF575AF6068002832
:1045D0007FF471AF3EE000BFB06D5FEAC00808D461
:1045E000B06D40F08050B065B06D00F0805001902B
:1045F000019847F20007C4F200073868C0052DD4BF
:10460000386840F480703860FDF766FB054600BFEF
:104610003868C00522D4FDF75FFB401B0228F7D99C
:10462000032002B0BDE8F0813068400501D5E068A4
:1046300080B17068216920F0FE4040EA016070603E
:1046400040F20400C2F200000068FEF73FFB0028C1
:104650003FF434AF012002B0BDE8F081A168D6F884
:104660009000012908D0052940F0AE8040F00400F8
:10467000C6F89000D6F8900040F00100C6F890000F
:10468000AEE000BFA169D6F89800002900F086804E
:1046900040F00100C6F89800FDF71EFB054600BF7C
:1046A000D6F8980080073FF514AFFDF715FB401BC7
:1046B00002284FF00300F3D902B0BDE8F08100BF3B
:1046C00020F00100C6F89400FDF706FB054600BF88
:1046D000D6F8940080077FF5F4AEFDF7FDFA401B95
:1046E0000228F5D9032002B0BDE8F08120F4803023
:1046F00030603068002920F48020306000F0BE80F7
:10470000FDF7EAFA054600BF306880033FF5D3AEF7
:10471000FDF7E2FA401B6428F6D9032002B0BDE899
:10472000F08100BF20F480703060FDF7D5FA0546B7
:10473000306840057FF5C2AEFDF7CEFA401B022877
:104740004FF00300F4D9B7E7306820F08070306094
:10475000FDF7C2FA022D05460CD100BF306880017A
:1047600040F1B880FDF7B8FA401B02284FF0030073
:10477000F4D9A1E73068800140F1EA80FDF7ACFA96
:10478000401B02284FF00300F4D995E770682169B7
:1047900020F0FE4040EA016070608FE620F00100EA
:1047A000C6F89800FDF798FA054600BFD6F89800BD
:1047B00080077FF58EAEFDF78FFA401B02284FF081
:1047C0000300F3D978E700BF20F00100C6F890009D
:1047D000D6F89000002920F00400C6F890005DD0C3
:1047E000FDF77AFA054641F2883700BFD6F8900007
:1047F000800765D4FDF770FA401BB842F6D9032054
:1048000002B0BDE8F08100BFF068216A00F0030249
:104810008A427FF41FAF626A6FF00F0300F0F0016D
:1048200003EB021291427FF415AFA16A00F4FE423D
:10483000B2EB012F7FF40EAFE16A00F07842B2EBE9
:10484000C16F7FF407AF226B0023CFF6E07303EA5A
:10485000025200F4C001A2F5001291427FF4FAAEB8
:10486000616B4FF07E4202EA016100F0C06001F12D
:104870007E4188427FF4EEAE71E000BFFDF72CFA76
:10488000054600BF306880037FF515AEFDF724FABA
:10489000401B64284FF00300F4D90DE7FDF71CFA24
:1048A000054641F2883700BFD6F89000800707D54B
:1048B000FDF712FA401BB8424FF00300F4D9FBE6B3
:1048C000B8F1000F3FF501AEB06D20F08050B0653B
:1048D000FBE500BFF06848F20C01C0F29F1104F143
:1048E000200700EA010C8ECF6FF00F00D4E90C54C2
:1048F00000EB02100022CFF6E07241EA0C0102EA5E
:1049000005520843A2F500124FF07E4540EA03200D
:1049100005EA0465104305F17E4540EAC760284377
:10492000F060306840F080703060F06840F0807077
:10493000F060FDF7D1F90446306880010FD4FDF72F
:10494000CBF9001B02284FF00300F5D9B4E600BFF5
:10495000F0684FF6FC71CFF6EE610840F060002081
:1049600002B0BDE8F081000070470000002804BFDD
:1049700001207047416A19B100210161142104E04E
:104980004168B1F5827F02D01C2100224250B0B5AF
:104990000025856290F85D1029B980F85C500446C6
:1049A00000F056F82046022180F85D100168D0F82A
:1049B0000CE00B68BEF5E06F23F040030B6098BF7E
:1049C00001254EF40063B3F5706F4FEA053C1CBF40
:1049D00000258562D0E90154D0E9043205F48275DE
:1049E00004F404442C4403F002032344846902F0D9
:1049F0000102C5691A4404F400731A4405F038032F
:104A0000056A1A4405F08003856A1A4405F40053C8
:104A10001A430A600422436A0EF4706502EA1442E3
:104A2000446B45EA0C0503F010032A4304F0080424
:104A30001A4322434A60CA6922F40062CA61002113
:104A40000122016680F85D20BDE8B040084670474D
:104A500070B586B00446006843F60041C4F2000118
:104A600000268842CDE90466CDE90266019601D0B0
:104A700006B070BD41F24C00C4F20200C16841F4BE
:104A80000041C160C16801F40041009100990168D2
:104A900041F004010160006801A900F004000090E9
:104AA00000984FF4A05001900220CDE902060620A4
:104AB000059040F60000C4F600000496FDF72CF8BF
:104AC0004AF618659420C2F20005C4F202000F21D4
:104AD0001022802385E847002846C5E90436C5E949
:104AE00006662E62FCF704FF002818BFFCF724F9C5
:104AF0006565AC6206B070BD2DE9F04182B01D461F
:104B000016460F460446FDF7E7F894F85D100129B4
:104B10000ED18046002F4FF0010018BF002E03D1A8
:104B200002B0BDE8F08100BF94F85C00012803D119
:104B3000022002B0BDE8F081012084F85C0003206F
:104B4000002184F85D002166A763A687E6872164BB
:104B5000A4F84410A4F84610A068E164B0F5004F32
:104B60002068216507D1016821F0400101600168DA
:104B700041F4804101600168490603D4016841F0B5
:104B8000400101606168731EE268B1FA81F1B3FA15
:104B900083F349095B09B2F5E06F41EA030143D9A8
:104BA00031B137F8021BC160A763E08F0138E0879D
:104BB000E08F002876D0681C0BD124E0A16B31F87F
:104BC000022BC260A163E08F0138E087E08F0028EC
:104BD00068D0206881688907F0D4FDF77DF8A0EBE4
:104BE0000800A842F2D3012084F85D00002084F878
:104BF0005C00032002B0BDE8F08100BFFDF76CF857
:104C0000E08F00284ED0206881688907F6D5A16B17
:104C100031F8022BC260A163E08F0138E087E08F9A
:104C20000028F0D13EE000BF89B1E18F02294FF6A4
:104C3000FE7103D337F8022BC26004E03A780131E9
:104C40000273A06B471CA763E08F0844E087E08FE6
:104C500040B3681C5FD04FF6FE70461C08E000BFF2
:104C6000FDF73AF8A0EB0800A842BCD2E08FC8B12B
:104C7000216888688007F3D5E28FA06B022A05D3EC
:104C800030F8022BCA604FF6FE7104E0007808731A
:104C9000A06B31460130A063E08F0844E087E08FCD
:104CA0000028E5D120464FF4C0512A46434602F081
:104CB00023FF68B920462946424602F0DDFF38B995
:104CC00020464FF4C0612A46434602F015FF28B142
:104CD000206E40F02000206620202066A06838B9B1
:104CE000002001902068C1680191806801900198BE
:104CF000012084F85D00002084F85C00206E00280C
:104D000018BF012002B0BDE8F08100BFFCF7E4FF4E
:104D1000E08F0028C6D0206881688907F6D5E28F29
:104D2000A16B012A08D931F8022BC260A163E08F80
:104D30000238E087ECE700BF09780173A06B01300F
:104D4000A063E08F0138E087E2E7000090F85D3073
:104D5000012B0BD100294FF0010318BF002A01D10C
:104D60001846704790F85C30012B03D10223184697
:104D7000704700BF70B5012380F85C30032380F8D2
:104D80005D300023036681638287C2870364C0E9C4
:104D90001333A0F84430A0F8463084680268B4F5B4
:104DA000004F07D1146824F040041460146844F4E0
:104DB00080441460D0F854C047F6512E47F6592568
:104DC00047F63126C0F6000EC0F60005C0F6000614
:104DD000CCE90B5ECCE90D63C4685368B4F5E06FB1
:104DE00023F48043536017D8DCF81830B3F5806F94
:104DF00012D1C68F5368F60706D123F4804353605F
:104E0000C38F5B0807E000BF43F480435360C38F48
:104E1000012606EB5303C387C38F04460C3260465A
:104E2000FCF7F2FD60B1206E012340F01000206617
:104E3000002084F85C00BDE870401846704700BF51
:104E400020680168490603D4016841F0400101600F
:104E5000002384F85C30416841F0200141604168E2
:104E600041F002014160BDE8704018467047000003
:104E70007047000070470000411E0020B0EB116F2A
:104E80001CBF012070474EF21002CEF200025160AA
:104E90004EF62351CEF20001F0230B7007219060F3
:104EA0001160704790F83C20012A04BF022070472F
:104EB000B0B5D1E90232D1E900CE22F47C5223F41C
:104EC000705343EA020448F2FF73CEF6F0730EEA21
:104ED0000302224303F5006404EA0C0442EA040CD2
:104EE0000C6903F5C05222404C6942EA0C0222438D
:104EF00003F5605422400C6B03F5F04323401A4342
:104F00008B6940F2000CCC69CEF6FF7C0CEA034CB6
:104F10001443026842F60043C4F201039A4244EA91
:104F20000C030BD045F20004C4F20104A24205D0E8
:104F300043F20044C4F20104A24217D14FF6FF74B9
:104F4000CDF60F4403EA040ED1E9084CD1E90A3149
:104F50000025CDF6F04505EA035343EA0E0324F09D
:104F600008552B432CF000552B430B430021536471
:104F700080F83C100020B0BD90F83C20012A4FF092
:104F8000020266D070B580F83D20026842F6004CFF
:104F900054689368C4F2010C45F2000E6245C4F2F5
:104FA000010E18BF72452BD14D6824F470042C43B8
:104FB0004FF68F75CFF6FF550E682C4042F6FF3541
:104FC000C4F201053443AA4254600DDC40F2FF767E
:104FD000C4F20006B2421BDCB2F1804F2CD040F28A
:104FE0000046C4F2000625E043F6FF74C4F2010453
:104FF000A24219DC62451FD043F2004618E000BF10
:1050000043F20045C4F20105AA42CDD0D0E700BF6B
:1050100040F60006C4F20006B2420DD040F600464B
:10502000C4F2000606E000BF724505D044F2000657
:10503000C4F20106B24204D1896823F08003194307
:1050400091600121002280F83D1080F83C20BDE8ED
:105050007040104670470000002804BF01207047D0
:1050600010B5044690F83D0028B9002084F83C00B3
:10507000204600F023F8022084F83D002068211D1E
:1050800003F0FEFB012084F8480084F83E0084F819
:105090003F0084F8400084F8410084F8420084F81E
:1050A000430084F8440084F8450084F8460084F8FE
:1050B000470084F83D00002010BD000080B586B098
:1050C000006843F20042C4F2010200219042CDE99F
:1050D0000411CDE90211019114D041F20001C4F292
:1050E0000001884234D141F24C00C4F20200C16890
:1050F00041F01001C160C06800F0100000900098FD
:1051000006B080BD41F24C00C4F20200426942F494
:1051100000524261426902F400520092009A026811
:1051200042F002020260006800F002000090009865
:105130004FF4007001900220CDE902010A20059091
:1051400040F200400491C4F6000001A9FCF7E4FC21
:1051500006B080BD90F83D10012917D1022180F8DA
:105160003D10016842F6FF30C4F2010081420FDCBD
:1051700040F2FF70C4F20000814219DCB1F1804FAF
:105180002ED040F20040C4F2000027E0012070471A
:1051900043F6FF70C4F20100814215DC42F6004084
:1051A000C4F2010081421BD043F2004014E000BF72
:1051B00040F60000C4F20000814211D040F60040E9
:1051C000C4F200000AE000BF45F20000C4F2010092
:1051D000814205D044F20000C4F2010081420CD1AA
:1051E00088680722C0F201020240062A4FF0000040
:1051F000CDD0B2F5803F08BF7047086840F001008D
:10520000086000207047000090F83C20012A4FF011
:10521000020200F0998080B580F83D20D0F800C0EF
:105220008822DCF80830CFF6CE721A40CCF808207D
:105230000B68B3F5005F0DDA3F2B21DD5F2B3BDD03
:10524000602B00F0AB80702B00F09480B3F5805F92
:1052500071D0E7E02F22C0F21002934218DD4F21F7
:10526000C0F210018B424FDD5021C0F210018B4281
:1052700055D06021C0F210018B4250D0702149E01E
:105280001F2B0FDC002B4AD0102B48D0CAE000BFE8
:10529000B3F1101F0CDAB3F5005F57D0B3F5801FE0
:1052A0003DD0BFE0202B3AD0302B38D0BAE000BF41
:1052B00035D020212EE000BF402B00F09180502BF4
:1052C00040F0B080D1F804E0C968DCF82030DCF8A8
:1052D000202022F00102CCF82020DCF8182022F057
:1052E000F00242EA011123F00A0242EA0E02CCF86F
:1052F0001810CCF82020DCF808104FF68872CFF692
:10530000CF721140573114E03021C0F210018B42AE
:1053100005D04021C0F210018B4240F08380DCF8C0
:1053200008104FF68872CFF6CF721140194341F042
:105330000701CCF808100022012180F83D1000215F
:1053400080F83C10BDE8804010467047D1E901E389
:10535000C968DCF8082043EA0E0322F47F4243EADE
:1053600001211143CCF80810DCF8081041F4804109
:10537000DFE700BFD1E901E3C968DCF8082043EAB0
:105380000E0322F47F4243EA01211143CCF80810B6
:10539000DCF8081041F07701CBE700BFD1F804E05A
:1053A000C968DCF82030DCF8202022F01002CCF8AC
:1053B0002020DCF8182022F4704242EA013123F068
:1053C000A00242EA0E12CCF81810CCF82020DCF82B
:1053D00008104FF68872CFF6CF7211406731A8E7F8
:1053E000D1F804E0C968DCF82030DCF8202022F095
:1053F0000102CCF82020DCF8182022F0F00242EA6A
:10540000011123F00A0242EA0E02CCF81810CCF87F
:105410002020DCF808104FF68872CFF6CF721140CA
:10542000473186E7012287E7002804BF0120704743
:105430002DE9F047044690F83D000D4628B90020BC
:1054400084F83C00204600F04BF8022084F83D0030
:1054500020684BF6F8728168CFF6FE7211408160C9
:10546000211D03F00DFA20684FF6FF7881688269EC
:10547000D0F820C0D5E9003ED5E9026A43EA010927
:10548000AB6922EA080246EA03234FF6FC46B3431F
:10549000D5E9076742EA0A0229691A4342EA062265
:1054A00042EA01112CF0AA026B6942EA0E0241EABB
:1054B000073142EA0312C0F80890816102620120BC
:1054C00084F8480084F83E0084F83F0084F84400E3
:1054D00084F8450084F83D000020BDE8F087000016
:1054E00080B586B0006840F20041C4F200018842F5
:1054F0004FF000010591CDE90311CDE9011143D031
:1055000040F60001C4F2000188421DD042F600417D
:10551000C4F2010188425CD141F24C00C4F20200A5
:10552000416941F400614161416901F40061009108
:105530000099016841F004010160006800F0040076
:1055400000900098032036E041F24C00C4F20200C3
:10555000C16841F00401C160C16801F0040100911B
:105560000099016841F002010160006800F002004A
:1055700000900098C020019040F60000C4F60000A2
:10558000A0F580601CE000BF41F24C00C4F20200B4
:10559000C16841F00201C160C16801F002010091DF
:1055A0000099016841F004010160006800F0040006
:1055B00000900098C020019040F60000C4F6000062
:1055C000022102910022059101A9CDE90322FCF7F5
:1055D000A3FA06B080BD000080B590F83E2090F898
:1055E0003F3090F844E090F845C004290AD0B9B99A
:1055F000012A4FF0010208BFBEF1010F34D010465E
:1056000080BD00BF012B4FF0010208BFBCF1010FAC
:10561000F5D1022180F83F1080F8451000681EE0A7
:10562000012A4FF0010208BF012BE8D1BEF1010FA2
:10563000E5D1BCF1010FE2D1022280F83E2080F8D2
:105640003F2080F8442080F8452091B10068016A2D
:1056500021F001010162016A41F0010101621021A2
:105660006FF0100209E000BF022180F83E1080F8C0
:105670004410006801216FF00102036A1A400262BF
:10568000026A114301620168002241F001010160D8
:10569000104680BD7047000080B586B0006845F2B6
:1056A0000001C4F2010188424FF000010591CDE9EB
:1056B0000311CDE9011119D043F20041C4F20101F7
:1056C000884231D141F24C00C4F2020001684FF42B
:1056D000004241F0010101600068022100F0010078
:1056E000009000984FF0904014E000BF41F24C0051
:1056F000C4F2020001684FF4807241F004010160BD
:105700000068062100F004000090009840F60000B8
:10571000C4F600000192022202920022059101A922
:10572000CDE90322FCF7F8F906B080BD90F83C30D3
:10573000012B04BF022070474FEAB202052A00F293
:10574000ED812DE9F041DFE812F0070047019300F9
:10575000ED0055009F0100BF03681D6A1A6AA3F19E
:10576000804622F001021A621A46D3F8048052F8E9
:1057700018CF8F68A6F59636D1F800E025F002051F
:105780004FEAB626092E45EA07050BD80127B74090
:1057900040F2E52427421FBFCC6825F00C0524F019
:1057A00004042543092E0CD80124B44040F2E52618
:1057B00034421FBFD1E9054628F440773C4344EA10
:1057C00006084FF68C74CFF6FE740CEA040747EA1D
:1057D0000E07C3F804809F614F6809695F631D620B
:1057E0009F6947F008079F619F6927F004079F6141
:1057F00088E100BF0368D3F820C01A6AA3F180478C
:1058000022F480321A621A46A7F596375D6852F87C
:10581000508FD1F800E08E684FEAB727092F0AD8D9
:105820000124BC4040F2E5273C421EBF4C6925F4F0
:10583000803545EA04252CF4003747EA06474FF641
:105840008C76CFF6FE76033606EA080646EA0E06A2
:105850005D601E654E6809699E641F621F6D47F09A
:1058600008071F651F6D27F004071F654AE100BF89
:10587000036842F600461D6A1A6AC4F2010622F461
:1058800080721A621A46D3F804C052F81CEFB34271
:105890008E68D1F8008025F4007545EA06250BD006
:1058A00045F20006C4F20106B34205D043F20046B9
:1058B000C4F20106B34207D1CE6840F2FF47360278
:1058C00025F44065BE433543A3F18046A6F59636E0
:1058D0004FEAB626092E0DD8012707FA06F640F240
:1058E000E5273E421FBFD1E905672CF440543743FA
:1058F00044EA071C4FF68C74CFF6FE740EEA0407D8
:1059000047EA0807C3F804C0DF614F680969DF632D
:105910001D62DF6947F00807DF61DF6927F00407D0
:10592000DF61EFE0036842F600461D6A1A6AC4F2BE
:10593000010622F480521A621A46D3F804C052F8C3
:105940001C8FB3428E68D1F800E025F4005545EA7B
:1059500006350BD045F20006C4F20106B34205D06D
:1059600043F20046C4F20106B34207D1CE6844F6C2
:10597000FF77360325F44045BE433543A3F1804607
:10598000A6F596364FEAB626092E0DD8012707FA56
:1059900006F640F2E5273E421FBFD1E905672CF429
:1059A0004044374344EA871C48F6FF44CFF6FF647F
:1059B00004EA080444EA0E27C3F804C0DF614F6814
:1059C00009691F641D62DF6947F40067DF61DF69F1
:1059D00027F48067DF6194E0036842F600461D6AA1
:1059E0001A6AC4F2010622F010021A621A465C68B2
:1059F00052F818CFB3428E68D1F800E025F02005A8
:105A000045EA06150BD045F20006C4F20106B34282
:105A100005D043F20046C4F20106B34207D1CE6876
:105A20006FF0400725F0C00507EA06163543A3F1DD
:105A30008046A6F596364FEAB626092E0DD80127E0
:105A400007FA06F640F2E5273E421FBFD1E9056797
:105A500024F440643E4344EA860448F6FF46CFF609
:105A6000FF660CEA060747EA0E275C609F614F68F5
:105A700009699F631D629F6947F400679F619F6981
:105A800027F480679F613CE00368D3F820C01A6A5E
:105A9000A3F1804722F480121A621A46A7F59637BE
:105AA0005D6852F8508FD1F800E08E684FEAB72752
:105AB000092F0AD80124BC4040F2E5273C421EBF12
:105AC0004C6925F4802545EA84252CF4001747EA23
:105AD000065748F6FF46CFF6FF6606F5407606EA1B
:105AE000080646EA0E265D601E654E680969DE649A
:105AF0001F621F6D47F400671F651F6D27F48067E5
:105B00001F6509021368194311600021BDE8F041C7
:105B1000002280F83C200846704700BF0121002287
:105B200080F83C2008467047002804BF01207047D9
:105B300010B5044690F83D0028B9002084F83C00D8
:105B4000204600F023F8022084F83D002068211D43
:105B500002F096FE012084F8480084F83E0084F8A4
:105B60003F0084F8400084F8410084F8420084F843
:105B7000430084F8440084F8450084F8460084F823
:105B8000470084F83D00002010BD000070B582B0D1
:105B90000446006845F20001C4F20101884201D0C8
:105BA00002B070BD41F26000C4F2020001684AF622
:105BB000786541F4801101600068C2F2000500F4CC
:105BC0008010019001980820C4F202005821102290
:105BD00000234FF0800C4FF4807E4FF4806685E800
:105BE0000F502846C5E906632B62FBF781FE0028AB
:105BF00018BFFBF7A1F8E562AC6202B070BD00000F
:105C0000704700007047000080B5D9B10B1F4FEA04
:105C1000B30E43224FF03F0CBEF1040F38BF0CEB24
:105C2000B302825C012A1CBF012080BDBEF1030FBC
:105C30001ED8DFE80EF00319111500BF022280F80C
:105C40003F2018E090F83E20012A1CBF012080BDB3
:105C5000022280F83E200EE0022280F841200AE075
:105C6000022280F8422006E0022280F8402002E072
:105C7000022280F84320026801F01F010120136A0C
:105C800000FA01F18B431362136A0B43A2F18041C6
:105C9000A1F596314FEAB1210729136258D88840FF
:105CA00010F0E50F54D0506C42F6FF31C4F2010100
:105CB00040F400408A4250640EDC40F2FF70C4F2AF
:105CC0000000824218DCB2F1804F2DD040F200403B
:105CD000C4F2000026E000BF43F6FF70C4F20100EA
:105CE000824215DC42F60040C4F2010082421BD021
:105CF00043F2004014E000BF40F60000C4F2000090
:105D0000824211D040F60040C4F200000AE000BF19
:105D100045F20000C4F20100824205D044F20000C6
:105D2000C4F2010082420CD190680721C0F2010147
:105D3000014006294FF0000008D0B1F5803F08BFB0
:105D400080BD106840F001001060002080BD00BFE1
:105D500042F6FF30C4F201008242AEDD43F6FF702E
:105D6000C4F201008242BDDD44F20000C4F2010031
:105D70008242D9D045F20000C4F201008242E0D153
:105D8000506C40F400405064CEE7000070B5E9B1BB
:105D90000C1F4FEAB40E43254FF03F0CBEF1040F29
:105DA00038BF0CEBB405455D022D04BF022070BD69
:105DB000BEF1030F3AD8DFE80EF0031D111700BF44
:105DC00000F13F052D78012D1AD0CDE0054615F8DC
:105DD0003E4F022C04BF022070BD0DE000F14105D2
:105DE0002D78012D0CD0BFE000F142052D78012D5A
:105DF00006D0B9E000F140052D78012D40F0B480C7
:105E0000002A4FF0010C18BF002B01D1604670BD75
:105E100091B10D1F4FEAB505032D1DD8DFE805F040
:105E200002181014022580F83F5018E000F14305D5
:105E30002D78012DE4D097E0022580F83E500EE049
:105E4000022580F841500AE0022580F8425006E021
:105E5000022580F8405002E0022580F843504FEAC6
:105E6000B105032DD2D80E46DFE805F002622242CA
:105E7000456A48F6D514C0F60004EC62456A48F657
:105E80004124C0F600042C63456A48F67924016871
:105E9000C0F600046C630546406A01F1340C1146FB
:105EA0006246FBF7B1FD00285ED14FF400715FE060
:105EB000C56A48F6D514C0F60004EC62C56A48F617
:105EC0004124C0F600042C63C56A48F679240168B1
:105ED000C0F600046C630546C06A01F13C0C114633
:105EE0006246FBF791FD00283ED14FF400613FE090
:105EF000056B48F6D514C0F60004EC62056B48F655
:105F00004124C0F600042C63056B48F6792401682F
:105F1000C0F600046C630546006B01F1400C1146AD
:105F20006246FBF771FDF8B94FF4805120E000BFE5
:105F3000856A48F6D514C0F60004EC62856A48F616
:105F40004124C0F600042C63856A48F67924016870
:105F5000C0F600046C630546806A01F1380C1146F6
:105F60006246FBF751FD08B1012070BD4FF480611E
:105F70002868C2681143C16006F01F020121036A4C
:105F800001FA02F293430362036A1343A0F18042D1
:105F9000A2F596324FEAB222072A03625AD89140FC
:105FA00011F0E50F56D0416C42F6FF32C4F2010207
:105FB00041F40041904241640EDC40F2FF71C4F2B2
:105FC0000001884218DCB0F1804F2DD040F2004132
:105FD000C4F2000126E000BF43F6FF71C4F20101E4
:105FE000884215DC42F60041C4F2010188421BD010
:105FF00043F2004114E000BF40F60001C4F200018A
:10600000884211D040F60041C4F200010AE000BF0E
:1060100045F20001C4F20101884205D044F20001BA
:10602000C4F2010188420DD181680722C0F2010249
:10603000114006294FF0000C3FF4E8AEB1F5803F67
:106040003FF4E4AE01684FF0000C41F00101016043
:10605000604670BD42F6FF31C4F201018842ACDDFA
:1060600043F6FF71C4F201018842BBDD44F2000136
:10607000C4F201018842D7D045F20001C4F2010107
:106080008842DFD1416C41F400414164CCE700001B
:1060900090F88410012904BF022070472421C0F821
:1060A000881001680A680B6822F0005223F001038F
:1060B0000B60002343660A602021C0F8881080F836
:1060C0008430002070470000D0F88C30202B1CBF9B
:1060D0000220704710B5044600294FF0010018BF98
:1060E000002A01D110BD00BFE066002020672046D5
:1060F00003F0B4FB0028F5D1E06E01281CBF01209D
:1061000010BD206810210162206850E8000F21684E
:1061100040F0100041E8000202B3206850E8000F90
:10612000216840F0100041E80002BAB1206850E850
:10613000000F216840F0100041E8000272B12068B1
:1061400050E8000F216840F0100041E80002002AEA
:106150004FF0000008BF10BDD6E700BF002010BD03
:10616000006843F60002C4F20102904218BF704773
:1061700070B54BF2386540F278460C46C2F2000525
:10618000C2F2000628463146224600F0FBFC4BF2E4
:10619000E800C2F200003146224600F0F3FC284637
:1061A00031464FF48072FFF78FFFD5F8800000680A
:1061B000016821F004010160BDE8704070470000F3
:1061C0007047000090F88420012A04BF0220704725
:1061D000B0B52422C0F888200268D0F864E0D2F874
:1061E00000C01368BEF1000F23F001031360936831
:1061F00023F0606341EA0301916019D093689168CC
:106200004DF2C44E490FC0F6000E4DF2CC451EF8BB
:106210000140C0F60005695CC3F34263E400B4FBCF
:10622000F1F11EF80340EB5CE500B5FBF3F301E090
:1062300001210123A0F86A102021A0F86830C2F8DB
:1062400000C0C0F88810002180F884100020B0BD84
:1062500090F88420012A04BF02207047B0B52422A0
:10626000C0F888200268D0F864E0D2F800C0136853
:10627000BEF1000F23F001031360936823F0604325
:1062800041EA0301916019D0936891684DF2C44EC0
:10629000490FC0F6000E4DF2CC451EF80140C0F685
:1062A0000005695CC3F34263E400B4FBF1F11EF83E
:1062B0000340EB5CE500B5FBF3F301E001210123B2
:1062C000A0F86A102021A0F86830C2F800C0C0F819
:1062D0008810002180F884100020B0BD70470000B5
:1062E000704700007047000070B5026840F62F0448
:1062F000D369116896681C40202C0BD101F0200452
:1063000006F080552D1916D0416F61B3BDE870407D
:10631000084700BF40F60F052B420CD00125C1F203
:10632000000506EA050C40F22015C0F200450D40BC
:1063300015EB0C0524D1C46EDD0615D5012C13D147
:1063400011F0100510D0102111629168490661D436
:10635000B0F85C10B0F85E20B0F85E30002B18BFCB
:10636000914240F0518270BDDD0215D516F48005D2
:1063700012D04FF480111162BDE87040FFF7B0BF3A
:10638000DD0718BF11F4807540F020819D0706F0ED
:10639000010E00F1278130E11A0606D501F08002D6
:1063A00006F40006921940F0AF825A0640F10281CD
:1063B00011F0400200F0FE80016851E8001F026801
:1063C00021F0400142E80013DBB1016851E8001FF1
:1063D000026821F0400142E8001393B1016851E8DE
:1063E000001F026821F0400142E800134BB1016830
:1063F00051E8001F026821F0400142E80013002B21
:10640000DAD12021C0F8881000218167BDE87040F2
:1064100000F02CBCD0F880100A685368B0F85C40DB
:1064200099B2002900F0B880A14280F0B580A0F8B0
:106430005E301168890600F1A38000BF016851E851
:10644000001F026821F4807142E80013E3B1016883
:1064500051E8001F026821F4807142E800139BB1EB
:10646000016851E8001F026821F4807142E80013BE
:1064700053B1016851E8001F026821F4807142E8BD
:106480000013002BDAD100BF016851E8021F026837
:1064900021F0010142E80213BBB3016851E8021F79
:1064A000026821F0010142E8021373B3016851E868
:1064B000021F026821F0010142E802132BB30168B8
:1064C00051E8021F026821F0010142E80213002B8B
:1064D000DAD11AE0016851E8021F026821F0400198
:1064E00042E80213DBB1016851E8021F026821F0A3
:1064F000400142E8021393B1016851E8021F0268AB
:1065000021F0400142E802134BB1016851E8021F3B
:10651000026821F0400142E80213002BDAD1202169
:10652000C0F88C100021C166016851E8001F0268A4
:1065300021F0100142E80013DBB1016851E8001FAF
:10654000026821F0100142E8001393B1016851E89C
:10655000001F026821F0100142E800134BB10168EE
:1065600051E8001F026821F0100142E80013002BDF
:10657000DAD1D0F8801004460846FBF7EBF8204645
:1065800002210167B0F85C10B0F85E20891A89B268
:10659000BDE87040FFF7E4BD8C427FF4E4AE1268C2
:1065A00092067FF5E0AE02220267BDE87040FFF779
:1065B000D7BD00BF1A0240F1B38111F0804200F054
:1065C000AF81BDE87040FFF789BE00BF01251562AD
:1065D000D0F8905045F00105C0F890509D0706F0A6
:1065E000010E0AD5BEF1000F07D002241462D0F8C4
:1065F000904044F00404C0F890405C070AD5BEF116
:10660000000F07D004251562D0F8905045F0020520
:10661000C0F890501D070CD501F0200555EA0C0577
:1066200007D008251562D0F8905045F00805C0F84D
:1066300090501D050BD511F0806508D04FF4006512
:106640001562D0F8905045F02005C0F89050D0F871
:106650009050002D3FF487AE9B060BD501F0200132
:1066600006F08053C91805D0416F19B10446884718
:1066700022682046D0F89010926801F0280102F0BC
:106680004002891806D10446FFF72CFE0020C4F80A
:10669000900070BD016851E8001F026821F49071FC
:1066A00042E80013DBB1016851E8001F026821F4E1
:1066B000907142E8001393B1016851E8001F02682D
:1066C00021F4907142E800134BB1016851E8001FBA
:1066D000026821F4907142E80013002BDAD14FF6E2
:1066E000FE71CEF6FF7100BF026852E8022F036808
:1066F0000A4043E80226C6B1026852E8022F036846
:106700000A4043E8022686B1026852E8022F036875
:106710000A4043E8022646B1026852E8022F0368A5
:106720000A4043E80226002EDED1C16E012924D1A1
:10673000016851E8001F026821F0100142E80013CF
:10674000DBB1016851E8001F026821F0100142E846
:10675000001393B1016851E8001F026821F0100195
:1067600042E800134BB1016851E8001F026821F0B4
:10677000100142E80013002BDAD12021C0F88C1060
:106780000021C166026841679168490640F1C480F2
:10679000016851E8021F026821F0400142E802133B
:1067A000DBB1016851E8021F026821F0400142E8B4
:1067B000021393B1016851E8021F026821F0400101
:1067C00042E802134BB1016851E8021F026821F050
:1067D000400142E80213002BDAD1D0F880100029E2
:1067E00000F09A8049F28912C0F600020446084679
:1067F0008A63FAF7E7FF00283FF4B5ADD4F88000CC
:10680000816BBDE870400847891A00BF026852E8F2
:10681000002F036822F4907243E80026DEB102687C
:1068200052E8002F036822F4907243E8002696B1E4
:10683000026852E8002F036822F4907243E80026B1
:106840004EB1026852E8002F036822F4907243E8C8
:106850000026002EDAD14FF6FE72CEF6FF7200BF90
:10686000036853E8023F0668134046E80235C5B1A5
:10687000036853E8023F0668134046E8023585B1D5
:10688000036853E8023F0668134046E8023545B105
:10689000036853E8023F0668134046E80235002DBE
:1068A000DED12022C0F88C200022C266426700BFE1
:1068B000026852E8002F036822F0100243E8002625
:1068C000DEB1026852E8002F036822F0100243E8AC
:1068D000002696B1026852E8002F036822F01002E9
:1068E00043E800264EB1026852E8002F036822F008
:1068F000100243E80026002EDAD1022289B2026794
:10690000BDE87040FFF72CBC816F00293FF42BAD30
:10691000BDE87040084700BFBDE87040FFF7E2BC2B
:10692000DA017FF520ADB1F1FF3FC8BF70BDBDE812
:106930007040FFF745BC000010B5D0B10446D0F858
:10694000880028B9002084F88400204600F026F84A
:106950002420C4F888002068A16A026822F001029D
:10696000026011B1204602F0E5FA204602F01CFE5A
:1069700010B1012010BD00BF2168486820F490408C
:106980004860886820F02A008860086840F00102AA
:1069900020460A60BDE8104002F040BB2DE9F041FE
:1069A0009CB0044600201B90CDE91900CDE91700EA
:1069B00002A85421F9F776FC206843F60001C4F2DE
:1069C000010188426CD048F20001C4F20001884203
:1069D00040F0D1802020029002A8FDF72BFA002879
:1069E00018BFFAF7A9F941F24C00C4F2020001699C
:1069F00040F21C0841F0010101610169002601F02B
:106A00000101019101990168C4F2020841F00201FB
:106A10000160006817A900F00200019001984FF48E
:106A2000406017900220189008201B9040F2004010
:106A3000C4F60000CDE91966FBF76EF84AF6585522
:106A400008F12800C2F200052221802785E84300D2
:106A50002846C5E90367C5E90566C5E90766FAF78B
:106A600047FF002818BFFAF767F9C4F88050AC62F6
:106A70004AF6B85508F13C00C2F200052321102265
:106A800085E8C7002846C5E90566C5E90766FAF73F
:106A90002FFF00284FF05B0618BFFAF74DF960E0B2
:106AA0000120029002A8FDF7C5F9002818BFFAF7E7
:106AB00043F941F24C00C4F20200416940F21C0863
:106AC00041F4804141614169002601F48041019116
:106AD00001990168C4F2020841F0010101600068F7
:106AE00017A900F00100019001984FF4C0601790C1
:106AF0000220189007201B904FF09040CDE91966B6
:106B0000FBF70AF84AF6D865C2F20005182080277C
:106B1000C5E900802846C5E90266C5E90476C5E9ED
:106B200006662E62FAF7E4FE002818BFFAF704F9A9
:106B3000C4F88050AC624AF6387508F11400C2F20D
:106B400000051921102285E8C7002846C5E9056619
:106B5000C5E90766FAF7CCFE4FF0250608B1FAF74B
:106B6000EBF8304600210022E567AC62FCF702F941
:106B70003046FCF7EDF81CB0BDE8F081704700002E
:106B800070470000D0F88830202B09D194460029A6
:106B90004FF0010218BFBCF1000F05D1104670473D
:106BA00002221046704700BFB0B5002221230165C4
:106BB000A0F854C0A0F856C0C0F89020C0F88830A3
:106BC000C36F2BB349F29515C0F6000549F2F144A5
:106BD00049F2A15E5D630568C0F60004C0F6000ED0
:106BE000C3E90B4E9A6305F1280204461846634632
:106BF000FAF70AFF0146204651B11021C0F8901063
:106C00002021C0F888100122BDE8B040104670472E
:106C1000016840220A6200BF016851E8021F026851
:106C200041F0800142E80213DBB1016851E8021F24
:106C3000026841F0800142E8021393B1016851E813
:106C4000021F026841F0800142E802134BB1016863
:106C500051E8021F026841F0800142E80213002B54
:106C6000DAD10022BDE8B0401046704770470000FE
:106C7000704700002DE9F04100687F2A00F1800094
:106C800000EBC114A04658F864EF4FF0000158F82B
:106C90002CCC00F32D80013A3F2A00F24080DFE83F
:106CA00002F021393E213E3E3E393E3E3E3E3E3ED2
:106CB0003E213E3E3E3E3E3E3E3E3E3E3E3E3E3E11
:106CC0003E393E3E3E3E3E3E3E3E3E3E3E3E3E3EE9
:106CD0003E3E3E3E3E3E3E3E3E3E3E3E3E3E3E3ED4
:106CE0003E2100BFD3E90112E1632264002116E0D6
:106CF000B2F5007F08DB0DD0B2F5006F0AD0B2F517
:106D0000806FEFD00BE000BF802A03D0B2F5807F08
:106D1000E8D004E0D3E9011261641021A264D3E950
:106D20000506D3E9034730431D683843FE2220435C
:106D30008A4028432EEA02028840082F42EA0002D5
:106D400005D11CF4007008BF1CF0007004D0C8F816
:106D50000020BDE8F08100BFD86988400243C8F830
:106D60000020BDE8F0810000FEE7000070B5044699
:106D7000006815468369DA0602D40021002266E025
:106D80000E461021C161816989065CD4711C50D006
:106D90002EBBFAF7A1FF2068426894F8421083697D
:106DA0001B040BD512F4804208D1202906D041687B
:106DB00041F480414160FAF78FFF05462068816900
:106DC000890605D4FAF788FF401B1A28F6D328E075
:106DD00081698906DDD536E08169890633D4FAF701
:106DE0007BFF411B2068B142F6D9426894F84210FB
:106DF00083691B040CD512F4804209D1202907D0E5
:106E0000416841F480414160FAF766FF054600BFE2
:106E1000206881698906DFD4FAF75EFF401B1A28D3
:106E2000F6D3206801228169242110E08169890656
:106E300009D48169890606D4816989065CBF8169A4
:106E40005FEA8161F2D52021C161012204218369B9
:106E5000DE0505D54FF4807241F00101C2610122C7
:106E60005E0505D49B050AD472B9002070BD00BF31
:106E700041F008014FF480629B05C26104D541F0E6
:106E800002014FF40072C2618269920744BF00227E
:106E900082628269D20703D1826942F00102826173
:106EA00042684EF60003CFF600631A404260606C01
:106EB00008436064202084F84100002084F84200E8
:106EC00084F84000012070BD2DE9F04104460068BF
:106ED00080690840401AB0FA80F04009904221D100
:106EE000DDF8188015460E461F46581C27D0CFBB2C
:106EF000204600214246FFF739FF002853D1FAF718
:106F0000EBFE206881693140891BB1FA81F14909A2
:106F1000A9423CD080693040801BB0FA80F0400923
:106F2000A842E5D00020BDE8F08100BF206880695C
:106F30003040801BB0FA80F04009A842F2D12046D0
:106F40004FF0FF314246FFF711FF0028EED001203D
:106F5000BDE8F08180693040801BB0FA80F04009C4
:106F6000A842DFD1204639464246FFF7FFFED0B99E
:106F7000FAF7B2FEA0EB08012068B942EAD98169AC
:106F80003140891BB1FA81F14909A942E2D1606C13
:106F900040F020006064202084F84100002084F844
:106FA000420084F840000120BDE8F0812DE9F04F57
:106FB00081B0044600684FF0000880690027400750
:106FC0004CD44EF6000915468A464FF0200BCFF6FA
:106FD000006900BF204651462A46FFF7C7FE2168D8
:106FE0000746002818BF01278A69F0B912F020006F
:106FF0001BD088698A69D20606D4400748BF474635
:10700000C4F8448011E000BF1020C861042060640F
:10701000C1F81CB04868012700EA0900486084F8FC
:1070200041B084F8428084F840805646BAF1000F9F
:1070300018BF0126FAF750FE401B0021504598BFAB
:10704000012120680E4208BF002F02D18169490743
:1070500008D58069400701D4002FBBD0384601B065
:10706000BDE8F08F616C012741F0200161642021AF
:1070700084F84110002184F840108069384601B03E
:10708000BDE8F08F70B5044600688069800635D48D
:1070900015460E4619B928E0806980062ED4204690
:1070A00031462A46FFF762FE30BBFAF715FE411B58
:1070B0002068B142F0D981698906EDD4606C40F056
:1070C00020006064202084F84100002084F8420001
:1070D00084F84000012070BDFAF7FEFD2068816948
:1070E0008906EBD58069800608D4204600212A460F
:1070F000FFF73CFE0028EFD0012070BD002070BDDE
:1071000070B5044600688069800714D415460E46A1
:10711000481C17D01EBB00BF204600212A46FFF79F
:1071200025FEB8BBFAF7D8FD20688169890725D507
:1071300080698007F0D5002070BD00BF206880699D
:107140008007F8D420464FF0FF312A46FFF70EFEA5
:107150000028F3D0012070BD80698007EBD4204661
:1071600031462A46FFF702FEA0B9FAF7B5FD411BEA
:107170002068B142F0D981698907EDD4606C40F094
:1071800020006064202084F84100002084F8420040
:1071900084F84000012070BD4BF2E800C2F200000C
:1071A000FFF7A2B82DE9F04184B001240DF10F00E2
:1071B000CDE900044BF294006426C2F20000D02115
:1071C000752201230296FBF787FA9DF80F006828C5
:1071D00035D14BF294050020C2F200058DF80E0067
:1071E0000DF10E082846D0216B220123CDE9008441
:1071F0000296FBF793FB07208DF80E002846D0215E
:1072000019220123CDE900840296FBF787FB18279A
:107210002846D0211C2201238DF80E70CDE9008470
:107220000296FBF77BFB2846D0211B2201238DF819
:107230000E70CDE900840296FBF770FB0024204617
:1072400004B0BDE8F08100002DE9F04F81B02DEDD4
:107250000C8BA0B080460E200DF17201CDE900101C
:107260004BF294006427C2F20000D0213B2201239C
:107270000297FBF731FABDF87210BDF87420C8BA56
:1072800009BA090CA8F80010D5BA11BABDF87620D1
:10729000090CA8F8021011BA090CD4BAA8F8041005
:1072A000BDF87810BDF87A2091FAB1FB92FAB2FAE3
:1072B00011BABDF87C20090CA8F8201092FAB2F996
:1072C00011BABDF87E20090CA8F82210D1BA159188
:1072D00011BA090CA8F82410F9F7EBF99FED760B19
:1072E00057EC106B32463B46F9F795F841EC100B22
:1072F000284688ED020BF9F7DCF932463B46464654
:10730000F9F789F841EC100B204688ED040BF9F7EA
:10731000D0F99FED6B0B53EC102BF9F7EEF800EE64
:1073200010BA9FED691AB8EEC00A80EE010A9FED0F
:10733000672A41EC110B504688ED061B30EE020A1D
:1073400088ED100AF9F7B5F99FED610B54EC105B6D
:107350002A462346F9F7D1F841EC100B484688ED50
:107360000A0BF9F7A6F92A462346F9F7C6F841ECC5
:10737000100B159888ED0C0BF9F79BF92A4623465C
:10738000F9F7BBF841EC100B88ED0E0BFAF7A4FCF3
:107390004BF2CC64C2F200042168401AF9F79AF962
:1073A0009FED4D0B53EC102BF9F7A7F8159089467C
:1073B000FAF792FC2060B8F90400B8F900104043D5
:1073C00011FB0100F9F775F941EC100B05F000FD18
:1073D0009FED439B54EC105B53EC192B2846214640
:1073E000F9F74BF9A8B9B6F90200F9F762F92A469C
:1073F0002346F9F782F841EC100B05F07DFA51ECC9
:10740000100B9FED390B53EC102BF9F704F841ECFE
:10741000190B1598B6F9044049EC1A0BB6F900009F
:107420004042F9F746F941EC180B2046F9F741F9CB
:1074300041EC110BB0EE480AF0EE680A05F0C8FB0B
:1074400051EC100B9FED280B53EC102BF8F7E3FFDA
:107450009FED270B074654EC105B2A4623468846CF
:1074600041EC180BF9F7D3F81296CDF83C9050B9CF
:1074700096ED140B9FED201B51EC100B53EC112BD0
:10748000F9F7E0F888B99FED1C0B384653EC102B48
:107490004146F9F7A1F898BB96ED140B2A4651EC3A
:1074A000100B2346F9F7B3F850BB40F27820C2F234
:1074B000000080ED068B39E1000000000000103F65
:1074C000000000000029CC400000AA43B81E124270
:1074D00000000000006060400000000000408F409D
:1074E0000000000000000000F8C1631ADCA54C4059
:1074F00000000000008056C00000000000805640E0
:1075000040F27824C2F2000496ED0C0B94ED081BB7
:1075100051EC100B53EC112BCDE91023F8F775FF4C
:10752000159D024694ED00CB94ED02BB94ED048BC7
:1075300094ED06DB0B4628464946F8F76CFF53EC02
:107540001D2BF8F7C1FE94ED100B0C9053EC10BB03
:1075500094ED0CDB0B91284649465A460E93F8F7FA
:107560005AFF53EC1D2B0A9709920D93F8F74DFF24
:1075700094ED0E0B57EC10AB52463B46F8F745FF27
:1075800053EC1C2BF8F7A0FE024694ED0ACB0B46F9
:1075900028464946F8F73FFF53EC1C2BF8F794FEBA
:1075A0008DED1AAB9DF86F20149082F080008DF85D
:1075B0006F00DDE91A020E9C139111465A462346CC
:1075C0005E46F8F728FF099A0D9B0546CDF8148012
:1075D000C8468946F8F778FECDE90810284649469E
:1075E00052463B46F8F770FE159A824607908B4646
:1075F000069151EC1B0B4346F8F70DFF324623462C
:10760000F8F762FE149F139ECDE90D1053EC182B72
:1076100038463146F8F758FE04460D46384631469E
:1076200022462B46F8F769FF804689465046594660
:1076300022462B46F8F761FF0C9E0B9F8246039073
:107640008B4604910A98059932463B46F8F7DDFED1
:1076500004460D464046494622462B46F8F7DBFED7
:1076600032463B46F8F730FE41EC180B40F27826E4
:10767000C2F200065046594622462B4686ED068B3E
:10768000F8F7C9FEDDE91023F8F71EFEDDF850A07B
:10769000DDF84CB041EC100B4046494652465B4683
:1076A00086ED080BF8F7B7FE02460B4650465946E2
:1076B000F8F7ABFE41EC100B4946099FDDF820902E
:1076C000354686ED0A0B4046129E3A464B46F8F781
:1076D000A2FE02460B4638464946F8F796FE41ECB4
:1076E000100BA84685ED0C0B039C049D20462946F3
:1076F00052465B46F8F78FFE02460B46DDE9061060
:10770000F8F783FE41EC100B204629463A464B46DB
:1077100088ED0E0BF8F77FFE02460B46DDE90D10F3
:10772000F8F773FE41EC100B88ED100B9FED9C0BEE
:1077300051EC180B53EC102B9FED9B0BDA0F86EDE1
:10774000148B96ED0A8B62F3DF7153EC102BF8F774
:1077500043FF58B98DED188B9DF8670080F08000CD
:107760008DF867009DED188B86ED0A8B40F2302472
:10777000C2F2000494ED080B51EC180B53EC102BE3
:10778000CDE91023F8F741FEDDF854900F9D024635
:1077900094ED00CB94ED02BB94ED048B94ED06DBED
:1077A0000B4648462946F8F736FE53EC1D2BF8F7F2
:1077B0008BFD94ED100B94ED0CDB264653EC104B37
:1077C0000E900D914846294622469846F8F723FE2A
:1077D00053EC1D2BCDE90B23F8F717FE96ED0E0B9E
:1077E0005AEC107B3A465346F8F70FFE53EC1C2B2D
:1077F000F8F76AFD024696ED0ACB0B464846294645
:10780000F8F709FE53EC1C2BF8F75EFD8DED16AB77
:107810009DF85F20149082F080008DF85F00DDE914
:10782000160213911146224643464646F8F7F3FDE9
:10783000DDE90B2383468846F8F746FDCDE90B10BA
:10784000584641463A465346F8F73EFD80460A9070
:107850008A46099151EC1B0B4A462B46F8F7DBFD93
:1078600022463346F8F730FD149E139F15900F9172
:1078700053EC182B30463946F8F726FD04460D46E2
:107880003046394622462B46F8F737FE834689466E
:107890004046514622462B46F8F72FFE0E9E0D9F7E
:1078A000824607908846089151EC190B32463B46B8
:1078B000F8F7ABFD05460C46584649462A4623468E
:1078C000F8F7A9FD32463B46F8F7FEFC41EC180BF1
:1078D00040F23026C2F20006504641462A46234670
:1078E00086ED068BF8F797FDDDE91023F8F7ECFC41
:1078F000DDF850A0DDF84C8041EC100B58464946AD
:107900005246434686ED080BF8F785FD02460B46C6
:1079100050464146F8F779FD41EC100B4946DDF839
:1079200030900B9F58464A463B4686ED0A0B34463C
:10793000F8F771FD02460B4648463946F8F765FDF3
:1079400041EC100B089D86ED0C0B079E2946304636
:1079500052464346F8F75FFD02460B46DDE9091043
:10796000F8F753FD41EC100B304629464A463B469A
:1079700084ED0E0BF8F74FFD02460B4615980F9954
:10798000F8F743FD41EC100B129884ED100B80EDDD
:10799000128B20B0BDEC0C8B01B0BDE8F08F00BFA6
:1079A00000000000000000000000000000805640C1
:1079B00080B54AF6900040F20021C2F20000C2F207
:1079C0000001002202F026FD002818BFF9F7B4F9E3
:1079D0004AF6900040F2C421C2F20000C2F2000157
:1079E00002F042FF002818BFF9F7A6F94AF6900006
:1079F00040F2E831C2F20000C2F2000102F0E2FA05
:107A0000002818BFF9F798F94AF69000C2F2000072
:107A100002F04AFF002808BF80BDBDE88040F9F7AA
:107A20008BB90000FEE70000FEE700007047000091
:107A3000806A01684A6822F003024A60016E41F0E0
:107A400010010166012180F85D10FCF78DBF000078
:107A5000806AFDF70FBA0000B0B582B0846A0546AF
:107A6000FAF73AF92968096889063FD4054620687B
:107A7000642241682B4621F020014160416821F0D9
:107A80000201416020464FF4C05100F035F868B95A
:107A9000204664212A4600F0EFF838B920464FF41A
:107AA000C06164222B4600F027F838B1206E40F008
:107AB00020002066206E40F020002066A06838B9C3
:107AC000002001902068C1680191806801900198B0
:107AD0000020E087012084F85D00206E30B1204650
:107AE00002B0BDE8B040FCF73FBF00BF204602B087
:107AF000BDE8B040FDF7BCB92DE9F04782B00026E3
:107B00001F4690460D4681468DF80360FAF7E4F86B
:107B1000381A00EB0807FAF7DFF840F2C021C2F28A
:107B20000001096823225143090DD9F80040794327
:107B30000191A168294235D0824618F1010035D063
:107B4000B5F5C06F1AD100BF207B8DF803009DF8FA
:107B50000300FAF7C1F8A0EB0A00B8425ED2019820
:107B600001990028A1F101010191D9F8001089685B
:107B700008BF074611F4C06FE6D112E0FAF7ACF87F
:107B8000A0EB0A00B84249D2019801990028A1F15E
:107B900001010191D9F80010896808BF0746294200
:107BA000ECD10026304602B0BDE8F0870026B5F5DE
:107BB000C06F25D1207B8DF803009DF80300A068DD
:107BC00010F4C06FEDD0207B8DF803009DF803000A
:107BD000A06810F4C06FE4D0207B8DF803009DF8FE
:107BE0000300A06810F4C06FDBD0207B8DF8030089
:107BF0009DF80300A06810F4C06FDBD1D2E700BF8E
:107C0000A0682842CDD0A0682842CAD0A0682842E7
:107C1000C7D0A0682842F3D1C4E700BFD9E900016A
:107C20004268B1F5827F22F0E00242600BD1D9F8C0
:107C30000810B1F5004F02D0B1F5806F03D1016893
:107C400021F040010160D9F82810B1F5005F07D19B
:107C5000016821F400510160016841F400510160A4
:107C6000012089F85D00002089F85C000326304679
:107C700002B0BDE8F0870000F0B581B015460E46B1
:107C80000446FAF729F8281A8719FAF725F840F276
:107C9000C021C2F200010968C1F3CB3179430091E0
:107CA00021688A68120622D50546701C15D000BFCF
:107CB000FAF712F8401BB8421CD20098009900282D
:107CC000A1F1010100912168896808BF07460806F3
:107CD000EED40CE08868000609D58868000606D551
:107CE0008868000644BF88685FEA0060F2D400201C
:107CF00001B0F0BDD4E900014268B1F5827F22F005
:107D0000E00242600AD1A168B1F5004F02D0B1F59E
:107D1000806F03D1016821F040010160A16AB1F5D3
:107D2000005F07D1016821F400510160016841F44E
:107D300000510160012084F85D00002084F85C009F
:107D4000032001B0F0BD00002DE9F04381B08709A8
:107D5000042F98BFEF2903D901B0BDE8F08300BF1D
:107D60001718B7F5A07FF7D85E18F02EF4D8013FAA
:107D7000013EBDB2B4B216462A461D46234600BF98
:107D800000F080FB06FB05F0460040F60000C4F65C
:107D900000004FF40061012200BFF9F797FF9EB386
:107DA000089C40F224294BF258454FF6FF78C2F266
:107DB0000009C2F2000506E04FF0FF33FCF79CFE1D
:107DC000F61B3C4420D0B9F8000046454FF6FF773B
:107DD00038BF37468642BAB228462146ECD3FCF774
:107DE000B5FF686D90F825100129E9D090F82510AD
:107DF0000129E5D090F825100129E1D090F825104F
:107E00000129EFD1DCE700BF00BF00BF01B0BDE832
:107E1000F08300002DE9F04184B049F6104040F6AF
:107E20000004C2F200004FF44861C4F60004F8F701
:107E300039FA0A20F9F75CFE04F58065284604212A
:107E40000022F9F743FF0A20F9F752FE28460421E1
:107E50000122F9F73BFF1420F9F74AFE3A208DF88A
:107E6000000020464FF40061002200BFF9F72EFF0A
:107E70004BF25845C2F200056946284601224FF0F0
:107E8000FF33FCF739FE552000BF8DF80000204677
:107E90004FF40061012200BFF9F718FF6946284638
:107EA00001224FF0FF33FCF727FEB22000BF8DF810
:107EB000000020464FF40061002200BFF9F706FFE2
:107EC0006946284601224FF0FF33FCF715FE3320A8
:107ED00000BF019040F60C40C3F2003000902046F5
:107EE0004FF40061012200BFF9F7F0FE40F22428B0
:107EF000C2F20008B8F80000052840F275824BF283
:107F00005840C2F20000694605224FF0FF33FCF7EB
:107F1000F3FD362000BF8DF8000020464FF40061CD
:107F2000002200BFF9F7D2FE4BF25845C2F200051D
:107F30006946284601224FF0FF330126FCF7DCFD9D
:107F4000602000BF8DF8000020464FF40061012240
:107F500000BFF9F7BBFE6946284601224FF0FF3308
:107F6000FCF7CAFDB72000BF8DF8000020464FF493
:107F70000061002200BFF9F7A9FE694628460122E8
:107F80004FF0FF33FCF7B8FD352000BF8DF800003F
:107F900020464FF40061012200BFF9F797FE6946C1
:107FA000284601224FF0FF33FCF7A6FDBB2000BF9F
:107FB0008DF8000020464FF40061002200BFF9F761
:107FC00085FE6946284601224FF0FF33FCF794FDF9
:107FD000192000BF8DF8000020464FF400610122F7
:107FE00000BFF9F773FE6946284601224FF0FF33C0
:107FF000FCF782FDC02000BF8DF8000020464FF442
:108000000061002200BFF9F761FE6946284601229F
:108010004FF0FF33FCF770FD2C2000BF8DF80000FF
:1080200020464FF40061012200BFF9F74FFE694678
:10803000284601224FF0FF33FCF75EFDC22000BF4F
:108040008DF8000020464FF40061002200BFF9F7D0
:108050003DFE6946284601224FF0FF33FCF74CFDF8
:1080600020464FF40061012200BF8DF8006000BF80
:10807000F9F72CFE6946284601224FF0FF33FCF742
:108080003BFDC32000BF8DF8000020464FF4006187
:10809000002200BFF9F71AFE6946284601224FF078
:1080A000FF33FCF729FD122000BF8DF800002046A9
:1080B0004FF40061012200BFF9F708FE6946284627
:1080C00001224FF0FF33FCF717FDC42000BF8DF8ED
:1080D000000020464FF40061002200BFF9F7F6FDD2
:1080E0006946284601224FF0FF33FCF705FD2020AA
:1080F00000BF8DF8000020464FF40061012200BF50
:10810000F9F7E4FD6946284601224FF0FF33FCF7FA
:10811000F3FCC62000BF8DF8000020464FF400613C
:10812000002200BFF9F7D2FD6946284601224FF030
:10813000FF33FCF7E1FC0F2000BF8DF80000204664
:108140004FF40061012200BFF9F7C0FD69462846DF
:1081500001224FF0FF33FCF7CFFCD02000BF8DF899
:10816000000020464FF40061002200BFF9F7AEFD89
:108170006946284601224FF0FF33FCF7BDFCA420DE
:1081800000BF8DF8000020464FF40061012200BFBF
:10819000F9F79CFD6946284601224FF0FF33FCF7B2
:1081A000ABFCA12000BF8DF8000020464FF4006119
:1081B000012200BFF9F78AFD6946284601224FF0E7
:1081C000FF33FCF799FCE02000BF8DF8000020464B
:1081D0004FF40061002200BFF9F778FD6946284698
:1081E00001224FF0FF33FCF787FC42F21F3000BF43
:1081F000039041F64C00C0F60D30029042F6133069
:10820000C5F23F40019040F2D040C1F20D10009005
:1082100020464FF40061012200BFF9F757FDB8F87E
:1082200000000E2840F2FA804BF25840C2F20000E3
:1082300069460E224FF0FF33FCF75EFCE12000BFE1
:108240008DF8000020464FF40061002200BFF9F7CE
:108250003DFD4BF25845C2F2000569462846012211
:108260004FF0FF33FCF748FC42F2203000BF039090
:1082700042F65170C1F61F70029042F61340C4F2EC
:108280003F40019040F2D040C1F20C1000902046D7
:108290004FF40061012200BFF9F718FDB8F80000A3
:1082A0000E2840F2D5804BF25840C2F200006946D9
:1082B0000E224FF0FF33FCF71FFC212000BF8DF88A
:1082C000000020464FF40061002200BF0027F9F7AC
:1082D000FDFC6946284601224FF0FF33FCF70CFCF9
:1082E000112000BF8DF8000020464FF400610022ED
:1082F00000BFF9F7EBFC6946284601224FF0FF3337
:10830000FCF7FAFB132000BF8DF8000020464FF465
:108310000061002200BFF9F7D9FC69462846012216
:108320004FF0FF33FCF7E8FB292000BF8DF8000079
:1083300020464FF40061002200BFF9F7C7FC6946F0
:10834000284601224FF0FF33FCF7D6FB322000BF56
:10835000F9F7CEFB0020002140F23F12EF2300F09E
:1083600091F849F61046C2F2000600BF0DE000BFCA
:10837000284631464FF448624FF0FF33FCF7BCFB10
:108380002F2F07F1010700BF2AD230464FF4486172
:10839000F7F788FF20464FF40061012200BFF9F78C
:1083A00095FCB8F80000B0F5486FE1D82846314692
:1083B0004FF44862FCF7CAFC686D00BF90F82510C6
:1083C0000129DDD090F825100129D9D090F8251089
:1083D0000129D5D090F825100129EFD1D0E700BFB1
:1083E00000BF04B0BDE8F081694628460522FCF7CD
:1083F000ADFC686D90F8251001293FF48AAD90F826
:10840000251001293FF485AD90F8251001293FF48E
:1084100080AD90F825100129ECD17AE5694628460F
:108420000E22FCF793FC686D90F8251001293FF4AB
:1084300005AF90F8251001293FF400AF90F8251002
:1084400001293FF4FBAE90F825100129ECD1F5E6A7
:10845000694628460E22FCF779FC686D90F82510D5
:1084600001293FF42AAF90F8251001293FF425AFE8
:1084700090F8251001293FF420AF90F8251001292C
:10848000ECD11AE72DE9F04383B040F60008054629
:10849000C4F600082A2014460E4600BF8DF80900D5
:1084A00040464FF400610022994600BFF9F70EFCE8
:1084B0004BF25847C2F200070DF10901384601227C
:1084C0004FF0FF33FCF718FB280A00BF8DF80500BA
:1084D000200A8DF8070040464FF4006101228DF814
:1084E00006508DF8084000BFF9F7F0FB40F2242455
:1084F000C2F20004208804285ED94BF25840C2F230
:1085000000000DF1050104224FF0FF33FCF7F4FAEF
:108510002B2000BF8DF80A0040464FF40061002276
:1085200000BFF9F7D3FB4BF25847C2F200070DF139
:108530000A01384601224FF0FF33FCF7DDFA300A1A
:1085400000BF8DF801004FEA19208DF80300404666
:108550004FF4006101228DF802608DF8049000BF95
:10856000F9F7B4FB2088042840D94BF25840C2F2F6
:1085700000000DF1010104224FF0FF33FCF7BCFABB
:108580002C2000BF8DF80B0040464FF40061002204
:1085900000BFF9F79BFB4BF25840C2F200000DF10F
:1085A0000B0101224FF0FF33FCF7A6FA00BF00BF1A
:1085B00003B0BDE8F08300BF0DF105013846042289
:1085C000FCF7C4FB786D00BF90F8251001299FD0FF
:1085D00090F8251001299BD090F82510012997D0FB
:1085E00090F825100129EFD192E700BF0DF10101AC
:1085F00038460422FCF7AAFB786D00BF90F82510DE
:108600000129BDD090F825100129B9D090F8251086
:108610000129B5D090F825100129EFD1B0E700006D
:108620002DE9F04F85B01D46144650FA83F2C3F38E
:10863000072651FA93F3013A013B92B29BB200BF75
:10864000FFF720FF002E029600F09A80EEB2002E77
:1086500000F09680029A109BDDE90E07A4F120013C
:10866000514340F6000440F224294BF2584500EBF8
:1086700041004FEA17284FEA132A0021C4F60004EC
:10868000C2F20009C2F20005019004E003990298C9
:108690000131814274D00198002730F811B0039164
:1086A0000CE000BF28460DF1120102224FF0FF330B
:1086B000FCF722FA00BF0137B742E7D00BFA07F008
:1086C000000429D50F984FF400618DF8130020465F
:1086D00001228DF8128000BFF9F7F8FAB9F800000E
:1086E0000228DFD828460DF112010222FCF72EFBEA
:1086F000686D00BF90F825100129DBD090F8251097
:108700000129D7D090F825100129D3D090F8251051
:108710000129EFD1CEE700BF10984FF400618DF82A
:108720001100204601228DF810A000BFF9F7CEFA03
:10873000B9F8000002280BD9284604A902224FF0FC
:10874000FF33FCF7D9F900BF0137B742B6D19DE737
:10875000284604A90222FCF7F9FA686D90F8251062
:108760000129F0D090F825100129ECD090F82510BF
:108770000129E8D090F825100129EFD1E3E700BFE7
:1087800000BF05B0BDE8F08F2DE9F04F83B09B46E8
:1087900000BF137853B3DDE90DA90D460646CBF3B0
:1087A00007275FFA8BF402F101080EE00C98A9B2DA
:1087B000CDE9000AB0B2DAB25B46CDF80890FFF717
:1087C0002FFF264418F8013B83B114FA86F0B0F568
:1087D000A07FEBD33D4417FA85F0EF2806D8D8B236
:1087E00020284FF00006E1D1ECE700BF00BF03B046
:1087F000BDE8F08F70470000FAF74ABAB0B594B000
:1088000000240020CDE90A44CDE90844FBF780FAB2
:10881000212006904FF480300421079001200F9111
:108820005A210C900220109106210D900325CDE9CC
:108830001110139006A80E95FBF72EFE20B1EFF352
:10884000108072B6FEE700BF0F20CDE9010501A838
:108850000421CDE903440594FBF758FC20B1EFF364
:10886000108072B6FEE700BF14B0B0BD4EF688505F
:10887000CEF20000016841F4700101607047000011
:1088800040F6FF330268C4F2000343F2FF3C984213
:10889000C4F2010C0ADD60452EDC40F60043C4F250
:1088A0000003984234D042F600432DE0B0F1804FEF
:1088B0002ED040F20043C4F20003984228D040F684
:1088C0000003C4F20003984222D0604526DC40F247
:1088D000FF73C4F20003984236DD40F60003C4F291
:1088E0000003984246D040F60043C4F20003984289
:1088F00040D042F6004339E045F20003C4F20103E0
:10890000984205D043F20043C4F201039842DCD1FF
:108910004B6822F070021A436045D8DD44F2FF3301
:10892000C4F20103984219DD44F20043C4F201038A
:1089300098421FD045F20003C4F20103984219D0B7
:1089400044F6000312E000BFB0F1804F12D040F2B5
:108950000043C4F2000398420CD00FE043F20043FE
:10896000C4F20103984205D044F20003C4F20103AB
:10897000984203D1CB6822F440721A4380B54B6908
:1089800022F0800E8A6843EA0E03D1F800C003602B
:10899000C262A0F18042A2F596324FEAB222092AC1
:1089A000C0F828C0BDE8804008D8012303FA02F2CD
:1089B00040F2E5231A421CBF0969016301214161AC
:1089C0000169C90708BF7047016921F00101016110
:1089D0007047000010B5846A616A814212D0A16AB2
:1089E000814217D0E16A81421CD0216B814220D1A3
:1089F000C06908210028217704BF012084F84100C4
:108A000017E000BFC16901200029207708BF84F862
:108A10003E000EE0C0690221217750B9012084F8A0
:108A20003F0006E0C0690421217710B9012084F8D5
:108A300040002046FDF7E4F80020207710BD00003C
:108A400010B5846A616A81420AD0A16A814209D064
:108A5000E16A814208D0216B814207D1082004E0FD
:108A6000012002E0022000E0042020772046FDF7EC
:108A7000C9F80020207710BD10B5846A616A814270
:108A80000CD0A16A81420FD0E16A814212D0216BE1
:108A9000814215D0012084F83D0016E001202077A6
:108AA00084F83E0011E000BF02202077012084F806
:108AB0003F000AE004202077012084F8400004E011
:108AC00008202077012084F841002046FCF7E2FDD1
:108AD0000020207710BD000010B586B00020059062
:108AE000CDE90300CDE9010041F24C00C4F20200DF
:108AF000016841F001010160006801A900F0010076
:108B000000900098382001900120029002200490EB
:108B10004FF09040F9F700F840F20044C4F600042A
:108B2000204620210022F9F7D1F820460821002212
:108B3000F9F7CCF8204610210022F9F7C7F806B063
:108B400010BD0000B0B540F20044C4F60004204659
:108B500020210122F9F7BAF8204608210122F9F76D
:108B6000B5F8204608210022F9F7B0F848F2785508
:108B7000C2F20005E8782021C0F380122046F9F700
:108B8000A5F8204608210122F9F7A0F8204608217F
:108B90000022F9F79BF8E8782021C0F34012204624
:108BA000F9F794F8204608210122F9F78FF82046BA
:108BB00008210022F9F78AF8E8782021C0F3001292
:108BC0002046F9F783F8204608210122F9F77EF8BC
:108BD000204608210022F9F779F8E8782021C0F32F
:108BE000C0022046F9F772F8204608210122F9F761
:108BF0006DF8204608210022F9F768F8E87820216E
:108C0000C0F380022046F9F761F8204608210122CE
:108C1000F9F75CF8204608210022F9F757F8E878C0
:108C20002021C0F340022046F9F750F820460821E1
:108C30000122F9F74BF8204608210022F9F746F8FF
:108C4000E878202100F001022046F9F73FF820469D
:108C500008210122F9F73AF8204608210022F9F705
:108C600035F828792021C0F380122046F9F72EF834
:108C7000204608210122F9F729F820460821002280
:108C8000F9F724F828792021C0F340122046F9F79B
:108C90001DF8204608210122F9F718F8204608217E
:108CA0000022F9F713F828792021C0F3001220469A
:108CB000F9F70CF8204608210122F9F707F82046B9
:108CC00008210022F9F702F828792021C0F3C00218
:108CD0002046F8F7FBFF204608210122F8F7F6FFAF
:108CE000204608210022F8F7F1FF28792021C0F35F
:108CF00080022046F8F7EAFF204608210122F8F713
:108D0000E5FF204608210022F8F7E0FF287920211E
:108D1000C0F340022046F8F7D9FF2046082101227F
:108D2000F8F7D4FF204608210022F8F7CFFF686843
:108D3000202100F001022046F8F7C8FF2046082154
:108D40000122F8F7C3FF204608210022F8F7BEFFF2
:108D500068682021C0F340322046F8F7B7FF20466C
:108D600008210122F8F7B2FF204608210022F8F777
:108D7000ADFF68682021C0F300322046F8F7A6FF57
:108D8000204608210122F8F7A1FF204608210022F1
:108D9000F8F79CFF68682021C0F3C0222046F8F74E
:108DA00095FF204608210122F8F790FF2046082170
:108DB0000022F8F78BFF68682021C0F3802220464C
:108DC000F8F784FF204608210122F8F77FFF2046AC
:108DD00008210022F8F77AFF68682021C0F34022BA
:108DE0002046F8F773FF204608210122F8F76EFFAE
:108DF000204608210022F8F769FF68682021C0F3A7
:108E000000222046F8F762FF204608210122F8F7E9
:108E10005DFF204608210022F8F758FF287920211D
:108E2000C2092046F8F752FF204608210122F8F730
:108E30004DFF204608210022F8F748FF68682021EE
:108E4000C0F300422046F8F741FF204608210122E6
:108E5000F8F73CFF204608210022F8F737FF686842
:108E60002021C0F3C0322046F8F730FF2046082109
:108E70000122F8F72BFF204608210022F8F726FFF1
:108E800068682021C0F380322046F8F71FFF204693
:108E900008210122F8F71AFF204608210022F8F7DE
:108EA00015FF204610210122F8F710FF204610215F
:108EB0000022BDE8B040F8F709BF000070B540F2ED
:108EC0000044C4F60004204620210022F8F7FEFEEC
:108ED000204608210122F8F7F9FE20460821002249
:108EE000F8F7F4FE48F278561725C2F2000600BFE4
:108EF00030682021E84000F001022046F8F7E6FE45
:108F0000204608210122F8F7E1FE20460821002230
:108F1000F8F7DCFE013D681CEAD120461021012251
:108F2000F8F7D4FE204610210022BDE87040F8F783
:108F3000CDBE0000816A0A070CD4CA0715D18A0782
:108F40001ED44A0727D4CA0630D48A0639D44A0622
:108F500042D457E00268D0F838C0536823F4004385
:108F600043EA0C035360CA07E9D00268D0F82CC06A
:108F7000536823F4003343EA0C0353608A07E0D5B7
:108F80000268D0F830C0536823F4803343EA0C03FE
:108F900053604A07D7D50268D0F834C0536823F429
:108FA000802343EA0C035360CA06CED50268D0F88A
:108FB0003CC0936823F4805343EA0C0393608A0611
:108FC000C5D50268D0F840C0936823F4005343EA43
:108FD0000C0393604A0615D5D0F800C0436CDCF84A
:108FE0000420B3F5801F22F4801242EA0302CCF879
:108FF000042007D1DCF80420836C22F4C0021A4359
:10900000CCF80420090658BF70470168C06C4A6854
:1090100022F400221043486070470000B0B582B0CF
:1090200004460020C4F89000F8F756FE2168054673
:109030000A68120737D56FF07E4C20464FF40011B6
:1090400000222B46CDF800C000F0ACFC50B300BFAE
:10905000206850E8000F216820F0800041E80002FD
:10906000DAB1206850E8000F216820F0800041E864
:10907000000292B1206850E8000F216820F08000C3
:1090800041E800024AB1206850E8000F216820F052
:10909000800041E80002002ADAD103202021882242
:1090A0006BE000BF2168086840075DD56FF07E4C1B
:1090B00020464FF4800100222B46CDF800C000F07E
:1090C00071FC002850D000BF206850E8000F2168D4
:1090D00020F4907041E80002BAB3206850E8000F15
:1090E000216820F4907041E8000272B3206850E8D3
:1090F000000F216820F4907041E800022AB3206834
:1091000050E8000F216820F4907041E80002002A26
:10911000DAD11AE0206850E8020F216820F001003F
:1091200041E80202DAB1206850E8020F216820F01D
:10913000010041E8020292B1206850E8020F216864
:1091400020F0010041E802024AB1206850E8020F15
:10915000216820F0010041E80202002ADAD1032050
:1091600020218C2209E000BF2020C4F88800C4F828
:109170008C00002170220020E166A150002184F8BB
:10918000841002B0B0BD0000806A0021A0F85E101B
:10919000FDF7A8B8806A0268D0F88830D0F88CC093
:1091A0009168090653D5212B51D10021A0F8561002
:1091B000016851E8001F026821F0C00142E8001375
:1091C000BBB3016851E8001F026821F0C00142E80A
:1091D000001373B3016851E8001F026821F0C00159
:1091E00042E800132BB3016851E8001F026821F028
:1091F000C00142E80013002BDAD11AE0016851E8FF
:10920000021F026821F4000142E80213DBB1016889
:1092100051E8021F026821F4000142E8021393B1F1
:10922000016851E8021F026821F4000142E80213BC
:109230004BB1016851E8021F026821F4000142E8C5
:109240000213002BDAD12021C0F88810026891683F
:10925000490640F18480BCF1220F40F0808000215B
:10926000A0F85E10016851E8001F026821F49071B7
:1092700042E80013DBB1016851E8001F026821F4E5
:10928000907142E8001393B1016851E8001F026831
:1092900021F4907142E800134BB1016851E8001FBE
:1092A000026821F4907142E80013002BDAD14FF6E6
:1092B000FE7CCEF6FF7C00BF026852E8022F0368F6
:1092C00002EA0C0243E80221D9B1016851E8021F09
:1092D000026801EA0C0142E8021393B1016851E807
:1092E000021F026801EA0C0142E802134BB1016857
:1092F00051E8021F026801EA0C0142E80213002B48
:10930000DAD1C16E012924D1016851E8001F026839
:1093100021F0100142E80013DBB1016851E8001FA1
:10932000026821F0100142E8001393B1016851E88E
:10933000001F026821F0100142E800134BB10168E0
:1093400051E8001F026821F0100142E80013002BD1
:10935000DAD12021C0F88C100021C1664167D0F815
:10936000901041F01001C0F89010FCF7BBBF000056
:109370000168806A0968890600F1A1800021A0F8CF
:109380005E1000BF016851E8001F026821F480717F
:1093900042E80013E3B1016851E8001F026821F4BC
:1093A000807142E800139BB1016851E8001F026818
:1093B00021F4807142E8001353B1016851E8001FA5
:1093C000026821F4807142E80013002BDAD100BF5B
:1093D000016851E8021F026821F0010142E802130E
:1093E000BBB3016851E8021F026821F0010142E8A5
:1093F000021373B3016851E8021F026821F00101F2
:1094000042E802132BB3016851E8021F026821F001
:10941000010142E80213002BDAD11AE0016851E899
:10942000021F026821F0400142E80213DBB101682B
:1094300051E8021F026821F0400142E8021393B193
:10944000016851E8021F026821F0400142E802135E
:109450004BB1016851E8021F026821F0400142E867
:109460000213002BDAD12021C0F88C10C16E012923
:1094700025D100BF016851E8001F026821F01001EA
:1094800042E80013DBB1016851E8001F026821F0D7
:10949000100142E8001393B1016851E8001F02680F
:1094A00021F0100142E800134BB1016851E8001FA0
:1094B000026821F0100142E80013002BDAD10021EC
:1094C0000167C16E012918BFFDF758BBB0F85C10E9
:1094D000FCF746BE806A01210167C16E012918BFF1
:1094E000FDF74EBBB0F85C104908FCF739BE000030
:1094F0000168806A0968890648BFFDF7B7BB00218B
:10950000A0F85610016851E8021F026821F080019E
:1095100042E8021383B3016851E8021F026821F098
:10952000800142E802133BB3016851E8021F026860
:1095300021F0800142E80213F3B1016851E8021FF3
:10954000026821F0800142E80213002BDAD113E017
:10955000016851E8001F026841F0400142E8001331
:10956000002B08BF7047016851E8001F026841F0F6
:10957000400142E8001393B1016851E8001F0268FE
:1095800041F0400142E800134BB1016851E8001F6F
:10959000026841F0400142E80013002BD8D1704727
:1095A000806AFDF765BB000070B5054605F108044B
:1095B0001ECC0068194341EA0403EE69046846F6CC
:1095C000F311CCF6FF71214019433143016041682A
:1095D00048F2000C21F4405111434160AA69C4F2E1
:1095E000000C60451CBF296A0A4381684FF2FF43A3
:1095F000C1F2FF13194011438160C16AD5F824E01C
:1096000021F00F0141EA0E01C16244F6FF71C4F27C
:10961000000188424FF0100318DC44F20041C4F20C
:109620000001884228D044F60001C4F200018842BB
:1096300032D044F60041C4F20001884242D141F2E6
:109640008801C4F2020109688B0933E045F2000188
:10965000C4F20001884217D0604525D043F60001CE
:10966000C4F2010188422DD141F28801C4F2020105
:109670000B6876A222E000BF41F28801C4F2020129
:1096800009688B0816E000BF41F28801C4F20201AC
:1096900009680B0A0EE000BF41F28801C4F2020122
:1096A00009680B0906E000BF41F28801C4F202011B
:1096B00009688B0A4DF2B442C0F6000203F00301C0
:1096C00052F82130604542F20040C0F2F40015D05B
:1096D000B6F5004F22D1082B4FF0010100F2AD800A
:1096E000DFE803F0065C74AB64ABABAB720000BFA9
:1096F000FAF774FE002840F05D809AE0082B4FF0E6
:10970000010100F29A80DFE803F0059825981B9884
:1097100098982300FAF762FEB0B98AE0082B4FF060
:10972000010100F28A80DFE803F0053D6F88498877
:1097300088886D00FAF752FE002842D179E000BF18
:10974000FAF778FE002874D0D5F824E002E000BFD4
:109750004FF400404DF29C41C0F6000131F81E105C
:109760006A68B0FBF1F002EB420188424FF0010160
:1097700063D31303984260D8010E000210EB52002D
:1097800041F100010023F6F743FD4FF60052A0F52A
:109790004071C0F20F02914249D34DE0FAF734FE16
:1097A00040B946E0FAF730FE58B942E0FAF742FE17
:1097B00000283ED0D5F824E008E000BFFAF73AFED2
:1097C000B8B3D5F824E01FE04FF400404DF29C41BF
:1097D000C0F6000131F81E106A68B0FBF1F05108C4
:1097E00001EB4000B0FBF2F04FF6EF72A0F1100178
:1097F000914221D84FF6F0710140C0F34200084475
:1098000015E000BF4FF400404DF29C41C0F600014E
:1098100031F81E104FF6EF72B0FBF1F0696800EB03
:109820005100B0FBF1F0A0F11001914204D8296879
:10983000C860002101E000BF01214FF00110A866BF
:10984000002208466A67AA6770BD00BF01000000D9
:10985000040000000200000008000000B0B513463C
:109860000A46816500210446A0F85C30C0F89010DB
:109870002220C4F88C00D4F88000E8B149F2951594
:10988000C0F600054563256849F2713C49F2D54EA2
:10989000C0F6000CC0F6000E816305F12401C0E99A
:1098A0000BCEF8F7B1F838B11020C4F890002020A2
:1098B000C4F88C000120B0BD206928B3206850E8AE
:1098C000000F216840F4807041E80002E2B1206896
:1098D00050E8000F216840F4807041E800029AB11E
:1098E000206850E8000F216840F4807041E80002D1
:1098F00052B1206850E8000F216840F4807041E8C0
:109900000002002ADAD100BF206850E8020F216867
:1099100040F0010041E80202BAB3206850E8020FAB
:10992000216840F0010041E8020272B3206850E86B
:10993000020F216840F0010041E802022AB32068CA
:1099400050E8020F216840F0010041E80202002ABD
:10995000DAD11AE0206850E8020F216840F0400098
:1099600041E80202DAB1206850E8020F216840F0B5
:10997000400041E8020292B1206850E8020F2168DD
:1099800040F0400041E802024AB1206850E8020F6E
:10999000216840F0400041E80202002ADAD10020AC
:1099A000B0BD00002DE9F041804600681546C2694F
:1099B0000E461140891BB1FA81F14909A94223D110
:1099C000069C2CB3611C29D1C1693140891BB1FAB5
:1099D00081F14909A94217D1C1693140891BB1FA06
:1099E00081F14909A9420FD1C1693140891BB1FAFE
:1099F00081F14909A94207D1C1693140891BB1FAF6
:109A000081F14909A942DFD00020BDE8F08100BF03
:109A1000F8F762F90320BDE8F08100BF1F4607E0B8
:109A2000C0693040801BB0FA80F04009A842EBD1F9
:109A3000F8F752F9C01BA04200F2AE80D8F800003F
:109A400001684907ECD5402EEAD0802EE8D0C169E4
:109A5000090700F1A580C1690905E1D54FF400614E
:109A60000162D8F8000050E8000FD8F8001020F488
:109A7000907041E800020AB3D8F8000050E8000FE7
:109A8000D8F8001020F4907041E80002B2B1D8F884
:109A9000000050E8000FD8F8001020F4907041E862
:109AA00000025AB1D8F8000050E8000FD8F80010B2
:109AB00020F4907041E80002002AD2D14FF6FE70E7
:109AC000CEF6FF70D8F8001051E8021FD8F8002039
:109AD000014042E80213F3B1D8F8001051E8021F28
:109AE000D8F80020014042E80213A3B1D8F80010D2
:109AF00051E8021FD8F80020014042E8021353B198
:109B0000D8F8001051E8021FD8F80020014042E8C0
:109B10000213002BD6D1D8F86C0001282CD1D8F82C
:109B2000000050E8000FD8F8001020F0100041E8C5
:109B300000020AB3D8F8000050E8000FD8F800106F
:109B400020F0100041E80002B2B1D8F8000050E85F
:109B5000000FD8F8001020F0100041E800025AB1C0
:109B6000D8F8000050E8000FD8F8001020F01000DE
:109B700041E80002002AD2D120200021C8F88C0040
:109B8000C8F86C10C8F87410C8F89000032088F862
:109B90008410BDE8F08100BF0320BDE8F08100BF64
:109BA00008210162D8F8000050E8000FD8F8001032
:109BB00020F4907041E800020AB3D8F8000050E8A1
:109BC000000FD8F8001020F4907041E80002B2B104
:109BD000D8F8000050E8000FD8F8001020F490707A
:109BE00041E800025AB1D8F8000050E8000FD8F858
:109BF000001020F4907041E80002002AD2D14FF604
:109C0000FE70CEF6FF70D8F8001051E8021FD8F8A9
:109C10000020014042E80213F3B1D8F8001051E8E7
:109C2000021FD8F80020014042E80213A3B1D8F87F
:109C3000001051E8021FD8F80020014042E802134A
:109C400053B1D8F8001051E8021FD8F800200140A5
:109C500042E80213002BD6D1D8F86C0001282CD191
:109C6000D8F8000050E8000FD8F8001020F01000DD
:109C700041E800020AB3D8F8000050E8000FD8F815
:109C8000001020F0100041E80002B2B1D8F8000046
:109C900050E8000FD8F8001020F0100041E8000252
:109CA0005AB1D8F8000050E8000FD8F8001020F0A2
:109CB000100041E80002002AD2D12020C8F88C0010
:109CC00000200821C8F86C00C8F87400C8F890108B
:109CD00088F884000120BDE8F08100004BF2386074
:109CE000C2F20000FCF700BB10B548F28454C2F287
:109CF00000040A4602A0214600F01EFB204610BDCB
:109D000043444320436F6E666967000010B5D0F886
:109D1000BC323BB38E4601EB810100EB810151F86F
:109D2000184F64B1D0F8C4C20EEB8E020CEBC20225
:109D3000D2F820C0B4FBFCF202FB1C42A2B100240A
:109D4000C3F81442D0F8C002D0F810C0BCF1000F24
:109D500006D0D3F8080203F504717246E0470024E8
:109D6000204610BD032010BD00240C607146002267
:109D7000002300F05BFD204610BD0000B0B5D0F818
:109D8000BC527DB1044600F007FCD4F8C02205F5B2
:109D90000371D368D5F80422C5F80C021046984721
:109DA0000020B0BD0320B0BDB0B58121044600F055
:109DB00059FB002520460121258700F053FB204652
:109DC0008221A4F8785100F04DFBD4F8BC02E56480
:109DD00048B1D4F8C00240688047D4F8BC0200F013
:109DE000F3FFC4F8BC520020B0BD000040F2843044
:109DF0001222C2F200000A807047000010B5D0F8AD
:109E0000BC428CB1D0F8C01259B194F80002FF28BE
:109E100007D08B6894F8012221469847FF2084F8E8
:109E20000002002010BD00BF032010BD014640F21B
:109E300098300A22C2F200000A807047014640F2C0
:109E4000FC204322C2F200000A807047014640F223
:109E500040304322C2F200000A807047014640F2BF
:109E6000A4304322C2F200000A807047F0B581B0EE
:109E700004464FF4077000F0A9FFE8B3217C4025A9
:109E8000C4F8BC02002908BF4FF4007506462046FE
:109E9000812102222B4600F0DDFB01272046012113
:109EA00002222B46278700F0D5FB1020A4F84E0095
:109EB0002046822103220823A4F8787100F0CAFB0F
:109EC000D4F8C002A4F84C70006880470020C6F89F
:109ED0001402C6F81802207CD6F804220028204676
:109EE0004FF0010114BF40234FF4007300F0C6FB94
:109EF000002001B0F0BD00BF0020C4F8BC02022069
:109F000001B0F0BD10B548F28454C2F200040A4614
:109F100002A0214600F010FA204610BD4344432021
:109F2000496E7465726661636500000040F2FC3042
:109F30000422C2F200000A807047000010B548F207
:109F40008454C2F200040A4602A0214600F0F4F94B
:109F5000204610BD53544D6963726F656C65637420
:109F6000726F6E696373000010B548F28454C2F2D8
:109F700000040A4602A0214600F0DEF9204610BD8A
:109F800053544D3332205669727475616C20436F9F
:109F90006D506F7274000000D0F8BC12002904BF2D
:109FA0000320704780B590F810C0D1F804224023F8
:109FB0000121BCF1000F08BF4FF4007300F05EFBFD
:109FC000002080BD00290EBF0320C0F8C012002071
:109FD0007047000047F29050C1F6FF700268836836
:109FE0004FF01A0C9B18A1F800C000F0A680B0B585
:109FF0004FF0370C1A0F0CEB13714068B3F1204F80
:10A0000038BF02F1300140F20042C2F2000291700A
:10A0100019014FF0000E0CEB117582F803E0C3F349
:10A020000364B1F1204F38BF04F1300519021571F6
:10A030000CEB117582F805E0C3F30354B1F1204F26
:10A0400038BF04F13005190395710CEB117582F8D6
:10A0500007E0C3F30344B1F1204F38BF04F13005EA
:10A06000190415720CEB117582F809E0C3F303347F
:10A07000B1F1204F38BF04F13005190595720CEB92
:10A08000117582F80BE0C3F30324B1F1204F38BF00
:10A0900004F1300519061573C3F303140CEB1175A5
:10A0A000B1F1204F4FEA037103F00F0382F80DE086
:10A0B00038BF04F1300503F13704957382F80FE0DF
:10A0C000B1F1204F38BF03F13004010F0CEB1073D6
:10A0D000147482F811E0B0F1204F38BF01F1300361
:10A0E00001010CEB1174937482F813E0C0F3036365
:10A0F000B1F1204F38BF03F1300401021475C0F3F1
:10A1000003530CEB1174B1F1204F4FEA003182F888
:10A1100015E038BF03F130040CEB1173947582F82D
:10A1200017E0C0F30340B1F1204F38BF00F1300316
:10A13000137682F819E0BDE8B04040F20040C2F268
:10A1400000007047D0F8BC0200280EBF0320C0F802
:10A150000412002070470000D0F8BC0200280FBF96
:10A160000320C0F80812C0F8102200207047000039
:10A17000F0B581B0D0F8BC420022002C8DF803204D
:10A18000ADF800205CD00B7813F0600214D0202AC8
:10A1900054D1CA8832B35BB2B3F1FF3F2CDD4978AA
:10A1A00084F8012284F80012214600F091F800247E
:10A1B000204601B0F0BD00BF4A780B2A3ED80024EB
:10A1C000DFE802F008063C3C3C3C3C3C3C3C2A3886
:10A1D000EEE700BF90F89C22032A2FD169460222A5
:10A1E00021E000BFD0F8C002002283684878002434
:10A1F0009847204601B0F0BDD0F8C03206469D68B1
:10A200004B780F4618462146A847FA883046072A59
:10A2100028BF0722214606E090F89C22032A0DD190
:10A220000DF10301012200F06DF80024204601B079
:10A23000F0BD00BF90F89C22032AB9D000F03CF892
:10A240000324204601B0F0BDD0F8BC22002A04BF90
:10A2500003207047D2F8141200294FF0010101D0F9
:10A260000846704780B5C2F81412D2F81032D2F8FE
:10A2700008228121C36200F0D9FA0021BDE88040A4
:10A2800008467047D0F8B82222B180B5526890478E
:10A29000BDE880400020704780B513460A46002183
:10A2A00000F0ECF9002080BD80B513460A4600217D
:10A2B00000F0BCFA002080BD10B58021044600F0FB
:10A2C00087FA20460021BDE8104000F081BA000066
:10A2D00080B513460A460321C0F894120021C0E954
:10A2E000563300F0CBF9002080BD000080B5052179
:10A2F000C0F8941200210022002300F0BFF90020D2
:10A3000080BD000080B513460A460221C0F89412B1
:10A310000021C0E9063300F089FA002080BD00006A
:10A3200080B50421C0F8941200210022002300F01F
:10A330007DFA002080BD0000002808BF704710B5DE
:10A340000378ABB100F1020E4FF0000C1EF8013C97
:10A3500093B19EF800309BB19EF80130A3B19EF8F6
:10A3600002300CF1040C002B0EF1040EEED10DE0C6
:10A370004FF0000C0AE000BF4CF0010C06E000BFFB
:10A380004CF0020C02E000BF4CF0030C5FFA8CFCB6
:10A39000022303EB4C03138003220B704A700378F3
:10A3A000A3B3023002224FF0000C00BF5FFA82FE1E
:10A3B00051FA82F401F80E3084F801C010F8013C23
:10A3C00023B3941C5FFA84FE51FA84F401F80E3032
:10A3D00084F801C00378CBB1141D5FFA84FE51FAF2
:10A3E00084F401F80E3084F801C0437873B1941DF1
:10A3F0005FFA84FE51FA84F401F80E3084F801C04B
:10A4000083780832002B00F10400CFD1BDE8104062
:10A4100070470000002804BF032070470023C0F8E5
:10A42000B832C0F8C0320029C0F8CC3218BFC0F82A
:10A43000B412012180F89C12027000F0B1B8000043
:10A4400080B5D0F8C402F8F775FD40F20032C100C3
:10A45000C0F2013222FA01F1032888BF0321C8B2F9
:10A4600080BD000080B5D0F8C402F8F73BFD40F293
:10A470000032C100C0F2013222FA01F1032888BF84
:10A480000321C8B280BD0000B0B569B190F89C222C
:10A49000032A4BD1D0F8B8225269002A46D09047FF
:10A4A000002808BF0020B0BDD0F89412022936D190
:10A4B000D0E9071399420DD9CB1A11461A46C36148
:10A4C0000446FFF7F1FE204600210022002300F0A1
:10A4D000D5F823E010D182698A420DD3D0F89812C2
:10A4E0008A4209D20021002204460025FFF7DCFE43
:10A4F000C4F89852E7E700BF90F89C12032906D1F0
:10A50000D0F8B812C96811B10446884720468021A6
:10A51000044600F05DF92046FFF7E8FE204690F87B
:10A52000A012012904BF002180F8A0120020B0BDB4
:10A5300010B569B190F89C22032A1BD1D0F8B8223B
:10A540009269BAB19047002808BF002010BD00BF33
:10A55000D0F8941203290DD1D0E9571399420BD9A1
:10A56000C91AC0F85C11994238BF0B4611461A4609
:10A57000FFF792FE002010BD90F89C12032906D12F
:10A58000D0F8B812096911B1044688472046FFF790
:10A59000C7FE002010BD0000D0F8C402F8F7FCBCD4
:10A5A00010B504464BF27C1045F60041C2F20000A3
:10A5B000C4F2000101604FF4027181800221C17177
:10A5C0000021C0F8D842C4F8C4028160F9F7EEF95E
:10A5D000002818BFF6F7B0FBD4F8C402002100220F
:10A5E0001823F8F743FCD4F8C40280210022582332
:10A5F000F8F73CFCD4F8C40281210022C023F8F70C
:10A6000035FCD4F8C402012100224FF48873F8F716
:10A610002DFCD4F8C402822100224FF48073F8F795
:10A6200025FC002010BD0000D0F8C40201F07F031B
:10A630004AB203EB830301EB810100EBC30300EBA0
:10A64000C10000F5A970002A48BF03F1120000788C
:10A650007047000080B59446D0F8C4021A4663469D
:10A66000F8F7A4FC40F20032C100C0F2013222FA35
:10A6700001F1032888BF0321C8B280BD80B5D0F89E
:10A68000C402F8F7C3FC40F20032C100C0F201324C
:10A6900022FA01F1032888BF0321C8B280BD00005F
:10A6A000F0B581B004460120002184F89C02C4F872
:10A6B0009412D4F8B8026160C4F8A41200B3D4F8BC
:10A6C000BC1221B1426812B12046002190472046B9
:10A6D00000210022402300254026FFF7BBFF012771
:10A6E0002046802100224023A4F86471C4F86061F0
:10A6F000FFF7B0FFA7842662284601B0F0BD00BF77
:10A700000325284601B0F0BD90F89C12042904BF2F
:10A7100090F89D1280F89C1200207047D0F8B81273
:10A72000002904BF0320704790F89C22032A05D11A
:10A73000C96919B180B58847002080BD00207047E5
:10A74000024600201174704780B5D0F8C402F9F7B2
:10A7500099FA40F20032C100C0F2013222FA01F14E
:10A76000032888BF0321C8B280BD0000B0B500F245
:10A77000AA240546204600F06BF80121C5F8941282
:10A7800095F8AA12B5F8B03201F01F02022AC5F8F6
:10A7900098320FD0012A07D092B928462146BDE849
:10A7A000B04000F083B800BF28462146BDE8B04065
:10A7B00000F0D8BA28462146BDE8B04000F030BAD3
:10A7C00001F080012846BDE8B04000F001B800006B
:10A7D00080B5D0F8C402F8F733FC40F20032C10073
:10A7E000C0F2013222FA01F1032888BF0321C8B266
:10A7F00080BD000080B5D0F8C402F9F75FFA40F2DE
:10A800000032C100C0F2013222FA01F1032888BFF0
:10A810000321C8B280BD0000014690F89C020422CA
:10A8200081F89D02002081F89C22704780B5D0F805
:10A83000C402F8F739FC40F20032C100C0F2013224
:10A8400022FA01F1032888BF0321C8B280BD0000AD
:10A850000A7802704A7842704A8842808A888280E8
:10A86000C988C1807047000010B582B0044600203E
:10A87000ADF8060061B1CA6AC4F8B8122AB10DF188
:10A8800006009047C4F8CC02002002B010BD00BF03
:10A89000032002B010BD0000D0F8B822002A04BF87
:10A8A0000320704712681047FFF7A4BF70B582B04D
:10A8B0000A7812F060020BD0402A02D0202A40F021
:10A8C000D180D0F8B822926802B0BDE8704010473D
:10A8D0004A78092A00F2C680DFE802F00630C45840
:10A8E000C46082C41C4200BF90F89C22013A022A34
:10A8F00000F2B880C988022940F0B480D0F8A412D0
:10A900000322002908BF0122014641F80C2F022230
:10A910003AE100BFC988012940F0A48090F89C1258
:10A920004A1E022A80F098800024014641F8084F10
:10A930000122FFF7E7FC204602B070BD90F89C2290
:10A94000013A022A00F28E8049880024012940F051
:10A950009280C0F8A442FFF7E3FC204602B070BD2D
:10A96000498848F28055C2F2000511F0FE0F2970A7
:10A9700056D080210446FFF72BFF20460021FFF729
:10A9800027FF0324204602B070BD00BF498801297B
:10A9900042D10121C0F8A412FDE000BF8A88002A3C
:10A9A00060D1CA88002A5DD14D887F2D5AD890F891
:10A9B0009C12032956D0E9B280F89E520446FFF754
:10A9C000C3FE20462646FFF7ABFC002D14BF022035
:10A9D000012086F89C020024204602B070BD00BF12
:10A9E0004A884FF0FF3303EB122300260E2BADF8FD
:10A9F000066000F27980DFE803F009594177776952
:10AA000075777777777777774D0000BF0D46D0F869
:10AA1000B4120A6843E000BF0024204602B070BDB3
:10AA200090F89C22032A61D0022A40F087800A060F
:10AA300000F0B18001F00102C9B242600546FFF7A3
:10AA40002BFF002800F0CC80044628468021FFF729
:10AA5000BFFE284600210CE0032903D1011D01227D
:10AA600092E000BF80210446FFF7B2FE204600219D
:10AA70000024FFF7ADFE204602B070BDD2B2052A19
:10AA800032D8DFE802F003C3BBBFB7C7D0F8B422A7
:10AA9000526802E0D0F8B422D2692AB30D460446C7
:10AAA000007C0DF106019047014662E00D46017CF5
:10AAB0000446D0F8B80200290CBF816AC16A0DF1C2
:10AAC000060088470146022052E000BF027C5AB9C6
:10AAD0000446D0F8B8020D46416B0DF106008847D8
:10AAE000014646E0027CCAB304465CE00A0665D033
:10AAF000426801F001018A424DD0D1B20446FFF70D
:10AB0000C1FB2978204661602546FFF7C5FE002875
:10AB100000F08480044628468021FFF759FE28462D
:10AB20000021FFF755FE29792846FFF7ABFB0220ED
:10AB300085F89C02204602B070BD00BF802104460B
:10AB4000FFF746FE20460021FFF742FE2978204607
:10AB5000FFF798FB0324204602B070BD0446D0F8EE
:10AB6000B8020D46016B0DF106008847014607202B
:10AB70004870EA8872B1BDF806309BB1934238BF85
:10AB80001A46ADF806202046FFF7BCFB00242046FD
:10AB900002B070BD2046FFF7C3FB0024204602B080
:10ABA00070BD00BF20468021FFF712FE2046002125
:10ABB000FFF70EFE0024204602B070BD022201F015
:10ABC000010180F89C224160002105460024FFF726
:10ABD00059FB2846FFF7A4FB204602B070BD00BF1A
:10ABE0002846FFF79DFB032085F89C0200242046A1
:10ABF00002B070BDD0F8B42252694EE7D0F8B4224A
:10AC0000D2684AE7D0F8B422126946E7D0F8B422F5
:10AC1000926842E7D0F8B42292693EE72846BAE744
:10AC2000B0B50A7812F060020AD0402A01D0202A7A
:10AC30003DD1D0F8B8229268BDE8B040104700BFBF
:10AC40004A780C4609794AB3012A15D0032A2ED135
:10AC500090F89C22032A13D1628842B911F07F0236
:10AC600005D0E2881AB90446FFF7B2FD2046FFF787
:10AC700057FB0020B0BD00BF90F89C22032A21D0D2
:10AC8000022A14D14A0612D00446FFF7A1FD20463D
:10AC90008021FFF79DFD0020B0BD00BF90F89C22F1
:10ACA000032A23D0022A08BF5FEA416246D08021EE
:10ACB0000446FFF78DFD20460021FFF789FD0020A7
:10ACC000B0BD00BF6288002A4AD14A0603D00546BB
:10ACD000FFF7B6FB28460546FFF722FBD5F8B8027A
:10ACE000214682682846BDE8B040104701F00F02B7
:10ACF00002EB8202802900EB82022CBF928CB2F818
:10AD00006421002AD3D001F07F0202EB820200EB23
:10AD1000820202F1140401EB810200EB820280291D
:10AD200038BF02F5AA744A0614D00546FFF77CFC2A
:10AD300001462846002918BF01210CE009064FF002
:10AD400014024FF0000358BF4FF4AA7281188350C9
:10AD500003E000BF0021216021460222FFF7D2FA62
:10AD60000020B0BDB0B50A7812F0600218BF402ACA
:10AD700016D190F89C22013A022A13D88A8812F040
:10AD8000FE0F0FD1D0F8B822054692680C469047C6
:10AD9000E1880446002908BF002C0FD02046B0BD32
:10ADA000202AE6D080210446FFF712FD204600212C
:10ADB0000024FFF70DFD2046B0BD00BF2846FFF779
:10ADC000AFFA0020B0BD00007047000048F2847068
:10ADD000C2F20000704700002DE9F04191F800E058
:10ADE0000246CC7830F82E0047F270634FEA4E05E9
:10ADF000032C20EA030311D80020DFE804F0030746
:10AE0000100B00BF43F4007309E000BF43F48063FC
:10AE100005E000BF43F4C06301E000BF012048F239
:10AE20008007CFF6FF773B4322F8153032F8153014
:10AE300040F60F76334043EA0E033B4322F81530C9
:10AE40000B7B48F2800C002B50D032F8153040F6C6
:10AE50000F66334048F28006022C08BF06F5807664
:10AE6000334322F81530B2F850300F8902EBCE068A
:10AE7000334427F00107A3F80074B2F850304F892B
:10AE8000334427F00106A3F804644E7832F81530F5
:10AE9000002E57D0590409D532F8151040F60F731B
:10AEA0001940614401F5804122F8151032F815105F
:10AEB000490608D532F8151040F60F731940614461
:10AEC000403122F8151032F8151040F63F73194042
:10AED0000CF120034B40012C08BF41EA0C0322F87F
:10AEE000153032F8151043F60F73C4E04F78B2F8FE
:10AEF0005080CB884FEACE06002F23F0010753D0B5
:10AF000091194144A1F8007432F81510490608D58A
:10AF100032F8151040F60F7319406144403122F8A1
:10AF2000151032F8151040F63F73012C01EA0301A9
:10AF300000F0A2800CF12003594022F81510BDE862
:10AF4000F08100BF5B0409D532F8153040F60F746C
:10AF50002340634403F5804322F8153032F815305E
:10AF60005B064FEACE0308D532F8157040F60F762F
:10AF700037406744403722F81570B2F8504002EB72
:10AF8000030E0EF202431E5B6FF39F261E530969E8
:10AF900051B33E292AD801F001061F5B06EB51068A
:10AFA00047EA862632E000BF931903EB0804A4F8B1
:10AFB0000474B2F8504003F206431E5B6FF39F2601
:10AFC0001E53096900295DD03E295DD801F00106B4
:10AFD0001F5B06EB510147EA8121195332F8151026
:10AFE000490466D46FE000BFE65A0AE0CF064FEA94
:10AFF00051161F5B4FF0FF3808BF08EB511647EAA8
:10B00000862648F20007CFF6FF773E431E53B2F87C
:10B0100050400EF206431F5B6FF39F271F5349B149
:10B020003E2909D801F001071E5B07EB510146EAF2
:10B03000812111E0E15A0AE0CE061E5B4FEA51176A
:10B040004FF0FF3E08BF0EEB511746EA872148F24A
:10B050000007CFF6FF773943195332F8151043F63E
:10B060000F7319400CF54053594022F8151032F86F
:10B07000151040F63F73194041EA0C0122F81510F3
:10B08000BDE8F081E15A0AE0CF061F5B4FEA511696
:10B090004FF0FF3808BF08EB511647EA862148F207
:10B0A0000006CFF6FF763143195332F815104904E4
:10B0B00009D532F8151040F60F731940614401F5B7
:10B0C000804122F81510BEF1000F0BD032F8151098
:10B0D00043F60F7319400CF50053594022F8151030
:10B0E000BDE8F081118843F60F7319400CF5405309
:10B0F000594022F81510BDE8F0810000B0B50C7879
:10B100004B78097B024630F824004CF2800C4CF25C
:10B11000800500294FEA44013AD0002B42D0400478
:10B1200008D532F8110040F60F73184040EA0C00C1
:10B1300022F8110032F8110043F60F7E400640F667
:10B140003F7009D532F8113040F60F742340634444
:10B15000A3F57F5322F8113032F8113040F60F7406
:10B1600023402B43ACF5804522F8113032F81130E2
:10B170001840284322F8110032F8110000EA0E00AE
:10B180006044A0F58043002022F81130B0BD00BF1C
:10B19000F3B1400640F63F7EEED5ACF57F5540F664
:10B1A0000F70E3E7400408D532F8110040F60F7342
:10B1B000184040EA0C0022F8110032F81100ACF5FA
:10B1C0007F55400640F63F7E43F60F70BAD4C3E782
:10B1D000400443F60F7ECFD540F60F70C6E700005F
:10B1E0000146B0F8580040F400420020A1F8582071
:10B1F0007047000001460120A1F840000022002015
:10B20000A1F84020A1F84420A1F850207047000088
:10B210000146B0F8400044F27F0202400020A1F84D
:10B220004020704780B50A784B7830F822C04FEA4A
:10B2300042024BB15FEA4C6348F2A00E16D4C978C3
:10B24000012920D1002080BD5FEA4C414BF2800EE5
:10B2500009D530F8121040F60F731940714401F50A
:10B26000805120F8121043F60F710EE030F812C032
:10B2700040F60F7303EA0C037344203320F81230B6
:10B28000C9780129DED040F63F7130F812301940FC
:10B2900081EA0E0120F81210002080BD02460B78D2
:10B2A000487832F823C040F63F71002848F29000F9
:10B2B00008BF43F60F71CFF6FF7008BF00F57F603F
:10B2C00001EA0C014140002022F8231070470000E1
:10B2D0002DE9F04F82B04A78012A5BD18B690A6967
:10B2E0000F7B934228BF1346002F79D0CF780C6A8A
:10B2F000022F40F0B1800D7840F60F6630F82570CF
:10B300004FEA450E944206EA070648F2B00C40F2B6
:10B31000E78047F65077F61BD036A4EB030A20F8F7
:10B320001E60C1F820A030F81E60B0F85070ED002B
:10B3300076069EB200EB050800F1268108EB0704B3
:10B34000A4F80234D1F814B0002E00F035820D8933
:10B350000136054405F580694FF0FF3505EB5604CD
:10B36000C6F34105002D4FEA560700F095815E4671
:10B37000CDE9004836F8028B5C46CB46012D2BF810
:10B38000028B40F08D81DDF80480013FD946A34651
:10B39000FFE100BF0A7B002A48F2B00244D0CB781C
:10B3A000012B00F08D80022B40F09680CF690B7846
:10B3B000002F00F0888030F8231044F24007394015
:10B3C000B94202D0002940F07E80590030F8117057
:10B3D00040F60F7637401744103720F8117072E0AE
:10B3E0001A0400F02781CA88D1F814E0024402F55B
:10B3F0008068012212FA83F24FF0FF37C2F3410452
:10B4000007EB520C002C4FEA520200F00081774605
:10B4100037F8025B4646012C26F8025B40F0DE80DE
:10B42000013ABE46B046F2E08F691FB9CB78002BD7
:10B4300000F0E080A2F130060B7840F60F6430F89F
:10B44000235025402E4320F823600E69B74294BF55
:10B450000027BF1B36E000BFE21A0F780A6230F8FF
:10B460002720B0F85040FD00520605444FEA470E31
:10B470009AB248F2B00C2C4462D4002AA4F80234E8
:10B4800000F0E4800B890132496903444FF0FF3436
:10B49000C2F3410503F5806304EB5208002D4FEA27
:10B4A000520200F01C810E4636F8024B1F46012D59
:10B4B00027F8024B40F0D880013A31463B460EE176
:10B4C0000B7800278F6142F6D0714FEA430E02EBF2
:10B4D000010C43F60F71BBE0012002B0BDE8F08F14
:10B4E00047F65072B21A303A20F81E20B0F85020B9
:10B4F00000EBC5031A442304A2F8024400F0A6801E
:10B500000A894969024402F58063012212FA84F231
:10B510004FF0FF34C2F3410504EB5208002D4FEA0F
:10B52000520200F0F8800E4636F8024B1F46012DFD
:10B5300027F8024B40F0A080013A31463B46EAE052
:10B54000002AA4F8063400F081804B890132496951
:10B5500003444FF0FF34C2F3410503F5806304EB6D
:10B560005208002D4FEA520200F0F1800E4636F8E4
:10B57000024B1F46012D27F8024B40F08580013A0F
:10B5800031463B46E3E000BF08EB0705A5F806346B
:10B59000D1F814B0002E00F067814D8901360544C2
:10B5A00005F580694FF0FF3505EB5604C6F34105FC
:10B5B000002D4FEA560771D05E46CDE9004836F8B7
:10B5C000028B5C46CB46012D2BF8028B74D1DDF843
:10B5D0000480013FD946A34633E100BFBEF80250C4
:10B5E000022CA8F8025009D108F104080EF1040E4B
:10B5F000023A0CE002F1D0061EE700BFBEF804409C
:10B600000EF1060EA8F8044008F10608033ABCF152
:10B61000030F0FD3AEF10807A8F1080637F8085F4B
:10B62000043A26F8085F7D887580BD88B580FD885E
:10B63000F580F3D1B0F850200978024402EBC10242
:10B6400048F2B00CA2F802344FEA410E40F63F71C6
:10B6500030F81E20114081EA0C0120F81E10002055
:10B6600002B0BDE8F08F00BF4C88022D5C8031D164
:10B6700004330431023A32E04C88022D5C8045D11B
:10B6800004330431023A46E04C88022D5C8059D1E3
:10B6900004330431023A5AE05E467BE05E46D1E074
:10B6A0006688022DA346A9F8026067D109F1040952
:10B6B0000BF10406023F6AE06688022DA346A9F852
:10B6C000026040F0B38009F104090BF10406023F67
:10B6D000B5E000BF8C8806319C800633033AB8F190
:10B6E000030FB3D3A1F10804083B00BF34F8081FCF
:10B6F000043A23F8081F61885980A1889980E1885D
:10B70000D98040F63F71F1D1A2E700BF8C880631A5
:10B710009C800633033AB8F1030F97D3A1F10804D4
:10B72000083B00BF34F8081F043A23F8081F61885B
:10B730005980A1889980E188D98040F63F71F1D184
:10B7400086E700BF8C8806319C800633033AB8F147
:10B75000030FFFF47BAFA1F10804083B34F8081F86
:10B76000043A23F8081F61885980A1889980E188EC
:10B77000D98040F63F71F1D16AE700BFBBF80450B1
:10B780000BF10606A9F8045009F10609033FDDF89C
:10B790000480009C032C0FD3083EA9F1080500BFCC
:10B7A00036F8084F043F25F8084F74886C80B48839
:10B7B000AC80F488EC80F3D10BEB030600244E61DF
:10B7C000924588BFAAEB03040C62B0F8502088BFF2
:10B7D0009A4608EB02031FFA8AF2002AA3F806A48D
:10B7E0003FF434AF4989013201444FF0FF33C2F3D3
:10B7F000410401F5806103EB5208002C4FEA52022C
:10B800006FD0354635F8023B0F46012C27F8023B36
:10B8100004D1013A2E46394663E000BF7388022CFA
:10B820004B8059D104310436023A5AE0BBF8045037
:10B830000BF10606A9F8045009F10609033FDDF8EB
:10B840000480009C032C0FD3083EA9F1080500BF1B
:10B8500036F8084F043F25F8084F74886C80B48888
:10B86000AC80F488EC80F3D10BEB030600244E612E
:10B87000924588BFAAEB03040C62B0F8502088BF41
:10B880009A4608EB02031FFA8AF2002AA3F802A4E0
:10B890003FF4DCAE0989013201444FF0FF33C2F3BB
:10B8A000410401F5806103EB52084FEA5202B4B340
:10B8B000354635F8023B0F46012C27F8023B03D1F1
:10B8C000013A2E4639462AE07388022C4B8021D15A
:10B8D00004310436023A22E0B38806368B80063102
:10B8E000033AB8F1030FFFF4B1AEA6F10803A1F1DA
:10B8F000080400BF33F8081F043A24F8081F5988C9
:10B9000061809988A180D988E18040F63F71F1D1AA
:10B910009EE600BFB38806368B800631033AB8F145
:10B92000030FFFF493AEA6F10803A1F1080400BFD2
:10B9300033F8081F043A24F8081F59886180998851
:10B94000A180D988E18040F63F71F1D180E6000006
:10B95000014600204BF68072A1F84400A1F8402077
:10B96000704700004BF27C10C2F20000F7F7B8BB42
:10B97000B0F844007047000070B51044022B00F589
:10B98000806440D34FF0FF32C3F34105580802EB07
:10B99000530C4DB1224632F8026B8E46012D2EF823
:10B9A000026B07D1013815E02246BCF1030F1446A3
:10B9B00016D229E06288022D4A8005D1221D01F1AC
:10B9C000040E023806E000BFA688A21D01F1060E93
:10B9D00003388E807146BCF1030F144614D300BFA8
:10B9E00032F8086B043821F8086B32F8066C21F83D
:10B9F000066C32F8046C21F8046C32F8026C21F801
:10BA0000026CEDD114468E46D8071CBF20888EF8F4
:10BA1000000070BD002904BF8021A0F84C10002058
:10BA200070470000002B08BF7047B0B5104400F508
:10BA3000806E581C4FF0FF32C0F3410302EB500CF4
:10BA40004FEA5000BBB10A4632F8025B7446012B44
:10BA500024F8025B06D101381146A646BCF1030F5B
:10BA60000CD21BE04A88022BAEF802201AD10EF14C
:10BA7000040E04310238BCF1030F0FD30839AEF1C4
:10BA8000080200BF31F8083F043822F8083F4B880D
:10BA900053808B889380CB88D380F3D1BDE8B040AE
:10BAA000704700BF8A880631AEF804200EF1060EFA
:10BAB0000338BCF1030FE1D2F0E70000FEE700001D
:10BAC00080B584B04DF2D44CC0F6000C0A200A2197
:10BAD000A022A023CDF800C0FCF736F940F22820C0
:10BAE000C2F20000D0E900304FF6FF7149F6D442AF
:10BAF0004FF0000CCDE90001C0F601020020B42196
:10BB0000CDF808C0FCF740FE04B080BD10B50021A0
:10BB1000044600F035F82046012100F031F82046B7
:10BB2000022100F02DF82046032100F029F82046DC
:10BB3000042100F025F82046052100F021F82046D8
:10BB4000062100F01DF82046072100F019F82046D4
:10BB5000082100F015F820460921BDE8104000F04A
:10BB60000FB800004BF2BC4049F6A412C2F200002C
:10BB7000C2F2000208214FF48473FAF707B90000FB
:10BB800080B5020249F6A41E01EB4102C2F2000E8A
:10BB90004FF05A030EEB02114FEA021258BF2D2349
:10BBA0002EF8023042024FF05A0258BF2D224A802E
:10BBB00082024FF05A0258BF2D228A80C2024FF0F3
:10BBC0005A0258BF2D22CA8002034FF05A0258BFB2
:10BBD0002D220A8142034FF05A0258BF2D224A817A
:10BBE00082034FF05A0258BF2D228A81C2034FF0C0
:10BBF0005A0258BF2D22CA8102044FF05A0258BF80
:10BC00002D220A8242044FF05A0258BF2D224A8246
:10BC100082044FF05A0258BF2D228A82C2044FF08C
:10BC20005A0258BF2D22CA8202054FF05A0258BF4D
:10BC30002D220A8342054FF05A0258BF2D224A8313
:10BC400082054FF05A0258BF2D228A83C2054FF059
:10BC50005A0258BF2D22CA8302064FF05A0258BF1B
:10BC60002D220A8442064FF05A0258BF2D224A84E0
:10BC700082064FF05A0258BF2D228A84C2064FF026
:10BC80005A0258BF2D22CA8402074FF05A0258BFE9
:10BC90002D220A8542074FF05A0258BF2D224A85AD
:10BCA00082074FF05A0C4FF05A0258BF2D228A8556
:10BCB000C00708BF4FF02D0CA1F82EC080BD0000BA
:10BCC000A0B0F6F7F3FF00240020CDE90844CDE949
:10BCD0000644F8F71DF8212004904FF48030042129
:10BCE000059001200D915A210A9002200E91062103
:10BCF0000B900325CDE90F10119004A80C95F8F7CF
:10BD0000CBFB28B1EFF3108072B600BFFEE700BF97
:10BD10000F20CDE9120512A80421CDE91444169490
:10BD20004FF00409F8F7F2F920B1EFF3108072B682
:10BD3000FEE700BF002441F24C080894CDE9064418
:10BD4000CDE90444C4F20208D8F8000040F6000629
:10BD500040F00400C8F80000D8F80000C4F600065F
:10BD600000F0040012901298D8F800004EF620015E
:10BD700040F02000C8F80000D8F80000002200F0D1
:10BD8000200012901298D8F800004EF6200740F0DC
:10BD90000100C8F80000D8F8000000F0010012907F
:10BDA0001298D8F8000040F00200C8F80000D8F857
:10BDB000000000F0020012901298D8F8000040F045
:10BDC0000800C8F80000D8F8000000F00800129041
:10BDD00012983046F5F77AFF4FF090400421002288
:10BDE000F5F774FFA6F5806528464CF2380100226D
:10BDF000F5F76CFF06F5806B584604210022F5F735
:10BE000065FF049704AF4FF0010A30463946CDE98B
:10BE100005A40794F5F780FE4FF090403946CDE930
:10BE2000049ACDE90644F5F777FE082004904FF414
:10BE300088194FF090403946CDE90594F5F76CFE2E
:10BE4000F02004900320CDE905044FF090403946DE
:10BE5000F5F762FE1020CDE9040930463946069414
:10BE6000F5F75AFE40F20710CDE904092846394695
:10BE70000694F5F751FE4CF23800CDE9040A284645
:10BE80003946CDE90644F5F747FE042004905846AC
:10BE900039460425CDE905A40794F5F73DFE58F889
:10BEA000040C002140F0040048F8040C58F8040C7D
:10BEB000002200F004000490049858F8040C40F0AC
:10BEC000010048F8040C58F8040C00F0010004903C
:10BED000049858F8040C40F0020048F8040C58F894
:10BEE000040C00F00200049004980B20F6F742FFC7
:10BEF0000B20F6F72DFF0C2000210022F6F73AFF69
:10BF00000C20F6F725FF0D2000210022F6F732FF66
:10BF10000D20F6F71DFF0E2000210022F6F72AFF64
:10BF20000E20F6F715FF0F2000210022F6F722FF62
:10BF30000F20F6F70DFF102000210022F6F71AFF60
:10BF40001020F6F705FF112000210022F6F712FF5E
:10BF50001120F6F7FDFE382000210022F6F70AFF37
:10BF60003820F6F7F5FE602000210022F6F702FFE8
:10BF70006020F6F7EDFE4AF66030C2F200004FF0A6
:10BF8000A041C0E90014082181614FF480718183D0
:10BF90004FF4B4614FF48062CDE913440B94CDE9C2
:10BFA0000944C0E90244C0E9044A056280F824401B
:10BFB000C0E90B1280F838A0C46380F84040F5F760
:10BFC00053F928B1EFF3108072B600BFFEE700BF4F
:10BFD0004AF6603040F6000BC2F2000012A9C4F627
:10BFE000000B1294F4F7AEFE20B1EFF3108072B69E
:10BFF000FEE700BF40F20010C2F28010049006205D
:10C000007F2105900020079104210690CDE90810BA
:10C010004AF66030C2F2000004A9F4F72DFF28B1FF
:10C02000EFF3108072B600BFFEE700BF40F20020C1
:10C03000C2F2B05004900C2005904AF66030C2F273
:10C04000000004A9F4F718FF20B1EFF3108072B6D6
:10C05000FEE700BF0220C0F230400490122005909D
:10C060004AF66030C2F2000004A9F4F705FF28B1D7
:10C07000EFF3108072B600BFFEE700BF0420C0F6E9
:10C0800060000490182005904AF66030C2F200006B
:10C0900004A9F4F7F1FE28B1EFF3108072B600BFE7
:10C0A000FEE700BFABF17840A0F580614AF6CC30E6
:10C0B0000024C2F200000422C0E900140121CDE9ED
:10C0C0001344CDE90A44C0E90244C0E90444826152
:10C0D0008483016280F82440C0E90B4480F8384032
:10C0E000C46380F84040F5F7BFF828B1EFF3108043
:10C0F00072B600BFFEE700BF4AF6CC30C2F20000C5
:10C1000012A91294F4F71EFE20B1EFF3108072B65C
:10C11000FEE700BF2020C1F2F04004900620059009
:10C120007F20002407900420CDE908044AF6CC3093
:10C13000C2F2000004A90694F4F79EFE20B1EFF3CA
:10C14000108072B6FEE700BF40F20046C4F200065F
:10C150004BF2E80006F5F841C2F200000C234FF460
:10C16000612280E81600C0E90344C0E90534C0E953
:10C1700008448462FAF7E0FB20B1EFF3108072B656
:10C18000FEE700BF4BF2E800C2F200000021FAF720
:10C190005FF818B1EFF3108072B6FEE74BF2E800DB
:10C1A000C2F200000021FAF70DF818B1EFF3108089
:10C1B00072B6FEE74BF2E800C2F20000F9F768FF42
:10C1C00020B1EFF3108072B6FEE700BF4BF258408B
:10C1D00006F56051C2F200004FF482724FF4004342
:10C1E0004FF4E067022500244FF4007C4FF0100E5E
:10C1F00080E88E0007210822C0E90454C0E906CE79
:10C20000C0E90844C0E90A41C0E90C42F8F7AEFBB6
:10C2100020B1EFF3108072B6FEE700BF4BF294003E
:10C2200006F5E841C2F2000041F236220123C4F2D1
:10C23000620280E81600C0E90334C0E90544C0E9A1
:10C240000744F6F72FF818B1EFF3108072B6FEE747
:10C250004BF29400C2F200000021F5F7D9FF18B1AB
:10C26000EFF3108072B6FEE74BF29400C2F20000CA
:10C2700000210024F5F7F2FF20B1EFF3108072B631
:10C28000FEE700BF40F22047C2F2000706F59431F6
:10C29000384640F80C1F4FF6FF71C0E90314012126
:10C2A000CDE90414CDE90614CDE90A1404A91494C7
:10C2B000CDE91244C0E90144C0E90544CDE9084490
:10C2C0000C94F9F7B1F818B1EFF3108072B6FEE7ED
:10C2D000002407F10C0012A9CDE912441494F8F7D8
:10C2E0004BFE18B1EFF3108072B6FEE74BF2085028
:10C2F000C2F200004FF6FF71C0E902410121CDE911
:10C300000414CDE90614CDE90A1404A91394C0E974
:10C31000006404618461CDE908440C94F9F784F861
:10C3200020B1EFF3108072B6FEE700BF4BF2085564
:10C33000C2F20005002412A9284612941494F8F7BA
:10C340001BFE18B1EFF3108072B6FEE74BF25450AB
:10C3500006F58061C2F20000C0E9001401214FF629
:10C36000FF72CDE90414CDE90614CDE90A1404A93D
:10C370001394C0E9024204618461CDE908440C943D
:10C38000F9F752F820B1EFF3108072B6FEE700BF64
:10C390004BF25458C2F20008002412A940461294ED
:10C3A0001494F8F7E9FD18B1EFF3108072B6FEE7C8
:10C3B0004BF2BC4006F5A631C2F200004FF6FF7208
:10C3C000C0E90014C0E90242C0E904448461F9F7FD
:10C3D000ABFB18B1EFF3108072B6FEE74BF2BC4036
:10C3E0000024C2F200001CA9CDE91C441E94F8F7F9
:10C3F000C3FD18B1EFF3108072B6FEE76020CDE9FF
:10C4000012044BF2BC40C2F2000012A90822CDE98E
:10C410001444CDE916441894F9F788F920B1EFF3E4
:10C42000108072B6FEE700BF00244FF40050CDE943
:10C4300009044FF00070CDE90D044BF2BC40C2F28C
:10C44000000004A90894CDE90644CDE90444CDE9EF
:10C450000B44CDE90F44F8F725FD18B1EFF3108038
:10C4600072B6FEE74BF2BC40C2F20000F9F714F9D5
:10C4700004A834211F94CDE91D441894CDE9164435
:10C48000CDE91444CDE91244F3F70CFF4BF2EC5024
:10C4900006F59831C2F2000040F2E733B32280E89B
:10C4A0001600C0E90334C0E90544F8F7D5FD18B11A
:10C4B000EFF3108072B6FEE74FF480501C904BF201
:10C4C000EC50C2F200001CA9F8F79EFE20B1EFF379
:10C4D000108072B6FEE700BF4BF2EC50C2F20000D3
:10C4E000F9F722FB20B1EFF3108072B6FEE700BF30
:10C4F0004BF2EC500024C2F2000019A9CDE9194416
:10C500001B94F8F739FD18B1EFF3108072B6FEE70F
:10C51000602012904FF4FA70CDE913044BF2EC5006
:10C52000C2F2000012A90022CDE91544CDE917445A
:10C53000F9F7FCF820B1EFF3108072B6FEE700BF08
:10C5400000244FF40050CDE909044FF00070CDE90C
:10C550000D044BF2EC50C2F2000004A90894CDE99E
:10C560000644CDE90444CDE90B44CDE90F44F8F786
:10C5700099FC18B1EFF3108072B6FEE74BF2EC5065
:10C58000C2F20000F9F788F84BF2386006F59A31EC
:10C59000C2F200000C234FF4613280E81600C0E9BB
:10C5A0000344C0E90534C0E90744C0E90944FAF787
:10C5B000C3F918B1EFF3108072B6FEE74BF23860A2
:10C5C000C2F200000021F9F743FE18B1EFF310802A
:10C5D00072B6FEE74BF23860C2F200000021F9F7B4
:10C5E000F1FD18B1EFF3108072B6FEE74BF2386937
:10C5F000C2F200094846F9F74BFD18B1EFF310807D
:10C6000072B6FEE7FBF7D4F94BF2A050002406F512
:10C610004061C2F20000B4220594C0E90014C0E9F0
:10C6200002428461F8F718FD20B1EFF3108072B672
:10C63000FEE700BF202004904BF2A050C2F20000A1
:10C6400004A90694F8F798FC20B1EFF3108072B6B5
:10C65000FEE700BF4AF69870002106F5B232C2F23A
:10C6600000000991CDE90711CDE90511C0E90021CC
:10C670008160F5F761FB18B1EFF3108072B6FEE749
:10C680004AF69870C2F200000C21F5F72BFB18B1A6
:10C69000EFF3108072B6FEE74AF69870C2F200001F
:10C6A0000A21F5F70BFC18B1EFF3108072B6FEE724
:10C6B00060201290082015904AF698700024C2F26B
:10C6C000000012AA0221CDE91344F5F70BFD18B1C1
:10C6D000EFF3108072B6FEE74AF69870C2F20000DF
:10C6E00004AA022104940A94F5F736FD20B1EFF371
:10C6F000108072B6FEE700BF30201C900020CDE90C
:10C700001D004AF69870C2F200001CAB02211022F4
:10C71000F5F712FC20B1EFF3108072B6FEE700BF10
:10C720004AF69874C2F200042046F5F795FBBA4623
:10C730005AF80C0F47F6FF71416228684FF4805297
:10C740004162D8F8000041624AF6603040F2785108
:10C75000C2F20000C2F20001F4F766FF4BF2A050F3
:10C76000C2F20000F8F7F6FC50463C21F8F734FF1F
:10C7700028463C21F8F730FF40463C21F8F72CFFD3
:10C780004BF2EC50C2F200000021F9F73DFAFAF743
:10C7900009FDFBF73FFBFFF793F9F4F7C3F9FCF74B
:10C7A0009BF94FF48050FFF7B1F9FFF7DBF9204612
:10C7B00002211022F5F754FC40F27841C2F2000148
:10C7C00048464FF48072F9F77FFCD9F8800040F2B8
:10C7D0000C090068C2F20009016821F0040101603F
:10C7E00007F108000390381D029044F27850C2F21D
:10C7F0000000A0F1080A3878C8B14FF48064D04630
:10C8000058F8105F484658E90223D8F804601EA182
:10C81000CDE9005600F042F84846F3F74EFD81B2EC
:10C820004846F4F735FA013CEAD10020387049F661
:10C83000B830C2F20000FAF707FD58462021012265
:10C840005C46F5F743FADDE90210F4F791F9584632
:10C8500020210022F5F73AFAFCF730FBFCF772F9D9
:10C8600040F22020C2F2000002684AF69870C2F23C
:10C8700000000168C1F89C210821F5F713FC387805
:10C880000028BAD1D3E700BF4144433A2025642CA5
:10C8900025642C25642C25640D0A00000FB4084B78
:10C8A00010B504A902AA039800F088FB044602A967
:10C8B000002000F02DFC204610BC5DF814FB0000A9
:10C8C00011D1000803B401984100009850EAC1203A
:10C8D00018BF04204A0D18BF40F0010040F2FF725B
:10C8E000B2EB515F08BF40F00200012808BF0520ED
:10C8F00002B070470000000070B59B482DED020BA0
:10C900002DED068B079D25F00044A04218DC9748CA
:10C91000844202DC0AD1069840B19DED060BBDECC5
:10C92000068B02B0BDE8704000F00BBB002DCCBF01
:10C930009FED8F0B9FED900BBDEC068B02B070BD91
:10C940008F48A04215DD8F48A042D8BF4FF0FF347A
:10C9500058DD9DED060B51EC100BFFF7B3FF0428DB
:10C9600008BF00F005FB9DED060BBDEC068B02B089
:10C9700070BD9DED060B51EC100B00F0D6FBCDE920
:10C98000060181489FED828BA0423CDD8248A04297
:10C990001FDD00249FED82AB9DED060B53EC1A2B9F
:10C9A00051EC100BF3F790FC9DED060B41EC190BCD
:10C9B00053EC1A2B51EC100BF3F72DFD53EC182B05
:10C9C000F3F723FD53EC192BF3F797FDCDE906019F
:10C9D00049E09DED060B012453EC182B51EC100B94
:10C9E000F3F772FC9DED060B41EC190B53EC182B81
:10C9F00051EC100BF3F709FD53EC192BF3F77DFD08
:10CA0000CDE906012FE06848A0421FDD02249FED1A
:10CA1000689B9DED060B53EC192B51EC100BF3F7B3
:10CA2000FAFC53EC182BF3F74FFC9DED060B41EC91
:10CA3000180B53EC192B51EC100BF3F7E6FC53ECED
:10CA4000182BF3F75AFDCDE906010CE09DED060B1E
:10CA5000032453EC102B9FED580B51EC100BF3F704
:10CA60004CFDCDE906019DED060B53EC102B51EC6E
:10CA7000100BF3F7D0FC41EC180B53EC182BF3F729
:10CA8000CAFC41EC190B4E480621B0EE490AF0EE03
:10CA9000690A784400F0D9F953EC182B51EC100BCB
:10CAA000F3F7B9FC41EC180B4648B0EE490AF0EE3A
:10CAB000690A0521784400F0C8F953EC192B51ECB0
:10CAC000100BF3F7A8FC41EC100B51EC180B53ECD6
:10CAD000102B002C0EDAF3F7F7FB9DED061B53EC41
:10CAE000112BF3F798FC9DED061B53EC112BF3F77C
:10CAF0008FFC35E0F3F7E8FB9DED061B53EC112BA3
:10CB0000F3F789FC41EC100B2F48784400EBC4008C
:10CB100090ED001B51EC100B53EC112BF3F775FC4F
:10CB20009DED061B53EC112BF3F76FFC41EC100B42
:10CB30002648784400EBC40090ED001B51EC100B2C
:10CB400053EC112BF3F764FC41EC100B002DA2BF4A
:10CB5000BDEC068B02B070BD51EC100B81F00041B2
:10CB600041EC100B01E70000000010440000F07FD2
:10CB7000182D4454FB21F93F182D4454FB21F9BFD3
:10CB80000000DC3F0000203E0000F33F00000000FA
:10CB9000000000000000F03F0000E63F0000000041
:10CBA0000000000000000040008003400000000082
:10CBB000000000000000F83F000000000000F0BF8F
:10CBC0001A070000D00600005A06000012060000F6
:10CBD00070B56F4E2DED040B2DED048B82B0DDF89A
:10CBE00024C0DDE907235C422CF000411C4341EAEC
:10CBF000D474069D22F00040B44205D86C422C4308
:10CC000040EAD474B4420BD99DED081B9DED060B90
:10CC100002B0BDEC048B04B0BDE8704000F09BB9DD
:10CC2000ACF14054A4F17F641C430BD0022404EA0D
:10CC3000AC7444EAD27405439FED578B9FED582B9B
:10CC400007D015E09DED060B51EC100B00F065FAD6
:10CC500042E0002C11BF012C9DED060B02B0BDEC93
:10CC6000048B04BF04B070BD022C38D0032C3BD021
:10CC70000B439FED4D1B9FED4E0B0AD0B14218D1D7
:10CC8000B04209D121F0804120F080400991079005
:10CC90000FE0002A15DA10E0474B7B44002C08BF58
:10CCA00093ED000B0DD0012C10D0022C17D0032CCB
:10CCB0001AD0B0421DD1002A03DAB0EE410AF0EEDC
:10CCC000610A02B0BDEC048B04B070BD93ED000BA3
:10CCD00051EC100B81F0004141EC100BF1E7B0EE8C
:10CCE000480AF0EE680AECE7B0EE420AF0EE620A9B
:10CCF000E7E7401A00159FED329B3C28C8BF8DED39
:10CD0000000B17DCBCF1000FBCBF10F13C0F8DED28
:10CD1000009B0FDB9DED080B53EC102B9DED060BDC
:10CD200051EC100BF3F7E9FB00F0FFF900F0F5F917
:10CD3000CDE90001B4B1012C10D0022C9FED220BE3
:10CD400053EC102B9DED000B51EC100B19D0F3F7A9
:10CD50005CFB53EC182BF3F758FBBDE7019880F010
:10CD6000004001909DED000B53EC192B51EC100B82
:10CD7000F3F7B2FD04BF022000F01AF99DED000B9D
:10CD80009FE7F3F742FB53EC182BF3F741FBA3E7C4
:10CD90000000F07F00000000182D4454FB210940E2
:10CDA000182D4454FB2109C0182D4454FB21F9BF10
:10CDB000182D4454FB21F93F4205000000000000FB
:10CDC0000000000000000000075C143326A6A13C10
:10CDD00000B52DED048BB0EE409AF0EE609A83B072
:10CDE00051EC190BF3F727FD41EC180B18EE100A64
:10CDF00018EE901A8DED008B002818BF0120084313
:10CE000020F00040C0F17F6000F1E040C00F14D07E
:10CE100019EE101A19EE900A8DED009B002918BF2B
:10CE20000121084320F00040C0F17F6000F1E040A4
:10CE3000C00F04BF012000F0BBF8B0EE480A03B0F9
:10CE4000F0EE680ABDEC048B00BD70B504462DED14
:10CE5000028B4D1E00EBC500B0EE408AF0EE608AFA
:10CE600090ED000B35F0060017D053EC182B51EC69
:10CE7000100BF3F7D0FA41EC100B6D1E04EBC5005C
:10CE800090ED001B51EC100B53EC112BF3F71CFA37
:10CE900041EC100B35F00600E7D1022D36D0042D01
:10CEA0001CD0062D1CBFBDEC028B70BD53EC182BA3
:10CEB00051EC100BF3F7AFFA94ED0A1B53EC112B66
:10CEC000F3F702FA53EC182BF3F7A5FA94ED081BCD
:10CED00053EC112BF3F7F8F941EC100B53EC182B32
:10CEE00051EC100BF3F797FA94ED061B53EC112B52
:10CEF000F3F7EAF953EC182BF3F78DFA94ED040BE2
:10CF000053EC102BF3F7E0F941EC100B53EC182B1A
:10CF100051EC100BF3F77FFA94ED021B53EC112B3D
:10CF2000F3F7D2F953EC182BF3F775FA94ED001BD5
:10CF300053EC112BF3F7C8F9BDEC028B41EC100B4D
:10CF400070BD10B553EC102B51EC100BF3F7BCF97E
:10CF500041EC100B10BD10B553EC112B51EC100B24
:10CF6000F3F7B2F941EC100B10BD00000000000017
:10CF70009FED050B10B553EC102B51EC100BF3F794
:10CF80004AFA41EC100B10BD000000000000001038
:10CF900002E008C8121F08C1002AFAD17047704782
:10CFA000002001E001C1121F002AFBD170470000E0
:10CFB0000149086070470000000000202DE9FF4F84
:10CFC00089B09B460446002506E025280BD05A462A
:10CFD0000B999047641C6D1C20780028F5D10DB08A
:10CFE0002846BDE8F08F0027B8460122474900E0F7
:10CFF000074314F8013F203B02FA03F00842F7D13F
:10D0000020782E2819D114F8010F47F004072A2898
:10D010000ED06FF02F022078A0F1300109290CD832
:10D0200008EB880102EB410100EB0108641CF2E708
:10D030000A98641C50F8048B0A9020780028CED0FF
:10D04000642808D0692806D075281ED05A460B9946
:10D0500090476D1C58E00A994FF00A0901C90A91DE
:10D06000002802DA40422D2102E0390504D52B21A7
:10D070008DF82010012103E0F90704D02021F7E703
:10D080008A4608AE0DE00021FAE70A994FF00A0936
:10D0900001C90A91F7E74946F3F729FB303106F851
:10D0A000011D0028F7D1ADEB060000F1200978073B
:10D0B00001D44FF00108C84502DDA8EB090000E0EB
:10D0C00000208046002706E008A85A46C05D0B995C
:10D0D00090476D1C7F1C5745F6DB04E030205A4614
:10D0E0000B9990476D1CB8F10001A8F10108F5DC1F
:10D0F00005E016F8010B5A460B9990476D1CB9F1E3
:10D100000001A9F10109F4DC641C65E709280100AC
:10D110000A68531C0B601070704710B541EC100B7F
:10D12000FFF7EAFB51EC100B10BD82B0CDE9000116
:10D1300021F0004001909DED000B02B051EC100B6E
:10D1400070470000000000004FBB610567ACDD3F89
:10D15000182D4454FB21E93F9BF681D20B73EF3F1E
:10D16000182D4454FB21F93FE2652F227F2B7A3C96
:10D17000075C143326A6813CBDCBF07A8807703C4F
:10D18000075C143326A6913CC4EB98999999C9BFC2
:10D19000711623FEC671BCBF6D9A74AFF2B0B3BFF7
:10D1A0009AFDDE522DDEADBF2F6C6A2C44B4A2BFB7
:10D1B0000D5555555555D53FFF8300922449C23F23
:10D1C0006E204CC5CD45B73F513DD0A0660DB13F57
:10D1D000EB0D76244B7BA93F11DA22E33AAD903F69
:10D1E000000000000000000000000000000000003F
:10D1F00001020304060708090000000001020304FD
:10D2000000000003000337133773373337333733E6
:10D21000373B671B07230703F73FF73FF73F070736
:10D220008707C70F670F771F3F1B263B0E730E73D1
:10D230000E230E231C031C033C0308030000000004
:10D240000000000E000EFCFFFCFFFCFF00070007C3
:10D25000F87FF87F38073807FEFFFEFFFEFF38072C
:10D26000F87FF87FF87F00070007F87FF87F3860C5
:10D27000386038603860F87FF87F38600000000060
:10D280000000200018003C0078007000F000E00171
:10D29000C0038007000F001E007CFF3BFF13FF034D
:10D2A0000E001E001C001C003C00380078007000BE
:10D2B000F000E003C007871F071E030C00000000FA
:10D2C00000000008001C001C001E000E0007800764
:10D2D000C003E001F00078003E00DCFFC8FFC0FFA3
:10D2E000C001C001C001C00180038003800380032E
:10D2F00080038007000700FF00FE00FC0000000024
:10D300000000800380038003800380038003F13FDB
:10D31000F33FF73F8F079E07CC07E80FF00FF11F91
:10D32000B71BA33B833B83738373812381238103D7
:10D33000810380038F038F038F03800300000000AD
:10D340000000001E001E003F007F8073C0E3E0E18C
:10D35000F0C07880FCFFDEFFCCFF080020183838D2
:10D360007818709C709C709C709CE0CEE0CEE0D0F1
:10D37000C0C1C001FCFFFCFFFCFF0000000000007A
:10D38000000000107F387F3C7F1E700F700677040E
:10D39000770077107738777C771E770E77077704DA
:10D3A00077007700770677077706760E0E0E0E1C4D
:10D3B0000E1C1D1C3C38F838F079C010000000002D
:10D3C00000001C001CF01CF09CF39C339C339C332D
:10D3D0009C339C339C339C339C339C339C339C33D5
:10D3E0009C339C339C339C339C339C339C031C8028
:10D3F0001CC01CE01CF0FC79F83DF8110000000096
:10D4000000000001C000E000E001C001C4039C0373
:10D410009C071E070E0F0E1F071F073F077F03778E
:10D420000327014700070007000700070007000760
:10D430000007010707070F073F073E07180700000F
:10D4400000000000006020E038F038787038703C50
:10D45000701C7018E000E000E000E001C081C083B3
:10D4600080C380C780E700FF007E003E003C007E56
:10D4700000FFC0F7E0E3F8C1FE003C001C00000024
:10D48000000002000000040000000800000010007E
:10D490000000200000004000000001000100020028
:10D4A0000400060008000A000C00100020004000E4
:10D4B00080000001000000000400000002000000E5
:10D4C0000800000001010103070100000804020434
:10D4D0000801010100000000000000000000000041
:10D4E000000000000000000000000000000000003C
:10D4F000000000000000000000000000000000002C
:10D50000000000000000000000000000000000001B
:10D51000000000000000000000000000000000000B
:10D5200000000000000000000000000000000000FB
:10D5300000000000000000000000000000000000EB
:10D5400000000000000000000000000000000000DB
:10D5500000000000000000000000FFFFFFFFFFFFD1
:10D56000FFFFFFFFFFFFFFFFFFFFFFFFFFFFFFFFCB
:10D57000FFFFFFFFFFFFFFFFFFFFFFFFFFFFFFFFBB
:10D58000FFFFFFFFFFFFFFFFFFFFFFFF00000000A7
:10D59000000000000000000000000000000000008B
:10D5A000000000000000000000000000000000007B
:10D5B000000000000000000000000000000000006B
:10D5C000000000000000000000000000000000005B
:10D5D000000000000000000000000000000000004B
:10D5E000000000000000000000000000000000003B
:10D5F000000000000000000000000000000000002B
:10D60000000000000000000000000000000000001A
:10D61000000000000000000000000000000000000A
:10D6200000000000000000000000000000000000FA
:10D6300000000000000000000000000000000000EA
:10D6400000000000000000000000000000000000DA
:10D6500000000000000000000000000000000000CA
:10D6600000000000000000000000000000000000BA
:10D6700000000000000000000000000000000000AA
:10D68000000000000000000000000000000000009A
:10D69000FFFFFFFFFFFFFFFFFFFFFFFFFFFFFFFF9A
:10D6A000FFFFFFFFFFFFFFFFFFFFFFFFFFFFFFFF8A
:10D6B000FFFFFFFFFFFFFFFFFFFFFFFFFFFFFFFF7A
:10D6C000FFFFFFFFFFFFFFFFFFFFFFFFFFFFFFFF6A
:10D6D000FFFFFFFFFFFFFFFF000000000000000052
:10D6E000000000000000000000000000000000003A
:10D6F000000000000000000000000000000000002A
:10D700000000000000000000000000000000000019
:10D710000000000000000000000000000000000009
:10D7200000000000000000000000000000000000F9
:10D7300000000000000000000000000000000000E9
:10D7400000000000000000000000000000000000D9
:10D7500000000000000000000000000000000000C9
:10D7600000000000000000000000000000000000B9
:10D7700000000000000000000000000000000000A9
:10D780000000000000000000000000000000000099
:10D790000000000000000000000000000000000089
:10D7A0000000000000000000000000000000000079
:10D7B0000000000000000000000000000000000069
:10D7C0000000000000000000FFFFFFFFFFFFFFFF61
:10D7D000FFFFFFFFFFFFFFFFFFFFFFFFFFFFFFFF59
:10D7E000FFFFFFFFFFFFFFFFFFFFFFFFFFFFFFFF49
:10D7F000FFFFFFFFFFFFFFFFFFFFFFFFFFFFFFFF39
:10D80000FFFFFFFFFFFFFFFFFFFFFFFFFFFFFFFF28
:10D81000FFFFFFFFFFFFFFFFFFFFFFFFFFFFFFFF18
:10D8200000000000000000000000000000000000F8
:10D8300000000000000000000000000000000000E8
:10D8400000000000000000000000000000000000D8
:10D8500000000000000000000000000000000000C8
:10D8600000000000000000000000000000000000B8
:10D8700000000000000000000000000000000000A8
:10D880000000000000000000000000000000000098
:10D890000000000000000000000000000000000088
:10D8A0000000000000000000000000000000000078
:10D8B0000000000000000000000000000000000068
:10D8C0000000000000000000000000000000000058
:10D8D0000000000000000000000000000000000048
:10D8E0000000000000000000000000000000000038
:10D8F0000000000000000000000000000000000028
:10D900000000FFFFFFFFFFFFFFFFFFFFFFFFFFFF25
:10D91000FFFFFFFFFFFFFFFFFFFFFFFFFFFFFFFF17
:10D92000FFFFFFFFFFFFFFFFFFFFFFFFFFFFFFFF07
:10D93000FFFFFFFFFFFFFFFFFFFFFFFFFFFFFFFFF7
:10D94000FFFFFFFFFFFFFFFFFFFFFFFFFFFFFFFFE7
:10D95000FFFFFFFFFFFFFFFFFFFFFFFFFFFFFFFFD7
:10D96000FFFFFFFFFFFF00000000000000000000BD
:10D9700000000000000000000000000000000000A7
:10D980000000000000000000000000000000000097
:10D990000000000000000000000000000000000087
:10D9A0000000000000000000000000000000000077
:10D9B0000000000000000000000000000000000067
:10D9C0000000000000000000000000000000000057
:10D9D0000000000000000000000000000000000047
:10D9E0000000000000000000000000000000000037
:10D9F0000000000000000000000000000000000027
:10DA00000000000000000000000000000000000016
:10DA10000000000000000000000000000000000006
:10DA200000000000000000000000000000000000F6
:10DA3000000000000000000000000000FFFFFFFFEA
:10DA4000FFFFFFFFFFFFFFFFFFFFFFFFFFFFFFFFE6
:10DA5000FFFFFFFFFFFFFFFFFFFFFFFFFFFFFFFFD6
:10DA6000FFFFFFFFFFFFFFFFFFFFFFFFFFFFFFFFC6
:10DA7000FFFFFFFFFFFFFFFFFFFFFFFFFFFFFFFFB6
:10DA8000FFFFFFFFFFFFFFFFFFFFFFFFFFFFFFFFA6
:10DA9000FFFFFFFFFFFFFFFFFFFFFFFFFFFFFFFF96
:10DAA000FFFFFFFFFFFFFFFFFFFFFFFF0000000082
:10DAB0000000000000000000000000000000000066
:10DAC0000000000000000000000000000000000056
:10DAD0000000000000000000000000000000000046
:10DAE0000000000000000000000000000000000036
:10DAF0000000000000000000000000000000000026
:10DB00000000000000000000000000000000000015
:10DB10000000000000000000000000000000000005
:10DB200000000000000000000000000000000000F5
:10DB300000000000000000000000000000000000E5
:10DB400000000000000000000000000000000000D5
:10DB500000000000000000000000000000000000C5
:10DB600000000000000000000000000000000000B5
:10DB7000000000000000FFFFFFFFFFFFFFFFFFFFAF
:10DB8000FFFFFFFFFFFFFFFFFFFFFFFFFFFFFFFFA5
:10DB9000FFFFFFFFFFFFFFFFFFFFFFFFFFFFFFFF95
:10DBA000FFFFFFFFFFFFFFFFFFFFFFFFFFFFFFFF85
:10DBB000FFFFFFFFFFFFFFFFFFFFFFFFFFFFFFFF75
:10DBC000FFFFFFFFFFFFFFFFFFFFFFFFFFFFFFFF65
:10DBD000FFFFFFFFFFFFFFFFFFFFFFFFFFFFFFFF55
:10DBE000FFFFFFFFFFFFFFFFFFFFFFFFFFFFFFFF45
:10DBF0000000000000000000000000000000000025
:10DC00000000000000000000000000000000000014
:10DC10000000000000000000000000000000000004
:10DC200000000000000000000000000000000000F4
:10DC300000000000000000000000000000000000E4
:10DC400000000000000000000000000000000000D4
:10DC500000000000000000000000000000000000C4
:10DC600000000000000000000000000000000000B4
:10DC700000000000000000000000000000000000A4
:10DC80000000000000000000000000000000000094
:10DC90000000000000000000000000000000000084
:10DCA0000000000000000000000000000000000074
:10DCB0000000FFFFFFFFFFFFFFFFFFFFFFFFFFFF72
:10DCC000FFFFFFFFFFFFFFFFFFFFFFFFFFFFFFFF64
:10DCD000FFFFFFFFFFFFFFFFFFFFFFFFFFFFFFFF54
:10DCE000FFFFFFFFFFFFFFFFFFFFFFFFFFFFFFFF44
:10DCF000FFFFFFFFFFFFFFFFFFFFFFFFFFFFFFFF34
:10DD0000FFFFFFFFFFFFFFFFFFFFFFFFFFFFFFFF23
:10DD1000FFFFFFFFFFFFFFFFFFFFFFFFFFFFFFFF13
:10DD2000FFFFFFFFFFFFFFFFFFFFFFFFFFFFFFFF03
:10DD3000FFFFFFFFFFFF00000000000000000000E9
:10DD400000000000000000000000000000000000D3
:10DD500000000000000000000000000000000000C3
:10DD600000000000000000000000000000000000B3
:10DD700000000000000000000000000000000000A3
:10DD80000000000000000000000000000000000093
:10DD90000000000000000000000000000000000083
:10DDA0000000000000000000000000000000000073
:10DDB0000000000000000000000000000000000063
:10DDC0000000000000000000000000000000000053
:10DDD0000000000000000000000000000000000043
:10DDE0000000000000000000000000000000FFFF35
:10DDF000FFFFFFFFFFFFFFFFFFFFFFFFFFFFFFFF33
:10DE0000FFFFFFFFFFFFFFFFFFFFFFFFFFFFFFFF22
:10DE1000FFFFFFFFFFFFFFFFFFFFFFFFFFFFFFFF12
:10DE2000FFFFFFFFFFFFFFFFFFFFFFFFFFFFFFFF02
:10DE3000FFFFFFFFFFFFFFFFFFFFFFFFFFFFFFFFF2
:10DE4000FFFFFFFFFFFFFFFFFFFFFFFFFFFFFFFFE2
:10DE5000FFFFFFFFFFFFFFFFFFFFFFFFFFFFFFFFD2
:10DE6000FFFFFFFFFFFFFFFFFFFFFFFFFFFFFFFFC2
:10DE7000FFFFFFFFFFFFFFFFFFFF000000000000AC
:10DE80000000000000000000000000000000000092
:10DE90000000000000000000000000000000000082
:10DEA0000000000000000000000000000000000072
:10DEB0000000000000000000000000000000000062
:10DEC0000000000000000000000000000000000052
:10DED0000000000000000000000000000000000042
:10DEE0000000000000000000000000000000000032
:10DEF0000000000000000000000000000000000022
:10DF00000000000000000000000000000000000011
:10DF10000000000000000000000000000000000001
:10DF200000000000000000000000FFFFFFFFFFFFF7
:10DF3000FFFFFFFFFFFFFFFFFFFFFFFFFFFFFFFFF1
:10DF4000FFFFFFFFFFFFFFFFFFFFFFFFFFFFFFFFE1
:10DF5000FFFFFFFFFFFFFFFFFFFFFFFFFFFFFFFFD1
:10DF6000FFFFFFFFFFFFFFFFFFFFFFFFFFFFFFFFC1
:10DF7000FFFFFFFFFFFFFFFFFFFFFFFFFFFFFFFFB1
:10DF8000FFFFFFFFFFFFFFFFFFFFFFFFFFFFFFFFA1
:10DF9000FFFFFFFFFFFFFFFFFFFFFFFFFFFFFFFF91
:10DFA000FFFFFFFFFFFFFFFFFFFFFFFFFFFFFFFF81
:10DFB000FFFFFFFFFFFFFFFFFFFFFFFFFFFF00006F
:10DFC0000000000000000000000000000000000051
:10DFD0000000000000000000000000000000000041
:10DFE0000000000000000000000000000000000031
:10DFF0000000000000000000000000000000000021
:10E000000000000000000000000000000000000010
:10E010000000000000000000000000000000000000
:10E0200000000000000000000000000000000000F0
:10E0300000000000000000000000000000000000E0
:10E0400000000000000000000000000000000000D0
:10E0500000000000000000000000000000000000C0
:10E06000000000000000FFFFFFFFFFFFFFFFFFFFBA
:10E07000FFFFFFFFFFFFFFFFFFFFFFFFFFFFFFFFB0
:10E08000FFFFFFFFFFFFFFFFFFFFFFFFFFFFFFFFA0
:10E09000FFFFFFFFFFFFFFFFFFFFFFFFFFFFFFFF90
:10E0A000FFFFFFFFFFFFFFDFEF7DE73CE73CDF1CEB
:10E0B000DEDBDEFCEF7EF7BEFFDFFFFFFFFFFFFFD3
:10E0C000FFFFFFFFFFFFFFFFFFFFFFFFFFFFFFFF60
:10E0D000FFFFFFFFFFFFFFFFFFFFFFFFFFFFFFFF50
:10E0E000FFFFFFFFFFFFFFFFFFFFFFFFFFFFFFFF40
:10E0F000FFFFFFFFFFFFFFFFFFFFFFFFFFFFFFFF30
:10E10000FFFF000000000000000000000000000011
:10E1100000000000000000000000000000000000FF
:10E1200000000000000000000000000000000000EF
:10E1300000000000000000000000000000000000DF
:10E1400000000000000000000000000000000000CF
:10E1500000000000000000000000000000000000BF
:10E1600000000000000000000000000000000000AF
:10E17000000000000000000000000000000000009F
:10E18000000000000000000000000000000000008F
:10E19000000000000000000000000000000000007F
:10E1A0000000FFFFFFFFFFFFFFFFFFFFFFFFFFFF7D
:10E1B000FFFFFFFFFFFFFFFFFFFFFFFFFFFFFFFF6F
:10E1C000FFFFFFFFFFFFFFFFFFFFFFFFFFFFFFFF5F
:10E1D000FFFFFFFFFFFFFFFFFFFFFFFFF7BED69A26
:10E1E000AD358C31736D5A8A4A0849E741C741C63B
:10E1F00041C741C74A085A6A62CC8410B5B7DF1CD0
:10E20000F7BEFFFFFFFFFFFFFFFFFFFFFFFFFFFF67
:10E21000FFFFFFFFFFFFFFFFFFFFFFFFFFFFFFFF0E
:10E22000FFFFFFFFFFFFFFFFFFFFFFFFFFFFFFFFFE
:10E23000FFFFFFFFFFFFFFFFFFFFFFFFFFFFFFFFEE
:10E24000FFFFFFFFFFFF00000000000000000000D4
:10E2500000000000000000000000000000000000BE
:10E2600000000000000000000000000000000000AE
:10E27000000000000000000000000000000000009E
:10E28000000000000000000000000000000000008E
:10E29000000000000000000000000000000000007E
:10E2A000000000000000000000000000000000006E
:10E2B000000000000000000000000000000000005E
:10E2C000000000000000000000000000000000004E
:10E2D000000000000000000000000000000000003E
:10E2E000FFFFFFFFFFFFFFFFFFFFFFFFFFFFFFFF3E
:10E2F000FFFFFFFFFFFFFFFFFFFFFFFFFFFFFFFF2E
:10E30000FFFFFFFFFFFFFFFFFFFFFFFFFFFFFFFF1D
:10E31000FFFFFFFFFFFFEF7DC618945162CB49E777
:10E3200041864185396539653965396539653965AC
:10E3300039653965396539653965396541A65228C8
:10E340006B4DAD76EF7DFFFFFFFFFFFFFFFFFFFF90
:10E35000FFFFFFFFFFFFFFFFFFFFFFFFFFFFFFFFCD
:10E36000FFFFFFFFFFFFFFFFFFFFFFFFFFFFFFFFBD
:10E37000FFFFFFFFFFFFFFFFFFFFFFFFFFFFFFFFAD
:10E38000FFFFFFFFFFFFFFFF000000000000000095
:10E39000000000000000000000000000000000007D
:10E3A000000000000000000000000000000000006D
:10E3B000000000000000000000000000000000005D
:10E3C000000000000000000000000000000000004D
:10E3D000000000000000000000000000000000003D
:10E3E000000000000000000000000000000000002D
:10E3F000000000000000000000000000000000001D
:10E40000000000000000000000000000000000000C
:10E41000000000000000000000000000FFFFFFFF00
:10E42000FFFFFFFFFFFFFFFFFFFFFFFFFFFFFFFFFC
:10E43000FFFFFFFFFFFFFFFFFFFFFFFFFFFFFFFFEC
:10E44000FFFFFFFFFFFFFFFFFFFFFFFFFFFFFFFFDC
:10E45000FFFFEF5DA51462CB49C74165396539659A
:10E4600039653965396539653965396539653965BC
:10E4700039653965396539653965396539653965AC
:10E48000396541866B2DB5D7F79EFFFFFFFFFFFF74
:10E49000FFFFFFFFFFFFFFFFFFFFFFFFFFFFFFFF8C
:10E4A000FFFFFFFFFFFFFFFFFFFFFFFFFFFFFFFF7C
:10E4B000FFFFFFFFFFFFFFFFFFFFFFFFFFFFFFFF6C
:10E4C000FFFFFFFFFFFFFFFFFFFFFFFF0000000058
:10E4D000000000000000000000000000000000003C
:10E4E000000000000000000000000000000000002C
:10E4F000000000000000000000000000000000001C
:10E50000000000000000000000000000000000000B
:10E5100000000000000000000000000000000000FB
:10E5200000000000000000000000000000000000EB
:10E5300000000000000000000000000000000000DB
:10E5400000000000000000000000000000000000CB
:10E5500000000000000000000000FFFFFFFFFFFFC1
:10E56000FFFFFFFFFFFFFFFFFFFFFFFFFFFFFFFFBB
:10E57000FFFFFFFFFFFFFFFFFFFFFFFFFFFFFFFFAB
:10E58000FFFFFFFFFFFFFFFFFFFFFFFFFFFFE73C76
:10E5900094925229418539653965396539653965FE
:10E5A000396539653965396539653965396539657B
:10E5B00039653965396539453965394539653945CB
:10E5C0003945394539453986736DE71CFFFFFFFF33
:10E5D000FFFFFFFFFFFFFFFFFFFFFFFFFFFFFFFF4B
:10E5E000FFFFFFFFFFFFFFFFFFFFFFFFFFFFFFFF3B
:10E5F000FFFFFFFFFFFFFFFFFFFFFFFFFFFFFFFF2B
:10E60000FFFFFFFFFFFFFFFFFFFFFFFFFFFF000018
:10E6100000000000000000000000000000000000FA
:10E6200000000000000000000000000000000000EA
:10E6300000000000000000000000000000000000DA
:10E6400000000000000000000000000000000000CA
:10E6500000000000000000000000000000000000BA
:10E6600000000000000000000000000000000000AA
:10E67000000000000000000000000000000000009A
:10E68000000000000000000000000000000000008A
:10E69000000000000000FFFFFFFFFFFFFFFFFFFF84
:10E6A000FFFFFFFFFFFFFFFFFFFFFFFFFFFFFFFF7A
:10E6B000FFFFFFFFFFFFFFFFFFFFFFFFFFFFFFFF6A
:10E6C000FFFFFFFFFFFFFFFFFFFFEF7DA4F35249B6
:10E6D0004185396539653965396539653965396522
:10E6E000396539653965396539653965396539653A
:10E6F00039653965394539453945394539453945EA
:10E70000394439453945394439455269CE7AFFFF94
:10E71000FFFFFFFFFFFFFFFFFFFFFFFFFFFFFFFF09
:10E72000FFFFFFFFFFFFFFFFFFFFFFFFFFFFFFFFF9
:10E73000FFFFFFFFFFFFFFFFFFFFFFFFFFFFFFFFE9
:10E74000FFFFFFFFFFFFFFFFFFFFFFFFFFFFFFFFD9
:10E75000FFFF0000000000000000000000000000BB
:10E7600000000000000000000000000000000000A9
:10E770000000000000000000000000000000000099
:10E780000000000000000000000000000000000089
:10E790000000000000000000000000000000000079
:10E7A0000000000000000000000000000000000069
:10E7B0000000000000000000000000000000000059
:10E7C0000000000000000000000000000000000049
:10E7D00000000000FFFFFFFFFFFFFFFFFFFFFFFF45
:10E7E000FFFFFFFFFFFFFFFFFFFFFFFFFFFFFFFF39
:10E7F000FFFFFFFFFFFFFFFFFFFFFFFFFFFFFFFF29
:10E80000FFFFFFFFFFFFFFDFB5B65AAA4186418534
:10E8100039653965396539653965396541854186B7
:10E8200041853965396539653965396539653965D0
:10E8300039653965394539453945394539453945A8
:10E840003945394539443944394431244A08B5B643
:10E85000FFDFE71CAD558C518C309C93BDD7F77E04
:10E86000FFFFFFFFFFFFFFFFFFFFFFFFFFFFFFFFB8
:10E87000FFFFFFFFFFFFFFFFFFFFFFFFFFFFFFFFA8
:10E88000FFFFFFFFFFFFFFFFFFFFFFFFFFFFFFFF98
:10E89000FFFFFFFF0000000000000000000000007C
:10E8A0000000000000000000000000000000000068
:10E8B0000000000000000000000000000000000058
:10E8C0000000000000000000000000000000000048
:10E8D0000000000000000000000000000000000038
:10E8E0000000000000000000000000000000000028
:10E8F0000000000000000000000000000000000018
:10E900000000000000000000000000000000000007
:10E91000FFFFFFFFFFFFFFFFFFFFFFFFFFFFFFFF07
:10E92000FFFFFFFFFFFFFFFFFFFFFFFFFFFFFFFFF7
:10E93000FFFFFFFFFFFFFFFFFFFFFFFFFFFFFFFFE7
:10E94000FFFFFFFFE73D8C3041C6418639653965E1
:10E9500039653965418641A641A641A6418639659A
:10E9600039653965396539653965396539653965B7
:10E970003965396539453945394539453945394567
:10E9800039453945394539443144312431243985B3
:10E990008C516B4D4A2941A6398641C7526A845130
:10E9A000DEDBFFFFFFFFFFFFFFFFFFFFFFFFFFFFBC
:10E9B000FFFFFFFFFFFFFFFFFFFFFFFFFFFFFFFF67
:10E9C000FFFFFFFFFFFFFFFFFFFFFFFFFFFFFFFF57
:10E9D000FFFFFFFFFFFFFFFF00000000000000003F
:10E9E0000000000000000000000000000000000027
:10E9F0000000000000000000000000000000000017
:10EA00000000000000000000000000000000000006
:10EA100000000000000000000000000000000000F6
:10EA200000000000000000000000000000000000E6
:10EA300000000000000000000000000000000000D6
:10EA40000000000000000000000000000000FFFFC8
:10EA5000FFFFFFFFFFFFFFFFFFFFFFFFFFFFFFFFC6
:10EA6000FFFFFFFFFFFFFFFFFFFFFFFFFFFFFFFFB6
:10EA7000FFFFFFFFFFFFFFFFFFFFFFFFFFFFFFFFA6
:10EA8000FFFFCE795AAA41A6418641863985418643
:10EA900041C749E741C641864185396539653965D0
:10EAA00041654185418541654165416541654165F6
:10EAB00041653965396539653965394539453945BE
:10EAC00039453945394539453945314531243124B0
:10EAD0004A086B4E630D526A52284A0852495AAB93
:10EAE0008431D6BBFFFFFFFFFFFFFFFFFFFFFFFFEC
:10EAF000FFFFFFFFFFFFFFFFFFFFFFFFFFFFFFFF26
:10EB0000FFFFFFFFFFFFFFFFFFFFFFFFFFFFFFFF15
:10EB1000FFFFFFFFFFFFFFFFFFFF000000000000FF
:10EB200000000000000000000000000000000000E5
:10EB300000000000000000000000000000000000D5
:10EB400000000000000000000000000000000000C5
:10EB500000000000000000000000000000000000B5
:10EB600000000000000000000000000000000000A5
:10EB70000000000000000000000000000000000095
:10EB8000000000000000000000000000FFFFFFFF89
:10EB9000FFFFFFFFFFFFFFFFFFFFFFFFFFFFFFFF85
:10EBA000FFFFFFFFFFFFFFFFFFFFFFFFFFFFFFFF75
:10EBB000FFFFFFFFFFFFFFFFFFFFFFFFFFFFF7DF8D
:10EBC000A514526949C741A641A641A64A084A0868
:10EBD00049C74186418541854185418541854185BA
:10EBE00041854185418541854185418541854185F5
:10EBF000418541854185416541653965396539659D
:10EC000039453945394539453945396539653145DC
:10EC10003145526A526A4A0849C749E74A08524987
:10EC20006B2D9493CE7AF7BEFFFFFFFFFFFFFFFF30
:10EC3000FFFFFFFFFFFFFFFFFFFFFFFFFFFFFFFFE4
:10EC4000FFFFFFFFFFFFFFFFFFFFFFFFFFFFFFFFD4
:10EC5000FFFFFFFFFFFFFFFFFFFFFFFF00000000C0
:10EC600000000000000000000000000000000000A4
:10EC70000000000000000000000000000000000094
:10EC80000000000000000000000000000000000084
:10EC90000000000000000000000000000000000074
:10ECA0000000000000000000000000000000000064
:10ECB0000000000000000000000000000000000054
:10ECC00000000000000000000000FFFFFFFFFFFF4A
:10ECD000FFFFFFFFFFFFFFFFFFFFFFFFFFFFFFFF44
:10ECE000FFFFFFFFFFFFFFFFFFFFFFFFFFFFFFFF34
:10ECF000FFFFFFFFFFFFFFFFFFFFFFFFF79E94B245
:10ED00005A694A0849E749C752285A6A522841A60F
:10ED100041854185418541854185418541A549A57B
:10ED200049A649A649A649A549A541A541854185C8
:10ED30004185418541854185418541654165416503
:10ED40003965394439453944394439453965398655
:10ED50003145314539653965396539653965396513
:10ED600041A64A0862EC9CD3DEDBFFFFFFFFFFFFFA
:10ED7000FFFFFFFFFFFFFFFFFFFFFFFFFFFFFFFFA3
:10ED8000FFFFFFFFFFFFFFFFFFFFFFFFFFFFFFFF93
:10ED9000FFFFFFFFFFFFFFFFFFFFFFFFFFFF000081
:10EDA0000000000000000000000000000000000063
:10EDB0000000000000000000000000000000000053
:10EDC0000000000000000000000000000000000043
:10EDD0000000000000000000000000000000000033
:10EDE0000000000000000000000000000000000023
:10EDF0000000000000000000000000000000000013
:10EE00000000000000000000FFFFFFFFFFFFFFFF0A
:10EE1000FFFFFFFFFFFFFFFFFFFFFFFFFFFFFFFF02
:10EE2000FFFFFFFFFFFFFFFFFFFFFFFFFFFFFFFFF2
:10EE3000FFFFFFFFFFFFFFFFFFFFF79E94725A8A5D
:10EE400052495228524962AB5A8A49C74185418585
:10EE5000418541854185418549A649A649A649A6DE
:10EE600049A649A649A649A649A649A649A649A52B
:10EE700049A541854185418541854185416541657A
:10EE8000416539653944394439443144314539653E
:10EE900039863145394539653965396539653965A9
:10EEA00039653965398641C75A8A9CD3EF5DFFFFC2
:10EEB000FFFFFFFFFFFFFFFFFFFFFFFFFFFFFFFF62
:10EEC000FFFFFFFFFFFFFFFFFFFFFFFFFFFFFFFF52
:10EED000FFFFFFFFFFFFFFFFFFFFFFFFFFFFFFFF42
:10EEE0000000000000000000000000000000000022
:10EEF0000000000000000000000000000000000012
:10EF00000000000000000000000000000000000001
:10EF100000000000000000000000000000000000F1
:10EF200000000000000000000000000000000000E1
:10EF300000000000000000000000000000000000D1
:10EF4000000000000000FFFFFFFFFFFFFFFFFFFFCB
:10EF5000FFFFFFFFFFFFFFFFFFFFFFFFFFFFFFFFC1
:10EF6000FFFFFFFFFFFFFFFFFFFFFFFFFFFFFFFFB1
:10EF7000FFFFFFFFFFFFFFFFEF7D8C5162EB5A8A1F
:10EF80005A6A62EB6B0C4A0841A64185418541856E
:10EF9000418549A549A649A649A649C649C649C6C3
:10EFA00049C649C649C649C649C649A649A649A649
:10EFB00049A649A5498541854185418541854165E8
:10EFC0004165396539653944394431243124314545
:10EFD0003965394539453965396541654165396571
:10EFE0003965396539453965396641C762CCB596A9
:10EFF000F7BEFFFFFFFFFFFFFFFFFFFFFFFFFFFF6A
:10F00000FFFFFFFFFFFFFFFFFFFFFFFFFFFFFFFF10
:10F01000FFFFFFFFFFFFFFFFFFFFFFFFFFFFFFFF00
:10F02000FFFF0000000000000000000000000000E2
:10F0300000000000000000000000000000000000D0
:10F0400000000000000000000000000000000000C0
:10F0500000000000000000000000000000000000B0
:10F0600000000000000000000000000000000000A0
:10F070000000000000000000000000000000000090
:10F0800000000000FFFFFFFFFFFFFFFFFFFFFFFF8C
:10F09000FFFFFFFFFFFFFFFFFFFFFFFFFFFFFFFF80
:10F0A000FFFFFFFFFFFFFFFFFFFFFFFFFFFFFFFF70
:10F0B000FFFFFFFFFFFFF7BE94B36B2D6B0C6B0CD4
:10F0C000738E62EB49E741864185418541A549A69A
:10F0D00049A649A649A649C649C649C649C649C618
:10F0E00049C649C649C649C649C649C649A649A6E8
:10F0F00049A649A649A649A541854185418541853D
:10F1000041654165396539443944314431243124FC
:10F11000314531453965396541654185416541650F
:10F1200039653965394539453945396539864A2959
:10F130008C72E73CFFFFFFFFFFFFFFFFFFFFFFFFBA
:10F14000FFFFFFFFFFFFFFFFFFFFFFFFFFFFFFFFCF
:10F15000FFFFFFFFFFFFFFFFFFFFFFFFFFFFFFFFBF
:10F16000FFFFFFFF000000000000000000000000A3
:10F17000000000000000000000000000000000008F
:10F18000000000000000000000000000000000007F
:10F19000000000000000000000000000000000006F
:10F1A000000000000000000000000000000000005F
:10F1B000000000000000000000000000000000004F
:10F1C0000000FFFFFFFFFFFFFFFFFFFFFFFFFFFF4D
:10F1D000FFFFFFFFFFFFFFFFFFFFFFFFFFFFFFFF3F
:10F1E000FFFFFFFFFFFFFFFFFFFFFFFFFFFFFFFF2F
:10F1F000FFFFFFFFF7BF9CF47BAF734D736D73AEE2
:10F200005A8A49E741A64185418541A549A649A6B3
:10F2100049A649C649C649C649C649C649C649C696
:10F2200049C649C649C649C649C649C649C649A686
:10F2300049A649A649A549A54985418541854185F4
:10F2400041654165396539443944392431243124D3
:10F2500031243144396541654165418541854185A8
:10F26000416541653965394539453945394539651E
:10F2700041E76B4DD6BAFFDFFFFFFFFFFFFFFFFF48
:10F28000FFFFFFFFFFFFFFFFFFFFFFFFFFFFFFFF8E
:10F29000FFFFFFFFFFFFFFFFFFFFFFFFFFFFFFFF7E
:10F2A000FFFFFFFFFFFF0000000000000000000064
:10F2B000000000000000000000000000000000004E
:10F2C000000000000000000000000000000000003E
:10F2D000000000000000000000000000000000002E
:10F2E000000000000000000000000000000000001E
:10F2F000000000000000000000000000000000000E
:10F30000FFFFFFFFFFFFFFFFFFFFFFFFFFFFFFFF0D
:10F31000FFFFFFFFFFFFFFFFFFFFFFFFFFFFFFFFFD
:10F32000FFFFFFFFFFFFFFFFFFFFFFFFFFFFFFFFED
:10F33000FFFFFFDFAD968C3083F083EF7BCF524928
:10F3400041A641854185418541A549A649A649A6D1
:10F3500049C649C649C651C651C651C651E651C6ED
:10F3600051C651C649C651C649C649C649C649C60D
:10F3700049C649A649A649A649A549A54185418549
:10F3800041654165396539443944392431243104B2
:10F39000310439443965416541854185418541855F
:10F3A00041854165416539653945394539443945B6
:10F3B000396541A662ECCE79FFFFFFFFFFFFFFFF3B
:10F3C000FFFFFFFFFFFFFFFFFFFFFFFFFFFFFFFF4D
:10F3D000FFFFFFFFFFFFFFFFFFFFFFFFFFFFFFFF3D
:10F3E000FFFFFFFFFFFFFFFF000000000000000025
:10F3F000000000000000000000000000000000000D
:10F4000000000000000000000000000000000000FC
:10F4100000000000000000000000000000000000EC
:10F4200000000000000000000000000000000000DC
:10F430000000000000000000000000000000FFFFCE
:10F44000FFFFFFFFFFFFFFFFFFFFFFFFFFFFFFFFCC
:10F45000FFFFFFFFFFFFFFFFFFFFFFFFFFFFFFFFBC
:10F46000FFFFFFFFFFFFFFFFFFFFFFFFFFFFFFFFAC
:10F47000FFFFC6388C728C5194727BCF524941A6E3
:10F4800041854185418549A549A649A649A649C660
:10F4900049C649C651C651C651E651C651E651E664
:10F4A00051E651C651C651E651C651C651C651C664
:10F4B00049C649C649C649A649A649A541854185C7
:10F4C0004185416539653964394439243124310431
:10F4D0003104394441654185418541A541854185D6
:10F4E000418541854165416539653945394439442E
:10F4F000394539653986630CCE59FFFFFFFFFFFFA1
:10F50000FFFFFFFFFFFFFFFFFFFFFFFFFFFFFFFF0B
:10F51000FFFFFFFFFFFFFFFFFFFFFFFFFFFFFFFFFB
:10F52000FFFFFFFFFFFFFFFFFFFF000000000000E5
:10F5300000000000000000000000000000000000CB
:10F5400000000000000000000000000000000000BB
:10F5500000000000000000000000000000000000AB
:10F56000000000000000000000000000000000009B
:10F57000000000000000000000000000FFFFFFFF8F
:10F58000FFFFFFFFFFFFFFFFFFFFFFFFFFFFFFFF8B
:10F59000FFFFFFFFFFFFFFFFFFFFFFFFFFFFFFFF7B
:10F5A000FFFFFFFFFFFFFFFFFFFFFFFFFFFFFFFF6B
:10F5B000CE9A94B3949294D37BCF524841A641857E
:10F5C0004185418549A549A649A649A649C649C6D6
:10F5D00049C651C651C651C651E651E651E651E6FB
:10F5E00051E651E651E751E751E751E751E751E75D
:10F5F00051E751E649C649C649C649A649A54185CC
:10F6000041854185416539653944394431243104A6
:10F610003104394441654185418549A549A5418564
:10F6200041854185416541654165396539453944C3
:10F6300039443144394539A662ECD6DBFFFFFFFF80
:10F64000FFFFFFFFFFFFFFFFFFFFFFFFFFFFFFFFCA
:10F65000FFFFFFFFFFFFFFFFFFFFFFFFFFFFFFFFBA
:10F66000FFFFFFFFFFFFFFFFFFFFFFFF00000000A6
:10F67000000000000000000000000000000000008A
:10F68000000000000000000000000000000000007A
:10F69000000000000000000000000000000000006A
:10F6A000000000000000000000000000000000005A
:10F6B00000000000000000000000FFFFFFFFFFFF50
:10F6C000FFFFFFFFFFFFFFFFFFFFFFFFFFFFFFFF4A
:10F6D000FFFFFFFFFFFFFFFFFFFFFFFFFFFFFFFF3A
:10F6E000FFFFFFFFFFFFFFFFFFFFFFFFFFFFE73C05
:10F6F000A5349CD39CF384105A6949C641A6418520
:10F70000418549A549A649A649A649C649C649C64B
:10F7100051C651C651C651E651E651E651E651E790
:10F7200051E7520752075207520752075A0752072A
:10F73000520751E751E649C649C649A649A5418540
:10F740004185416541653964394439443124312466
:10F750003124394441654185418549A54985418523
:10F760004185418541854165416539653944394463
:10F77000394439443144394539A6738EDF1CFFFFC3
:10F78000FFFFFFFFFFFFFFFFFFFFFFFFFFFFFFFF89
:10F79000FFFFFFFFFFFFFFFFFFFFFFFFFFFFFFFF79
:10F7A000FFFFFFFFFFFFFFFFFFFFFFFFFFFF000067
:10F7B0000000000000000000000000000000000049
:10F7C0000000000000000000000000000000000039
:10F7D0000000000000000000000000000000000029
:10F7E0000000000000000000000000000000000019
:10F7F0000000000000000000FFFFFFFFFFFFFFFF11
:10F80000FFFFFFFFFFFFFFFFFFFFFFFFFFFFFFFF08
:10F81000FFFFFFFFFFFFFFFFFFFFFFFFFFFFFFFFF8
:10F82000FFFFFFFFFFFFFFFFFFFFFFFFF7DFAD550C
:10F830009CF4A51494925A8A49C741A641A541A5B2
:10F84000498549A549A649A649A649C649C649C602
:10F8500049C651C651C651E651E651E651E7520735
:10F860005A075A075A275A275A275A275A275207F8
:10F87000520751E649C649A649A6418541854185B9
:10F880004165416541653964394439443124312445
:10F890003124394441654185418541854185418512
:10F8A0004185418541654165416539653964394422
:10F8B0003944394439443145396541C78C92F79E02
:10F8C000FFFFFFFFFFFFFFFFFFFFFFFFFFFFFFFF48
:10F8D000FFFFFFFFFFFFFFFFFFFFFFFFFFFFFFFF38
:10F8E000FFFFFFFFFFFFFFFFFFFFFFFFFFFFFFFF28
:10F8F0000000000000000000000000000000000008
:10F9000000000000000000000000000000000000F7
:10F9100000000000000000000000000000000000E7
:10F9200000000000000000000000000000000000D7
:10F93000000000000000FFFFFFFFFFFFFFFFFFFFD1
:10F94000FFFFFFFFFFFFFFFFFFFFFFFFFFFFFFFFC7
:10F95000FFFFFFFFFFFFFFFFFFFFFFFFFFFFFFFFB7
:10F96000FFFFFFFFFFFFFFFFFFFFFFFFC6389D14F4
:10F97000A5149CF36AEB49E741A64185418549A559
:10F9800049A549A649A649A649C649C649C649C680
:10F9900051C651C651E651E6520752075A275A2717
:10F9A0005A285A285A485A285A285A07520751E7BB
:10F9B00049C649A649A541854185418541654165BD
:10F9C0004165396439643944394439443944392406
:10F9D0003944416541854185418541854185418560
:10F9E0004185416541654165416539653944394421
:10F9F0003944394439443144314539665249AD7549
:10FA0000FFFFFFFFFFFFFFFFFFFFFFFFFFFFFFFF06
:10FA1000FFFFFFFFFFFFFFFFFFFFFFFFFFFFFFFFF6
:10FA2000FFFFFFFFFFFFFFFFFFFFFFFFFFFFFFFFE6
:10FA3000FFFF0000000000000000000000000000C8
:10FA400000000000000000000000000000000000B6
:10FA500000000000000000000000000000000000A6
:10FA60000000000000000000000000000000000096
:10FA700000000000FFFFFFFFFFFFFFFFFFFFFFFF92
:10FA8000FFFFFFFFFFFFFFFFFFFFFFFFFFFFFFFF86
:10FA9000FFFFFFFFFFFFFFFFFFFFFFFFFFFFFFFF76
:10FAA000FFFFFFFFFFFFFFFFFFFFDEFBA535A535D3
:10FAB000A555738E522849A641A5418541854985A2
:10FAC00049A549A649A649A649C649C649C649C63F
:10FAD00051C651E651E752075A275A275A485A4801
:10FAE0005A485A485A485A28520751E649C649A620
:10FAF00041A5418541854165416541653965396467
:10FB000039443964394439443944394439443944ED
:10FB1000394441654185418541854185418541851E
:10FB200041854165416541654165396539643944BF
:10FB300039443944312431243144394539A6632DBF
:10FB4000E73CFFFFFFFFFFFFFFFFFFFFFFFFFFFFA0
:10FB5000FFFFFFFFFFFFFFFFFFFFFFFFFFFFFFFFB5
:10FB6000FFFFFFFFFFFFFFFFFFFFFFFFFFFFFFFFA5
:10FB7000FFFFFFFF00000000000000000000000089
:10FB80000000000000000000000000000000000075
:10FB90000000000000000000000000000000000065
:10FBA0000000000000000000000000000000000055
:10FBB00000000000FFFFFFFFFFFFFFFFFFFFFFFF51
:10FBC000FFFFFFFFFFFFFFFFFFFFFFFFFFFFFFFF45
:10FBD000FFFFFFFFFFFFFFFFFFFFFFFFFFFFFFFF35
:10FBE000FFFFFFFFFFFFFFFFF7BEAD96A535AD5549
:10FBF0008C515A8A49C741A6418541854185418535
:10FC000049A549A649A649A649A649C649C649C61D
:10FC100051E651E752075A275A285A485A485A4833
:10FC20005A485A28520751E749C649A641A5418575
:10FC30004185416541653964396439443944394401
:10FC400039443944394439443944394439443944CC
:10FC50004165418549A649A649A649A549854185E9
:10FC6000418541654165416541653965394439449E
:10FC700039443944312431243124314439654A0826
:10FC80009CF4FFDFFFFFFFFFFFFFFFFFFFFFFFFF12
:10FC9000FFFFFFFFFFFFFFFFFFFFFFFFFFFFFFFF74
:10FCA000FFFFFFFFFFFFFFFFFFFFFFFFFFFFFFFF64
:10FCB000FFFFFFFF00000000000000000000000048
:10FCC0000000000000000000000000000000000034
:10FCD0000000000000000000000000000000000024
:10FCE0000000000000000000000000000000000014
:10FCF0000000FFFFFFFFFFFFFFFFFFFFFFFFFFFF12
:10FD0000FFFFFFFFFFFFFFFFFFFFFFFFFFFFFFFF03
:10FD1000FFFFFFFFFFFFFFFFFFFFFFFFFFFFFFFFF3
:10FD2000FFFFFFFFFFFFFFFFC659A535A555A5142F
:10FD30006B2C522841A641854185418541854985E5
:10FD400049A549A549A649A649A649C649C651C6D5
:10FD500051E652075A075A285A48624862485A4898
:10FD60005A28520751E649C649A541854165416572
:10FD70004165396439443944394439443944394452
:10FD8000394439443944394439443944394439448B
:10FD9000418551E65A075A275A0751E749C649A6ED
:10FDA00049854185418541654165416539653944EC
:10FDB000394439443124312431243124394539A698
:10FDC0006B4DDEFBFFFFFFFFFFFFFFFFFFFFFFFFAE
:10FDD000FFFFFFFFFFFFFFFFFFFFFFFFFFFFFFFF33
:10FDE000FFFFFFFFFFFFFFFFFFFFFFFFFFFFFFFF23
:10FDF000FFFFFFFFFFFF0000000000000000000009
:10FE000000000000000000000000000000000000F2
:10FE100000000000000000000000000000000000E2
:10FE200000000000000000000000000000000000D2
:10FE3000FFFFFFFFFFFFFFFFFFFFFFFFFFFFFFFFD2
:10FE4000FFFFFFFFFFFFFFFFFFFFFFFFFFFFFFFFC2
:10FE5000FFFFFFFFFFFFFFFFFFFFFFFFFFFFFFFFB2
:10FE6000FFFFFFFFFFFFEF7DAD76A555AD76841058
:10FE70005A8A49E741A641854185418541854185A9
:10FE800049A549A549A649A649A649C649C651E674
:10FE900051E75A075A285A48624862485A485A272E
:10FEA00051E749C649A641854185416541653964A7
:10FEB000394439443944394439443944394439445A
:10FEC000394439443944394439443944394439642A
:10FED000418551E75A27624862485A485A0751C635
:10FEE00049A649A541854185416541653965394541
:10FEF0003945394439443124312431243145398656
:10FF00005269A555FFFFFFFFFFFFFFFFFFFFFFFF48
:10FF1000FFFFFFFFFFFFFFFFFFFFFFFFFFFFFFFFF1
:10FF2000FFFFFFFFFFFFFFFFFFFFFFFFFFFFFFFFE1
:10FF3000FFFFFFFFFFFFFFFF0000000000000000C9
:10FF400000000000000000000000000000000000B1
:10FF500000000000000000000000000000000000A1
:10FF60000000000000000000000000000000000091
:10FF7000FFFFFFFFFFFFFFFFFFFFFFFFFFFFFFFF91
:10FF8000FFFFFFFFFFFFFFFFFFFFFFFFFFFFFFFF81
:10FF9000FFFFFFFFFFFFFFFFFFFFFFFFFFFFFFFF71
:10FFA000FFFFFFFFFFFFBE18A555AD759D146B0C3D
:10FFB000520849C641854185418541854185418534
:10FFC00049A549A549A649A649A649C651C651E72A
:10FFD00052075A275A48624862485A485A2751E7F6
:10FFE00049C641A541854165416439443944394494
:10FFF0003944394439443944394439443944394419
:020000040801F1
:1000000039443924394439443944394441444164F8
:10001000498551C652075A075A2862485A285A0732
:1000200051E749C649A54185418541654165396525
:1000300039453945394539443124314431453965EB
:100040004A087BF0E75DFFFFFFFFFFFFFFFFFFFFB9
:10005000FFFFFFFFFFFFFFFFFFFFFFFFFFFFFFFFB0
:10006000FFFFFFFFFFFFFFFFFFFFFFFFFFFFFFFFA0
:10007000FFFFFFFFFFFFFFFF000000000000000088
:100080000000000000000000000000000000000070
:100090000000000000000000000000000000000060
:1000A0000000000000000000000000000000FFFF52
:1000B000FFFFFFFFFFFFFFFFFFFFFFFFFFFFFFFF50
:1000C000FFFFFFFFFFFFFFFFFFFFFFFFFFFFFFFF40
:1000D000FFFFFFFFFFFFFFFFFFFFFFFFFFFFFFFF30
:1000E000FFFFFFFFE75DAD76A535AD7684305A8A18
:1000F00049E741A641A54185418541854185418525
:10010000498549A549A649A649C649C651E65207A7
:100110005A275A485A485A485A285A2751E749A64E
:10012000418541654165396439443944394439442C
:100130003944394439443924392439243924390398
:1001400039233924412441444144414449644164B0
:10015000498549A651C651C651C651E75A075A07A3
:100160005A0751E649C649A6418541854165416521
:10017000394439443945394431443144314539658C
:1001800041E7632CC659FFFFFFFFFFFFFFFFFFFFA3
:10019000FFFFFFFFFFFFFFFFFFFFFFFFFFFFFFFF6F
:1001A000FFFFFFFFFFFFFFFFFFFFFFFFFFFFFFFF5F
:1001B000FFFFFFFFFFFFFFFFFFFF00000000000049
:1001C000000000000000000000000000000000002F
:1001D000000000000000000000000000000000001F
:1001E000000000000000000000000000FFFFFFFF13
:1001F000FFFFFFFFFFFFFFFFFFFFFFFFFFFFFFFF0F
:10020000FFFFFFFFFFFFFFFFFFFFFFFFFFFFFFFFFE
:10021000FFFFFFFFFFFFFFFFFFFFFFFFFFFFFFFFEE
:10022000FFFFFFFFBE18A555AD76A514734D5228EC
:1002300049C741A641A54185418541854185418503
:10024000498549A549A649A649C651C651E752075D
:100250005A485A485A485A285A2751E749A64185C8
:100260004165416539643944394439443944394434
:1002700039443924392439233903414459A6722792
:1002800082899B0AABACB40EBC6FC4D1D553CD12DE
:10029000ABEE59C651A649A649A649A649C651C6BC
:1002A00051E651E651C649C649A641854185416599
:1002B00039643944394439453945394539653986D0
:1002C00041E75AEBA555FFFFFFFFFFFFFFFFFFFFD1
:1002D000FFFFFFFFFFFFFFFFFFFFFFFFFFFFFFFF2E
:1002E000FFFFFFFFFFFFFFFFFFFFFFFFFFFFFFFF1E
:1002F000FFFFFFFFFFFFFFFFFFFFFFFF000000000A
:1003000000000000000000000000000000000000ED
:1003100000000000000000000000000000000000DD
:10032000000000000000000000000000FFFFFFFFD1
:10033000FFFFFFFFFFFFFFFFFFFFFFFFFFFFFFFFCD
:10034000FFFFFFFFFFFFFFFFFFFFFFFFFFFFFFFFBD
:10035000FFFFFFFFFFFFFFFFFFFFFFFFFFFFFFFFAD
:10036000FFFFE75DAD75A555AD968C3162AA4A07D2
:1003700049C641A641A541854185418541854185C3
:1003800049A549A649A649A649C651E752075A2890
:100390005A485A485A28520751E649A641854165AC
:1003A0003964394439443944394439443944394445
:1003B00039243924414461C67A489AEAB3CDC46FDE
:1003C000D512DD94EE16F657F698FED9FEDAFEFA4F
:1003D000FEFACD1259E649A54985498549A549A5A1
:1003E00049A649A649A649A649A649A541854185E8
:1003F000416541653944394439443945396539865F
:100400004A0862EC94D3EF9EFFFFFFFFFFFFFFFF60
:10041000FFFFFFFFFFFFFFFFFFFFFFFFFFFFFFFFEC
:10042000FFFFFFFFFFFFFFFFFFFFFFFFFFFFFFFFDC
:10043000FFFFFFFFFFFFFFFFFFFFFFFF00000000C8
:1004400000000000000000000000000000000000AC
:10045000000000000000000000000000000000009C
:1004600000000000000000000000FFFFFFFFFFFF92
:10047000FFFFFFFFFFFFFFFFFFFFFFFFFFFFFFFF8C
:10048000FFFFFFFFFFFFFFFFFFFFFFFFFFFFFFFF7C
:10049000FFFFFFFFFFFFFFFFFFFFFFFFFFFFFFFF6C
:1004A000FFFFC639A555AD75A514738E5A6949E786
:1004B00049A641A641A5418541854185418549859A
:1004C00049A649A649A649C651E652075A275A489D
:1004D0005A485A28520751E649A641854165394490
:1004E0003944394439443944394439444144412434
:1004F000496569E68AA9A34BBC0ECCD1DD74E5F64B
:10050000F657FE99FED9FEDAFEFAFEFAFEFAFEFA78
:10051000FEFAFEFAE6168B0B49A549854985498501
:10052000498549A549A549A649A549A541854185CA
:1005300041654165416539443944394439653986F5
:100540004A08630C8C92DEFBFFFFFFFFFFFFFFFFFB
:10055000FFFFFFFFFFFFFFFFFFFFFFFFFFFFFFFFAB
:10056000FFFFFFFFFFFFFFFFFFFFFFFFFFFFFFFF9B
:10057000FFFFFFFFFFFFFFFFFFFFFFFFFFFF000089
:10058000000000000000000000000000000000006B
:10059000000000000000000000000000000000005B
:1005A0000000000000000000FFFFFFFFFFFFFFFF53
:1005B000FFFFFFFFFFFFFFFFFFFFFFFFFFFFFFFF4B
:1005C000FFFFFFFFFFFFFFFFFFFFFFFFFFFFFFFF3B
:1005D000FFFFFFFFFFFFFFFFFFFFFFFFFFFFFFFF2B
:1005E000EF9EAD96A555AD7694926B0C522849C7F7
:1005F00049A641A641854185418541854185418581
:1006000049A549A549A649C651E75A275A285A4833
:100610005A28520749C749A641854165394439449A
:10062000394439443944392439244144392461C690
:1006300092A9AB6BBC2FCCF2DD94E5F6EE57F699A0
:10064000FED9FEFAFEFAFF1AFF1AFF1AFF1AFF1A66
:10065000FF1AFF1AFEFAF678B47059E64985498503
:100660004985418549854985498549A54185418512
:1006700041654165416539443944394439453965F5
:100680004A086B2C8C92C659FFFFFFFFFFFFFFFF4C
:10069000FFFFFFFFFFFFFFFFFFFFFFFFFFFFFFFF6A
:1006A000FFFFFFFFFFFFFFFFFFFFFFFFFFFFFFFF5A
:1006B000FFFFFFFFFFFFFFFFFFFFFFFFFFFFFFFF4A
:1006C000000000000000000000000000000000002A
:1006D000000000000000000000000000000000001A
:1006E0000000000000000000FFFFFFFFFFFFFFFF12
:1006F000FFFFFFFFFFFFFFFFFFFFFFFFFFFFFFFF0A
:10070000FFFFFFFFFFFFFFFFFFFFFFFFFFFFFFFFF9
:10071000FFFFFFFFFFFFFFFFFFFFFFFFFFFFFFFFE9
:10072000CE7AAD76A555A53583EF62AA520849C6A3
:1007300041A641A641854185418541854185418547
:1007400049A549A649C651E652075A285A285A28A7
:10075000520749C649A64165396539443944394487
:100760003944392439243924412459858A89AB6C88
:10077000BC2ECCF1DD94E5F6EE57F698FEB9FEDA24
:10078000FEFAFF1AFF1BFF1BFF1BFF1BFF1BFF1ABD
:10079000FF1AFEFAFEFAFEFAFED9EE378B2B4985D8
:1007A0004985418541854185418541854185418511
:1007B000418541654165416539443944394439458C
:1007C00041A662EC9493BDF8FFDFFFFFFFFFFFFF40
:1007D000FFFFFFFFFFFFFFFFFFFFFFFFFFFFFFFF29
:1007E000FFFFFFFFFFFFFFFFFFFFFFFFFFFFFFFF19
:1007F000FFFFFFFFFFFFFFFFFFFFFFFFFFFFFFFF09
:1008000000000000000000000000000000000000E8
:1008100000000000000000000000000000000000D8
:10082000000000000000FFFFFFFFFFFFFFFFFFFFD2
:10083000FFFFFFFFFFFFFFFFFFFFFFFFFFFFFFFFC8
:10084000FFFFFFFFFFFFFFFFFFFFFFFFFFFFFFFFB8
:10085000FFFFFFFFFFFFFFFFFFFFFFFFFFFFF7BEF1
:10086000B5B7A575A5559CD3734D5A694A0749C6B6
:1008700041A6418641854185418541854185418526
:1008800049A549A649C651E75A275A285A28520766
:1008900049C649A541653964394439443944394424
:1008A000394439243924496572079B0AB3CDC49071
:1008B000D533E5D5EE37F678FEB9FEDAFEFAFEFA64
:1008C000FF1AFF1BFF1BFF1BFF1BFF1BFF1BFF1B59
:1008D000FF1AFF1AFEFAFEFAFEFAFEDAFEB9BCB102
:1008E00059C6498541654165416541854165416517
:1008F0004165416541654165396439443944314454
:10090000314552498451B5D8F7BEFFFFFFFFFFFFC5
:10091000FFFFFFFFFFFFFFFFFFFFFFFFFFFFFFFFE7
:10092000FFFFFFFFFFFFFFFFFFFFFFFFFFFFFFFFD7
:10093000FFFFFFFFFFFFFFFFFFFFFFFFFFFFFFFFC7
:10094000FFFF0000000000000000000000000000A9
:100950000000000000000000000000000000000097
:10096000000000000000FFFFFFFFFFFFFFFFFFFF91
:10097000FFFFFFFFFFFFFFFFFFFFFFFFFFFFFFFF87
:10098000FFFFFFFFFFFFFFFFFFFFFFFFFFFFFFFF77
:10099000FFFFFFFFFFFFFFFFFFFFFFFFFFFFDEFC8B
:1009A000AD76A575A5558C5162EB522849E749C62D
:1009B00041A641A5418541854185418541854185C6
:1009C00049A549C651E652075A275A28520751E607
:1009D00049A5418539643944394439443944392475
:1009E0004144412461C68268AB4CBC2FCCF1DD731D
:1009F000E5F5EE57F698FEB9FEDAFEFAFF1AFF1B90
:100A0000FF1BFF3BFF3BFF3BFF1BFF1BFF1BFF1BB6
:100A1000FF1BFEFAFEFAFEFAFEFAFEFAFEDAFEB955
:100A2000DD9472684965416541654165416541658F
:100A300041654165416539653965396439443944F1
:100A4000312441A66B6EB5B7EF7DFFFFFFFFFFFFBF
:100A5000FFFFFFFFFFFFFFFFFFFFFFFFFFFFFFFFA6
:100A6000FFFFFFFFFFFFFFFFFFFFFFFFFFFFFFFF96
:100A7000FFFFFFFFFFFFFFFFFFFFFFFFFFFFFFFF86
:100A8000FFFF000000000000000000000000000068
:100A90000000000000000000000000000000000056
:100AA00000000000FFFFFFFFFFFFFFFFFFFFFFFF52
:100AB000FFFFFFFFFFFFFFFFFFFFFFFFFFFFFFFF46
:100AC000FFFFFFFFFFFFFFFFFFFFFFFFFFFFFFFF36
:100AD000FFFFFFFFFFFFFFFFFFFFFFFFFFFFBE184E
:100AE000AD76AD759CF47BCE5A8A520749E749C66C
:100AF00041A641A541A541A541854185418549A51D
:100B000049A649C651E75A075A075A0751E649A666
:100B1000418541653944394439443944414441446B
:100B20005165720792A9B3ACC470D512DD94E5F695
:100B3000EE57F698FEB9FEDAFEFAFF1AFF1BFF1B0E
:100B4000FF3BFF3BFF3BFF3BFF1BFF1BFF1BFF1A56
:100B5000FF1AFEFAFEFAFEFAFEFAFEDAFED9FED916
:100B6000FEB9F65782EA49854165416541654165AF
:100B700041653965416539653964396539443944B8
:100B8000314431454A29A535E73DFFFFFFFFFFFF0F
:100B9000FFFFFFFFFFFFFFFFFFFFFFFFFFFFFFFF65
:100BA000FFFFFFFFFFFFFFFFFFFFFFFFFFFFFFFF55
:100BB000FFFFFFFFFFFFFFFFFFFFFFFFFFFFFFFF45
:100BC000FFFFFFFF00000000000000000000000029
:100BD0000000000000000000000000000000000015
:100BE00000000000FFFFFFFFFFFFFFFFFFFFFFFF11
:100BF000FFFFFFFFFFFFFFFFFFFFFFFFFFFFFFFF05
:100C0000FFFFFFFFFFFFFFFFFFFFFFFFFFFFFFFFF4
:100C1000FFFFFFFFFFFFFFFFFFFFFFFFEF7EB5B608
:100C2000AD76A5558C716B2C52494A0749E749A608
:100C300041A641A641A641A541854185418549A5D9
:100C400049A651E652075A07520751E749A641857E
:100C5000396439643944312439244144494459A61A
:100C600082489AEAB3ADC490D533E5B5EE16F6588E
:100C7000F699FED9FEDAFEFAFF1AFF1BFF1BFF3BB7
:100C8000FF3BFF3BFF3BFF3BFF1BFF1BFF1BFF1A15
:100C9000FF1AFEFAFEFAFEFAFEFAFEDAFEDAFED9D4
:100CA000FEB9FEB9F678A3CD49854164416541643A
:100CB000416539653964396539653965396439445F
:100CC0003144314439867BCFD6FCFFFFFFFFFFFF65
:100CD000FFFFFFFFFFFFFFFFFFFFFFFFFFFFFFFF24
:100CE000FFFFFFFFFFFFFFFFFFFFFFFFFFFFFFFF14
:100CF000FFFFFFFFFFFFFFFFFFFFFFFFFFFFFFFF04
:100D0000FFFFFFFF000000000000000000000000E7
:100D100000000000000000000000000000000000D3
:100D20000000FFFFFFFFFFFFFFFFFFFFFFFFFFFFD1
:100D3000FFFFFFFFFFFFFFFFFFFFFFFFFFFFFFFFC3
:100D4000FFFFFFFFFFFFFFFFFFFFFFFFFFFFFFFFB3
:100D5000FFFFFFFFFFFFFFFFFFFFFFFFD6DBAD96AB
:100D6000AD969D147BCF62CA52284A0749C749A64F
:100D700041A641A641A641854185418541A549A598
:100D800049C651E75207520751E749A641854165D7
:100D900039443944312439244144494461C68248A4
:100DA0009B0AB3CDC46FD532DDB5EE16F658F69872
:100DB000FEB9FEDAFEFAFF1AFF1BFF1BFF1BFF3B0B
:100DC000FF1BFF1BFF1BFF1BFF1BFF1BFF1BFF1A54
:100DD000FEFAFEFAFEFAFEFAFEFAFEDAFEDAFED9B4
:100DE000FEB9FEB9FEB9F678BC705185416439444C
:100DF00039443964394439443944396539653945A8
:100E00003944314439455A8AC659FFFFFFFFFFFF75
:100E1000FFFFFFFFFFFFFFFFFFFFFFFFFFFFFFFFE2
:100E2000FFFFFFFFFFFFFFFFFFFFFFFFFFFFFFFFD2
:100E3000FFFFFFFFFFFFFFFFFFFFFFFFFFFFFFFFC2
:100E4000FFFFFFFFFFFF00000000000000000000A8
:100E50000000000000000000000000000000000092
:100E60000000FFFFFFFFFFFFFFFFFFFFFFFFFFFF90
:100E7000FFFFFFFFFFFFFFFFFFFFFFFFFFFFFFFF82
:100E8000FFFFFFFFFFFFFFFFFFFFFFFFFFFFFFFF72
:100E9000FFFFFFFFFFFFFFFFFFFFF7DFC639AD9644
:100EA000AD7694B2736D5A89522849E749C649A66E
:100EB00041A641A641A541854185418549A549A64F
:100EC00049C651E7520751E749C641854165394452
:100ED0003944312439244144494461C682489AEA5C
:100EE000B3ACC46FD512DD94EE16EE57F698FEB98A
:100EF000FED9FEFAFEFAFF1BFF1BFF1BFF1BFF3B89
:100F0000FF1BFF1BFF1BFF1BFF1BFF1AFF1AFEFA35
:100F1000FEFAFEFAFEFAFEFAFEDAFEDAFED9FED993
:100F2000FEB9FEB9FE99FE99F678BC9051C64144CF
:100F30003944394439643944394439443965396567
:100F400039653945314541C79D14FFFFFFFFFFFF5C
:100F5000FFFFFFFFFFFFFFFFFFFFFFFFFFFFFFFFA1
:100F6000FFFFFFFFFFFFFFFFFFFFFFFFFFFFFFFF91
:100F7000FFFFFFFFFFFFFFFFFFFFFFFFFFFFFFFF81
:100F8000FFFFFFFFFFFF0000000000000000000067
:100F90000000000000000000000000000000000051
:100FA000FFFFFFFFFFFFFFFFFFFFFFFFFFFFFFFF51
:100FB000FFFFFFFFFFFFFFFFFFFFFFFFFFFFFFFF41
:100FC000FFFFFFFFFFFFFFFFFFFFFFFFFFFFFFFF31
:100FD000FFFFFFFFFFFFFFFFFFFFE75DB5D7AD9608
:100FE000A53584306B0B5A69520749E749C641A6BB
:100FF00041A641A641A541854185418549A549A60E
:1010000049C651E751E749C641A5416539653944AB
:10101000312439244144414459A682489AEAAB8C90
:10102000C44FD512DD94E5F6EE37F678FEB9FED959
:10103000FEFAFEFAFF1AFF1BFF1BFF1BFF1BFF1B25
:10104000FF1BFF1BFF1BFF1AFF1BFF1AFF1AFEFAF5
:10105000FEFAFEFAFEFAFEFAFED9FEDAFED9FEB973
:10106000FEB9FEB9F699F698F678EE57C49051C6D7
:101070003944394439443944394439443945396566
:101080003965396531443985738EF7BEFFFFFFFF3F
:10109000FFFFFFFFFFFFFFFFFFFFFFFFFFFFFFFF60
:1010A000FFFFFFFFFFFFFFFFFFFFFFFFFFFFFFFF50
:1010B000FFFFFFFFFFFFFFFFFFFFFFFFFFFFFFFF40
:1010C000FFFFFFFFFFFFFFFF000000000000000028
:1010D0000000000000000000000000000000000010
:1010E000FFFFFFFFFFFFFFFFFFFFFFFFFFFFFFFF10
:1010F000FFFFFFFFFFFFFFFFFFFFFFFFFFFFFFFF00
:10110000FFFFFFFFFFFFFFFFFFFFFFFFFFFFFFFFEF
:10111000FFFFFFFFFFFFFFFFFFFFD6DBB5B7AD9679
:101120009CD37BCF62AA52484A0749E749C649A6E1
:1011300041A641A641A541A54185418549A649C68B
:1011400051E651E751E749A64165396539443944CB
:1011500031244144412461A67A289ACAAB6BBC2E43
:10116000CCF1DD73E5D5EE37F678F698FEB9FEDA08
:10117000FEFAFF1AFF1AFF1BFF1BFF1BFF1BFF1BC3
:10118000FF1BFF1BFF1BFF1BFF1AFF1AFEFAFEFAD5
:10119000FEFAFEFAFEFAFEDAFED9FED9FEB9FEB973
:1011A000FEB9FEB9F699F698F678F658EE37CCD136
:1011B0004965394439443944394439443944394515
:1011C00039653965396531655269DEFCFFFFFFFF1E
:1011D000FFFFFFFFFFFFFFFFFFFFFFFFFFFFFFFF1F
:1011E000FFFFFFFFFFFFFFFFFFFFFFFFFFFFFFFF0F
:1011F000FFFFFFFFFFFFFFFFFFFFFFFFFFFFFFFFFF
:10120000FFFFFFFFFFFFFFFF0000000000000000E6
:1012100000000000000000000000000000000000CE
:10122000FFFFFFFFFFFFFFFFFFFFFFFFFFFFFFFFCE
:10123000FFFFFFFFFFFFFFFFFFFFFFFFFFFFFFFFBE
:10124000FFFFFFFFFFFFFFFFFFFFFFFFFFFFFFFFAE
:10125000FFFFFFFFFFFFFFFFFFDFC659B5B7AD750B
:101260008C71734D5A69522849E749C749C641A64E
:1012700041A641A641A541A5418541A549A649C62A
:1012800051E651E749C6418539653944394431242D
:101290003924414461A67A2792C9AB4BBBEDCCB14E
:1012A000D553E5B5EE16EE57F678FEB9FED9FEFA3F
:1012B000FEFAFF1AFF1AFF1AFF1BFF1BFF1BFF1A84
:1012C000FF1BFF1BFF1AFF1AFF1AFEFAFEFAFEFAB7
:1012D000FEFAFEDAFEDAFEDAFED9FEB9FEB9FEB992
:1012E000FEB9FE99F698F698F678F678EE57EE166F
:1012F000BC90498539243944394439443944394505
:10130000396539653965314541C6B5D7FFFFFFFFFE
:10131000FFFFFFFFFFFFFFFFFFFFFFFFFFFFFFFFDD
:10132000FFFFFFFFFFFFFFFFFFFFFFFFFFFFFFFFCD
:10133000FFFFFFFFFFFFFFFFFFFFFFFFFFFFFFFFBD
:10134000FFFFFFFFFFFFFFFFFFFF000000000000A7
:101350000000000000000000000000000000FFFF8F
:10136000FFFFFFFFFFFFFFFFFFFFFFFFFFFFFFFF8D
:10137000FFFFFFFFFFFFFFFFFFFFFFFFFFFFFFFF7D
:10138000FFFFFFFFFFFFFFFFFFFFFFFFFFFFFFFF6D
:10139000FFFFFFFFFFFFFFFFEF7DBDF8B5B7A534EF
:1013A00083F062EB5249520849E749C649C641A653
:1013B00041A641A641A641A5418549A549A649C6E0
:1013C00051E649C641A6416539443944312439249E
:1013D000414459A572078A89A32BB3CDC46FD51296
:1013E000DD94E5F6EE37F658F698FEB9FED9FEFA2A
:1013F000FEFAFEFAFF1AFF1AFF1BFF1AFF1BFF1B64
:10140000FF1BFF1BFF1AFF1AFEFAFEFAFEFAFEFA96
:10141000FEFAFEDAFEDAFED9FED9FEB9FEB9FEB951
:10142000FEB9FE99F698F698F678F678F657EE57E4
:10143000E5F6AC0E41643924394439443944394421
:10144000396539653965396539869492FFDFFFFF63
:10145000FFFFFFFFFFFFFFFFFFFFFFFFFFFFFFFF9C
:10146000FFFFFFFFFFFFFFFFFFFFFFFFFFFFFFFF8C
:10147000FFFFFFFFFFFFFFFFFFFFFFFFFFFFFFFF7C
:10148000FFFFFFFFFFFFFFFFFFFF00000000000066
:101490000000000000000000000000000000FFFF4E
:1014A000FFFFFFFFFFFFFFFFFFFFFFFFFFFFFFFF4C
:1014B000FFFFFFFFFFFFFFFFFFFFFFFFFFFFFFFF3C
:1014C000FFFFFFFFFFFFFFFFFFFFFFFFFFFFFFFF2C
:1014D000FFFFFFFFFFFFFFFFD6FBB5F8B5B79CD3BB
:1014E000738E5AAA5248520749E749C649A641A6EF
:1014F00041A641A541A641A5418549A549A649C6A0
:1015000049C649A6418539653944312431244124ED
:10151000518569E682689B0AB3ACBC4ECCD1D553E9
:10152000E5B5EE16EE57F678F699FEB9FED9FEFA55
:10153000FEFAFEFAFF1AFF1AFF1AFF1BFF1AFF1B23
:10154000FF1BFF1AFF1AFEFAFEFAFEFAFEFAFEFA77
:10155000FEDAFEDAFED9FED9FEB9FEB9FEB9FEB951
:10156000FE99F699F698F678F678F678F658EE57EA
:10157000EE37E5F5932B4144394439443944394435
:10158000394439653985396539856B6DF7BEFFFF9B
:10159000FFFFFFFFFFFFFFFFFFFFFFFFFFFFFFFF5B
:1015A000FFFFFFFFFFFFFFFFFFFFFFFFFFFFFFFF4B
:1015B000FFFFFFFFFFFFFFFFFFFFFFFFFFFFFFFF3B
:1015C000FFFFFFFFFFFFFFFFFFFF00000000000025
:1015D000000000000000000000000000FFFFFFFF0F
:1015E000FFFFFFFFFFFFFFFFFFFFFFFFFFFFFFFF0B
:1015F000FFFFFFFFFFFFFFFFFFFFFFFFFFFFFFFFFB
:10160000FFFFFFFFFFFFFFFFFFFFFFFFFFFFFFFFEA
:10161000FFFFFFFFFFFFFFFFC679B5D8AD768C71E6
:101620006B0C5A6952284A0749E749C649A641A6A0
:1016300041A641A541A541854185498549A649C69F
:1016400049C641A541653944392431243903494407
:1016500061C67A2792A9AB6BBC0EC4B0D532DD94BB
:10166000E5D5EE16EE57F678F699FEB9FEDAFEDA13
:10167000FEFAFEFAFEFAFEFAFEFAFF1AFF1AFF1A47
:10168000FF1AFF1AFEFAFEFAFEFAFEFAFEFAFEDA78
:10169000FEDAFED9FED9FEB9FEB9FEB9FE99FE9971
:1016A000FE99F698F678F678F678F678F657EE57CB
:1016B000EE37EE17DDB57AA93924392439243944B7
:1016C00039443965398539853965528AE73CFFFFE8
:1016D000FFFFFFFFFFFFFFFFFFFFFFFFFFFFFFFF1A
:1016E000FFFFFFFFFFFFFFFFFFFFFFFFFFFFFFFF0A
:1016F000FFFFFFFFFFFFFFFFFFFFFFFFFFFFFFFFFA
:10170000FFFFFFFFFFFFFFFFFFFFFFFF00000000E5
:10171000000000000000000000000000FFFFFFFFCD
:10172000FFFFFFFFFFFFFFFFFFFFFFFFFFFFFFFFC9
:10173000FFFFFFFFFFFFFFFFFFFFFFFFFFFFFFFFB9
:10174000FFFFFFFFFFFFFFFFFFFFFFFFFFFFFFFFA9
:10175000FFFFFFFFFFFFF7BEBE39B5D7A53583F00A
:1017600062CB5249520849E749E749C641A641A61A
:1017700041A641A541854185418541A549A649C666
:1017800049A6418539643944312430E33903598508
:1017900069E682689B0AB3ACBC4FCCF1D553DDB48B
:1017A000E5F5EE36F657F678FE98FEB9FED9FEDA84
:1017B000FEFAFEFAFEFAFEFAFEFAFEFAFF1AFEFA48
:1017C000FEFAFEFAFEFAFEFAFEFAFEFAFEFAFEDA79
:1017D000FEDAFED9FEB9FEB9FEB9FE99FE99F69879
:1017E000F698F698F678F678F678F678EE57EE579B
:1017F000EE37EE37E5F6CCF259C6392439243944B0
:10180000394439443965398639854A08CE9AFFFF0B
:10181000FFFFFFFFFFFFFFFFFFFFFFFFFFFFFFFFD8
:10182000FFFFFFFFFFFFFFFFFFFFFFFFFFFFFFFFC8
:10183000FFFFFFFFFFFFFFFFFFFFFFFFFFFFFFFFB8
:10184000FFFFFFFFFFFFFFFFFFFFFFFF00000000A4
:10185000000000000000000000000000FFFFFFFF8C
:10186000FFFFFFFFFFFFFFFFFFFFFFFFFFFFFFFF88
:10187000FFFFFFFFFFFFFFFFFFFFFFFFFFFFFFFF78
:10188000FFFFFFFFFFFFFFFFFFFFFFFFFFFFFFFF68
:10189000FFFFFFFFFFFFE75DBE18B5B79CD3738E58
:1018A0005A8A52284A0849E749C649C641A641A66C
:1018B00041A6418541854185418541A549A649A665
:1018C0004185416539443924310330E3494459A6FF
:1018D00072078288A32AB3CDC46FCCF1D553DDB48F
:1018E000E5F5EE16EE57F678F698FEB9FEB9FED994
:1018F000FEDAFEFAFEFAFEFAFEFAFEFAFEFAFEFA48
:10190000FEFAFEFAFEFAFEFAFEFAFEDAFEDAFED978
:10191000FED9FEB9FEB9FEB9FE99F699F698F69889
:10192000F678F678F678F658F658F658EE57EE57F9
:10193000EE37EE37EE16E5D5B40E392439243124CE
:101940003144394439653985398641E7BDF7FFFFB0
:10195000FFFFFFFFFFFFFFFFFFFFFFFFFFFFFFFF97
:10196000FFFFFFFFFFFFFFFFFFFFFFFFFFFFFFFF87
:10197000FFFFFFFFFFFFFFFFFFFFFFFFFFFFFFFF77
:10198000FFFFFFFFFFFFFFFFFFFFFFFF0000000063
:1019900000000000000000000000FFFFFFFFFFFF4D
:1019A000FFFFFFFFFFFFFFFFFFFFFFFFFFFFFFFF47
:1019B000FFFFFFFFFFFFFFFFFFFFFFFFFFFFFFFF37
:1019C000FFFFFFFFFFFFFFFFFFFFFFFFFFFFFFFF27
:1019D000FFFFFFFFFFFFD6DBBDF8AD968C726B2CCF
:1019E0005A6952284A0849E749C649C641A641A64C
:1019F00041A641A541854185418549A549A649A6FC
:101A0000418539653944312428C24104516559A6BC
:101A100069E66A0672477A8882C98B2B936C9BAD04
:101A2000B42FC4D1D553E5D5F657F698FEB9FEB913
:101A3000FED9FED9FEFAFEFAFEFAFEFAFEFAFEFA28
:101A4000FEFAFEFAFEFAFEFAFEDAFEDAFED9FED958
:101A5000FEB9FEB9FEB9FE99FE99F698F678F678C9
:101A6000F678F657F657EE57EE57EE57EE57EE3735
:101A7000EE37EE36E616E5F6DDB57A883923312401
:101A80003144394439453985398641C7A534FFFF8A
:101A9000FFFFFFFFFFFFFFFFFFFFFFFFFFFFFFFF56
:101AA000FFFFFFFFFFFFFFFFFFFFFFFFFFFFFFFF46
:101AB000FFFFFFFFFFFFFFFFFFFFFFFFFFFFFFFF36
:101AC000FFFFFFFFFFFFFFFFFFFFFFFFFFFF000024
:101AD00000000000000000000000FFFFFFFFFFFF0C
:101AE000FFFFFFFFFFFFFFFFFFFFFFFFFFFFFFFF06
:101AF000FFFFFFFFFFFFFFFFFFFFFFFFFFFFFFFFF6
:101B0000FFFFFFFFFFFFFFFFFFFFFFFFFFFFFFFFE5
:101B1000FFFFFFFFFFDFCE7AB5F7A555841062EB1C
:101B2000524952284A0749E749C649C641A641A633
:101B300041A64185418541854185418549A641A50B
:101B400041653944394430E328C230C228A220819B
:101B5000208220C228E3310339244144498549A623
:101B600051E65A0762487289936CBC90EE37FEB911
:101B7000FEB9FED9FEDAFEDAFEFAFEFAFEFAFEFA47
:101B8000FEFAFEFAFEFAFEDAFEDAFED9FED9FED938
:101B9000FEB9FEB9FEB9F699F698F678F658EE5702
:101BA000EE37EE37EE37EE37EE37EE37EE37EE370D
:101BB000EE17EE16E616E5F6E5D5CCF249853924A2
:101BC0003124394439443965398641A694B2FFFF3E
:101BD000FFFFFFFFFFFFFFFFFFFFFFFFFFFFFFFF15
:101BE000FFFFFFFFFFFFFFFFFFFFFFFFFFFFFFFF05
:101BF000FFFFFFFFFFFFFFFFFFFFFFFFFFFFFFFFF5
:101C0000FFFFFFFFFFFFFFFFFFFFFFFFFFFF0000E2
:101C100000000000000000000000FFFFFFFFFFFFCA
:101C2000FFFFFFFFFFFFFFFFFFFFFFFFFFFFFFFFC4
:101C3000FFFFFFFFFFFFFFFFFFFFFFFFFFFFFFFFB4
:101C4000FFFFFFFFFFFFFFFFFFFFFFFFFFFFFFFFA4
:101C5000FFFFFFFFF7BEC639B5D79CF47BAF62CB61
:101C60005248520849E749E749C649C641A641A634
:101C700041A5418541854185418549A549A54185C4
:101C800039653944392418611041104118612082A6
:101C900020A228C230E3310339243944416541652B
:101CA000498549A651C65A07624872898B2BD5745B
:101CB000FEB9FED9FED9FEDAFEDAFEFAFEFAFEFA27
:101CC000FEFAFEFAFEFAFEDAFED9FED9FEB9FEB938
:101CD000FEB9FE99F698F698F678EE57EE37E616C6
:101CE000E5D5DD94DDB4E5B5E5D5E5F6E5F6E61632
:101CF000E616E616E5F6E5F6E5D5DDB58B2B3924D7
:101D00003124314439443965398641A68C51FFFF6D
:101D1000FFFFFFFFFFFFFFFFFFFFFFFFFFFFFFFFD3
:101D2000FFFFFFFFFFFFFFFFFFFFFFFFFFFFFFFFC3
:101D3000FFFFFFFFFFFFFFFFFFFFFFFFFFFFFFFFB3
:101D4000FFFFFFFFFFFFFFFFFFFFFFFFFFFF0000A1
:101D50000000000000000000FFFFFFFFFFFFFFFF8B
:101D6000FFFFFFFFFFFFFFFFFFFFFFFFFFFFFFFF83
:101D7000FFFFFFFFFFFFFFFFFFFFFFFFFFFFFFFF73
:101D8000FFFFFFFFFFFFFFFFFFFFFFFFFFFFFFFF63
:101D9000FFFFFFFFEF7EBE38AD9694B3736D5AAA76
:101DA00052284A0749E749C749C641C641A641A644
:101DB00041A6418541854185418549A541854185AA
:101DC000394439443103186120A230E3414459A514
:101DD00069E77A688AEA932B9B4B9B4B9B4B8B0B57
:101DE0007A8961E751A551A651E662076A6882CAFD
:101DF000E5D5FEB9FED9FED9FEDAFEDAFEDAFEDA64
:101E0000FEDAFEFAFEDAFEDAFED9FEB9FEB9FEB956
:101E1000F699F698F678F678EE37E5B5B42F934C48
:101E200072896A286A4872687AC9936CABEEC4D129
:101E3000DDB5E5F6E5F6E5F6E5D6DDB5C4D251A6A5
:101E40003924392439443965398641A68C31FFFF5C
:101E5000FFFFFFFFFFFFFFFFFFFFFFFFFFFFFFFF92
:101E6000FFFFFFFFFFFFFFFFFFFFFFFFFFFFFFFF82
:101E7000FFFFFFFFFFFFFFFFFFFFFFFFFFFFFFFF72
:101E8000FFFFFFFFFFFFFFFFFFFFFFFFFFFFFFFF62
:101E90000000000000000000FFFFFFFFFFFFFFFF4A
:101EA000FFFFFFFFFFFFFFFFFFFFFFFFFFFFFFFF42
:101EB000FFFFFFFFFFFFFFFFFFFFFFFFFFFFFFFF32
:101EC000FFFFFFFFFFFFFFFFFFFFFFFFFFFFFFFF22
:101ED000FFFFFFFFE73CBE18AD758C516B0C5A8AB3
:101EE00052284A0749E749C649C649C641A641A6FC
:101EF00041A5418541854185418549A5418541658A
:101F00003944392439244944598569E682689AEA72
:101F1000AB8CBC0EC490CD12D553DD94E5B5E5D5A0
:101F2000DDB4D553CCB1A3AD726859E659E662076A
:101F3000C4B1FEB9FEB9FED9FED9FEDAFEDAFEDA88
:101F4000FEDAFEDAFEDAFED9FEB9FEB9FEB9FEB956
:101F5000F698F678F678EE57D55382EA622859E774
:101F600051C651C651C651A649A649A649C651C631
:101F700059E77AEAC4F2E5D5E5D5DDB5DD949B6C89
:101F80003924392439443965398641A68410FFDF64
:101F9000FFFFFFFFFFFFFFFFFFFFFFFFFFFFFFFF51
:101FA000FFFFFFFFFFFFFFFFFFFFFFFFFFFFFFFF41
:101FB000FFFFFFFFFFFFFFFFFFFFFFFFFFFFFFFF31
:101FC000FFFFFFFFFFFFFFFFFFFFFFFFFFFFFFFF21
:101FD0000000000000000000FFFFFFFFFFFFFFFF09
:101FE000FFFFFFFFFFFFFFFFFFFFFFFFFFFFFFFF01
:101FF000FFFFFFFFFFFFFFFFFFFFFFFFFFFFFFFFF1
:10200000FFFFFFFFFFFFFFFFFFFFFFFFFFFFFFFFE0
:10201000FFFFFFFFD6DBBE18A55583F062EB5A89A0
:1020200052284A0749C749C649C641C641A641A6E2
:1020300041A641854185418549A541854185416547
:10204000394439244944598569E6824792A9A32B2A
:10205000B3CDC46FCCD1D533DD74E5B5E5D5EDF6A0
:10206000EE16EE16EE16E5F6DDB4CCF2A3AD8B0A55
:10207000DDB4FE99FEB9FEB9FED9FED9FED9FEDA6D
:10208000FEDAFED9FED9FED9FEB9FEB9FE99F6995F
:10209000F698F678F657EE168B2B622759E651C65E
:1020A00051C651C651C659E651C651C649A649A6A0
:1020B00049A649A651C6830BD553DDB5DD94D5336A
:1020C0004144392439443965396541A68410FFFFFC
:1020D000FFFFFFFFFFFFFFFFFFFFFFFFFFFFFFFF10
:1020E000FFFFFFFFFFFFFFFFFFFFFFFFFFFFFFFF00
:1020F000FFFFFFFFFFFFFFFFFFFFFFFFFFFFFFFFF0
:10210000FFFFFFFFFFFFFFFFFFFFFFFFFFFFFFFFDF
:102110000000000000000000FFFFFFFFFFFFFFFFC7
:10212000FFFFFFFFFFFFFFFFFFFFFFFFFFFFFFFFBF
:10213000FFFFFFFFFFFFFFFFFFFFFFFFFFFFFFFFAF
:10214000FFFFFFFFFFFFFFFFFFFFFFFFFFFFFFFF9F
:10215000FFFFFFFFCE9ABDF89CF37BAE62CB5A69BE
:10216000522849E749C749C641C649C641A641A6C2
:1021700041A641854185418549A54185418539640F
:1021800039443924516461A572078A889AEAAB6B95
:10219000BC0EC490CCF2D553DD94E5B5E5F5EDF673
:1021A000EE16EE36EE37EE37EE37EE37EE16E5F694
:1021B000F658F698FEB9FEB9FEB9FED9FED9FED999
:1021C000FED9FED9FED9FEB9FEB9FE99F698F69869
:1021D000F678F678EE57E5B5724859E672688AEAFD
:1021E0009B6CB40EC470C4B0C490BC4FB3EE9B8C57
:1021F00082EA6A2849C649A66228BCB1DD94D59412
:1022000082EA392439443945396541A68C31FFFFCA
:10221000FFFFFFFFFFFFFFFFFFFFFFFFFFFFFFFFCE
:10222000FFFFFFFFFFFFFFFFFFFFFFFFFFFFFFFFBE
:10223000FFFFFFFFFFFFFFFFFFFFFFFFFFFFFFFFAE
:10224000FFFFFFFFFFFFFFFFFFFFFFFFFFFFFFFF9E
:10225000000000000000FFFFFFFFFFFFFFFFFFFF88
:10226000FFFFFFFFFFFFFFFFFFFFFFFFFFFFFFFF7E
:10227000FFFFFFFFFFFFFFFFFFFFFFFFFFFFFFFF6E
:10228000FFFFFFFFFFFFFFFFFFFFFFFFFFFFFFFF5E
:10229000FFFFFFDFCE7AB5D79492736D5AAA5A49E1
:1022A000522849E749C749C649C649C641A641A679
:1022B00041A5418541854185418541854165394437
:1022C00039244144518561C67A4792A9A30AAB8C4F
:1022D000BC0EC490CCF2D553DD94E5B5E5D5E5F65A
:1022E000EE16EE16EE37EE37F657F657F658F65866
:1022F000F678F698FE99FEB9FEB9FEB9FEB9FED998
:10230000FEB9FED9FEB9FEB9FEB9F698F698F67890
:10231000F678F658EE57EE16CCD1C490CD12D553C0
:10232000DD94DDB5E5B5E5D5E5D5E5B5DDB4DD9400
:10233000D553CCF2B40F8B0B62075207AC2FDD7470
:10234000BC91392439443965396541A68C31FFFF88
:10235000FFFFFFFFFFFFFFFFFFFFFFFFFFFFFFFF8D
:10236000FFFFFFFFFFFFFFFFFFFFFFFFFFFFFFFF7D
:10237000FFFFFFFFFFFFFFFFFFFFFFFFFFFFFFFF6D
:10238000FFFFFFFFFFFFFFFFFFFFFFFFFFFFFFFF5D
:10239000FFFF00000000FFFFFFFFFFFFFFFFFFFF49
:1023A000FFFFFFFFFFFFFFFFFFFFFFFFFFFFFFFF3D
:1023B000FFFFFFFFFFFFFFFFFFFFFFFFFFFFFFFF2D
:1023C000FFFFFFFFFFFFFFFFFFFFFFFFFFFFFFFF1D
:1023D000FFFFF7BFC659ADB68C516B4C5A8A5248B5
:1023E000522849E749C749C649C649C641A641A638
:1023F000418541854185418541A5418541653944F6
:102400003924494459A569E682689AC9A32BAB8C43
:10241000BC0EC470CCF1D533DD74E5B5E5D5E5F57A
:10242000E5F6EE16EE37EE37EE57F657F658F67835
:10243000F678F698FE99FE99FEB9FEB9FEB9FEB996
:10244000FEB9FEB9FEB9FEB9F699F698F678F678B7
:10245000F658EE57EE37EE37EDF6E5D5E5D5E5D68D
:10246000E5F6E5F6E5F6E5F6E5F6E5F6E5F6E5F694
:10247000E5D5E5D5DDB5D574CCD1932B5A07B4702D
:10248000D55459E639243945396541A69492FFFF60
:10249000FFFFFFFFFFFFFFFFFFFFFFFFFFFFFFFF4C
:1024A000FFFFFFFFFFFFFFFFFFFFFFFFFFFFFFFF3C
:1024B000FFFFFFFFFFFFFFFFFFFFFFFFFFFFFFFF2C
:1024C000FFFFFFFFFFFFFFFFFFFFFFFFFFFFFFFF1C
:1024D000FFFF00000000FFFFFFFFFFFFFFFFFFFF08
:1024E000FFFFFFFFFFFFFFFFFFFFFFFFFFFFFFFFFC
:1024F000FFFFFFFFFFFFFFFFFFFFFFFFFFFFFFFFEC
:10250000FFFFFFFFFFFFFFFFFFFFFFFFFFFFFFFFDB
:10251000FFFFEF9EC659AD7684106B0C5A89524866
:10252000520849E749C749C641C641C641A641A527
:1025300041854185418541854185418541653944D4
:102540003924516561A572278A899AEA8AC99AEA6B
:10255000B3ACBC0EC44FCCD1D533DD94DDB5E5D5DD
:10256000E5D6EDF6EE16EE37EE37F657F657F67877
:10257000F678F698F698F698FEB9FEB9FEB9FEB967
:10258000FEB9FEB9FEB9FE99F698F698F678F658B7
:10259000EE57EE37EE37EE37EE16E5F6E5F6E5F6F2
:1025A000E5F6E5F6E5F6E5F6E5F6E5F6E5F6E5F653
:1025B000E5F6E5F6E5D6E5D5DD95D553BC90C4F254
:1025C000D57482EB39243944396541C7A514FFFF1E
:1025D000FFFFFFFFFFFFFFFFFFFFFFFFFFFFFFFF0B
:1025E000FFFFFFFFFFFFFFFFFFFFFFFFFFFFFFFFFB
:1025F000FFFFFFFFFFFFFFFFFFFFFFFFFFFFFFFFEB
:10260000FFFFFFFFFFFFFFFFFFFFFFFFFFFFFFFFDA
:10261000FFFF00000000FFFFFFFFFFFFFFFFFFFFC6
:10262000FFFFFFFFFFFFFFFFFFFFFFFFFFFFFFFFBA
:10263000FFFFFFFFFFFFFFFFFFFFFFFFFFFFFFFFAA
:10264000FFFFFFFFFFFFFFFFFFFFFFFFFFFFFFFF9A
:10265000FFFFEF7DC639A5357BEF62EB5A69522843
:102660004A0749E749C741C641A641A641A641A537
:10267000418541854185418541854185396539449B
:102680004144518561C67A4792C99AEA7A684165A0
:10269000416531243924392441855A077AEAA3EE69
:1026A000CD33E5D5E5F6EE16EE37EE37EE57F657B5
:1026B000F678F678F698F698F699FEB9FEB9FEB96E
:1026C000FEB9FEB9FEB9FE99F698F678F678F65797
:1026D000EE57EE37EE37EE37EE16EE16E5F6E5F688
:1026E000E5F6E5F6E5F6E5F6E5F6E5F6E5D6E5D553
:1026F000E5D5E5D6E5F6E5D5DDB5DD94DD74D57433
:10270000D574B42F3924394439654A07B596FFFF8B
:10271000FFFFFFFFFFFFFFFFFFFFFFFFFFFFFFFFC9
:10272000FFFFFFFFFFFFFFFFFFFFFFFFFFFFFFFFB9
:10273000FFFFFFFFFFFFFFFFFFFFFFFFFFFFFFFFA9
:10274000FFFFFFFFFFFFFFFFFFFFFFFFFFFFFFFF99
:10275000FFFF00000000FFFFFFFFFFFFFFFFFFFF85
:10276000FFFFFFFFFFFFFFFFFFFFFFFFFFFFFFFF79
:10277000FFFFFFFFFFFFFFFFFFFFFFFFFFFFFFFF69
:10278000FFFFFFFFFFFFFFFFFFFFFFFFFFFFFFFF59
:10279000FFFFE75DBE189D147BCF62CB5A695228BC
:1027A0004A0749E749C641C641A641A641A6418517
:1027B000418541854185418541854165394439449B
:1027C000494459A569E6720759A639241882290493
:1027D00020E3188128E3188218A220C328E32904E3
:1027E00049A68B4CDD74E5F6EDF6EE16EE37EE57A6
:1027F000F658F678F678F698F699FEB9FEB9FEB96D
:10280000FEB9FEB9FEB9F699F698F678F658EE5785
:10281000EE37EE37EE17EE17EE16E5F6E5F6E5F6CF
:10282000E5F6E5F6E5F6E5D6E5D5E5D5E5B5E5B5B4
:10283000E5B5E5D5E5D6E5D6E5D5DDB5DDB5DD957E
:10284000D574CD124985394439855228C638FFFFE1
:10285000FFFFFFFFFFFFFFFFFFFFFFFFFFFFFFFF88
:10286000FFFFFFFFFFFFFFFFFFFFFFFFFFFFFFFF78
:10287000FFFFFFFFFFFFFFFFFFFFFFFFFFFFFFFF68
:10288000FFFFFFFFFFFFFFFFFFFFFFFFFFFFFFFF58
:10289000FFFF00000000FFFFFFFFFFFFFFFFFFFF44
:1028A000FFFFFFFFFFFFFFFFFFFFFFFFFFFFFFFF38
:1028B000FFFFFFFFFFFFFFFFFFFFFFFFFFFFFFFF28
:1028C000FFFFFFFFFFFFFFFFFFFFFFFFFFFFFFFF18
:1028D000FFFFE75DBDF89CD37BAE62CB5249522827
:1028E00049E749E749C741C641A641A641A64186F5
:1028F0004185418541854185418541653944312482
:10290000390330E320A21061106110821082290483
:10291000316539C7422918A210401041188120A200
:1029200020E3290449A6BCB1E5F5EDF6EE16EE3735
:10293000F657F658F678F698F698FE99FEB9FEB96D
:10294000FEB9FEB9FEB9F698F678F678EE57EE378E
:10295000EE37EE16EE16E5F6E5F6E5D6E5D5E5D565
:10296000E5D5E5B5DD94D554D533D533DD74DD74C7
:10297000DD94DDB5DDB5E5D6E5D6DDD5DDB5DDB576
:10298000D595CD3362273944398562EBDF1CFFFFD3
:10299000FFFFFFFFFFFFFFFFFFFFFFFFFFFFFFFF47
:1029A000FFFFFFFFFFFFFFFFFFFFFFFFFFFFFFFF37
:1029B000FFFFFFFFFFFFFFFFFFFFFFFFFFFFFFFF27
:1029C000FFFFFFFFFFFFFFFFFFFFFFFFFFFFFFFF17
:1029D000FFFFFFFFFFFFFFFFFFFFFFFFFFFFFFFF07
:1029E000FFFFFFFFFFFFFFFFFFFFFFFFFFFFFFFFF7
:1029F000FFFFFFFFFFFFFFFFFFFFFFFFFFFFFFFFE7
:102A0000FFFFFFFFFFFFFFFFFFFFFFFFFFFFFFFFD6
:102A1000FFFFE73DB5D794B3736D62CA52494A08C8
:102A200049E749E749C741A641A641A641A64185D4
:102A30004185418541854185418539653944310369
:102A400030E31061104110611061108231C752CC27
:102A500052EC292508200820104118A220E320E389
:102A600018A2290429043965B44FE5D5EDF6EE1610
:102A7000EE57F657F677F678F698FE99FEB9FEB956
:102A8000FEB9FEB9FEB9F698F678F658EE37EE378D
:102A9000EE16EE16E5F6E5F6E5D5E5B5DDB4CD12B4
:102AA0008B6C5A07418639653944394449C67ACA1C
:102AB000CCD1BC91CD13E5D6E5D6E5D6DDD5DDB5D7
:102AC000DD95D5547269394441A68430F7BEFFFFC5
:102AD000FFFFFFFFFFFFFFFFFFFFFFFFFFFFFFFF06
:102AE000FFFFFFFFFFFFFFFFFFFFFFFFFFFFFFFFF6
:102AF000FFFFFFFFFFFFFFFFFFFFFFFFFFFFFFFFE6
:102B0000FFFFFFFFFFFFFFFFFFFFFFFFFFFFFFFFD5
:102B1000FFFFFFFFFFFFFFFFFFFFFFFFFFFFFFFFC5
:102B2000FFFFFFFFFFFFFFFFFFFFFFFFFFFFFFFFB5
:102B3000FFFFFFFFFFFFFFFFFFFFFFFFFFFFFFFFA5
:102B4000FFFFFFFFFFFFFFFFFFFFFFFFFFFFFFFF95
:102B5000FFFFDF1CB5D794926B4D5AAA5249520819
:102B600049E749E749C741C641A641A641A6418573
:102B700041854185418541854185396539443924FF
:102B800061C6720759A518A218A33A08636E74119A
:102B900039E708400820104118A22104294429459A
:102BA000294529046B4D4A294165B470E5F5EE16B7
:102BB000EE37F657F658F678F698FEB9FEB9FEB934
:102BC000FEB9FEB9FEB9F698F678F657EE37EE176D
:102BD000EE16E5F6E5D5E5B5E5B5DD748B4C396562
:102BE000290428E320C320E328E428E3396528E307
:102BF00041855207D574E5D6E5D6E5D6E5D5DDB5F0
:102C0000DD95D5746A69394449E7BDF7FFFFFFFFD9
:102C1000FFFFFFFFFFFFFFFFFFFFFFFFFFFFFFFFC4
:102C2000FFFFFFFFFFFFFFFFFFFFFFFFFFFFFFFFB4
:102C3000FFFFFFFFFFFFFFFFFFFFFFFFFFFFFFFFA4
:102C4000FFFFFFFFFFFFFFFFFFFFFFFFFFFFFFFF94
:102C5000FFFFFFFFFFFFFFFFFFFFFFFFFFFFFFFF84
:102C6000FFFFFFFFFFFFFFFFFFFFFFFFFFFFFFFF74
:102C7000FFFFFFFFFFFFFFFFFFFFFFFFFFFFFFFF64
:102C8000FFFFFFFFFFFFFFFFFFFFFFFFFFFFFFFF54
:102C9000FFFFDF1CB5B78C726B4D5A8A52494A0749
:102CA00049E749C749C641C641A641A641A6418553
:102CB00041854165418541854185396439444144B7
:102CC00069E68288A32B310331A65AEC7410636E37
:102CD000106110411040106118C321242924294596
:102CE0003165314539C7B5D85ACB49A6D553EDF62C
:102CF000EE16EE37F657F678F698FE99FEB9FEB95D
:102D0000FEB9FEB9FEB9F698F678EE57EE37EE1634
:102D1000E5F6E5D6E5B5DDB5C4D15A07290420C3EB
:102D200020A21861106120C3632D73D04A6A41A6A6
:102D30004186314551E7B470E5D5E5D5E5D5DDB53A
:102D4000DD95D574624839446ACBF79EFFFFFFFFDB
:102D5000FFFFFFFFFFFFFFFFFFFFFFFFFFFFFFFF83
:102D6000FFFFFFFFFFFFFFFFFFFFFFFFFFFFFFFF73
:102D7000FFFFFFFFFFFFFFFFFFFFFFFFFFFFFFFF63
:102D8000FFFFFFFFFFFFFFFFFFFFFFFFFFFFFFFF53
:102D9000FFFFFFFFFFFFFFFFFFFFFFFFFFFFFFFF43
:102DA000FFFFFFFFFFFFFFFFFFFFFFFFFFFFFFFF33
:102DB000FFFFFFFFFFFFFFFFFFFFFFFFFFFFFFFF23
:102DC000FFFFFFFFFFFFFFFFFFFFFFFFFFFFFFFF13
:102DD000FFFFDEFCB5968C716B4C5A8A52494A074C
:102DE00049E749C749C641A641A641A641A6418532
:102DF0004185418541854185418539443924516565
:102E0000720792C9B3AC41864A496B6E847231A68F
:102E10001881420839C7188220E321042924292473
:102E20003145316529049D15BE196B2C936CE5D68F
:102E3000EE16EE37F658F678F698FEB9FEB9FED9DA
:102E4000FEB9FEB9FEB9F698F678EE57EE37EE16F3
:102E5000E5F6E5B5DD94BC70416520C2290429245E
:102E600020E31882106110611061634E84936BAF90
:102E7000292429042924314572CACD33DD94DDB5D6
:102E8000DD95D5955A284165C5F7FFFFFFFFFFFF88
:102E9000FFFFFFFFFFFFFFFFFFFFFFFFFFFFFFFF42
:102EA000FFFFFFFFFFFFFFFFFFFFFFFFFFFFFFFF32
:102EB000FFFFFFFFFFFFFFFFFFFFFFFFFFFFFFFF22
:102EC000FFFFFFFFFFFFFFFFFFFFFFFFFFFFFFFF12
:102ED000FFFFFFFFFFFFFFFFFFFFFFFFFFFFFFFF02
:102EE000FFFFFFFFFFFFFFFFFFFFFFFFFFFFFFFFF2
:102EF000FFFFFFFFFFFFFFFFFFFFFFFFFFFFFFFFE2
:102F0000FFFFFFFFFFFFFFFFFFFFFFFFFFFFFFFFD1
:102F1000FFFFDEFCAD968C516B2C5A8A52484A0753
:102F200049E749C741C641A641A641A641A64185F8
:102F3000418541854185418541653944392459851B
:102F40007A279AEAB3ED62695ACB73CF8CB320C269
:102F50003986D6DBBE3820E318A220C32103210422
:102F60003124394428E38410C67AB5965A49DD7471
:102F7000EE16EE37F658F678FE98FEB9FED9FED971
:102F8000FED9FEB9FEB9F698F678EE57EE16E5F6DC
:102F9000E5D5DDB4BC915A48314531453165292428
:102FA00020C3106110411041186120C394D3A5764D
:102FB00073CF29242904314531655A28B491DDB5F0
:102FC000DD95D595520762AAFFFFFFFFFFFFFFFFC8
:102FD000FFFFFFFFFFFFFFFFFFFFFFFFFFFFFFFF01
:102FE000FFFFFFFFFFFFFFFFFFFFFFFFFFFFFFFFF1
:102FF000FFFFFFFFFFFFFFFFFFFFFFFFFFFFFFFFE1
:10300000FFFFFFFFFFFFFFFFFFFFFFFFFFFFFFFFD0
:10301000FFFFFFFFFFFFFFFFFFFFFFFFFFFFFFFFC0
:10302000FFFFFFFFFFFFFFFFFFFFFFFFFFFFFFFFB0
:10303000FFFFFFFFFFFFFFFFFFFFFFFFFFFFFFFFA0
:10304000FFFFFFFFFFFFFFFFFFFFFFFFFFFFFFFF90
:10305000FFFFD6FBAD968C316B0C5A8952484A075C
:1030600049E749C641C641A641A641A641A64185B8
:10307000418541854185418541653944392459A5BA
:103080007A279B0ABC0E832B62EC7BF08CB22082E9
:103090003965AD758C9218A21061188218A218A219
:1030A00030E3392431037BAFCE9AC63983AFBCB14C
:1030B000EE37F657F678F698FE99FEB9FED9FED9A6
:1030C000FED9FED9FEB9F698F678EE37EE16E5F69B
:1030D000E5D5DD74836D73AF3965398639A629244A
:1030E0001882106110411041106118A2634DBE1981
:1030F000A5764A4929047AEAB490DD95E5D6DDB58E
:10310000D595CD7549C67AEBDDF6F79DFFFFFFFF3C
:10311000FFFFFFFFFFFFFFFFFFFFFFFFFFFFFFFFBF
:10312000FFFFFFFFFFFFFFFFFFFFFFFFFFFFFFFFAF
:10313000FFFFFFFFFFFFFFFFFFFFFFFFFFFFFFFF9F
:10314000FFFFFFFFFFFFFFFFFFFFFFFFFFFFFFFF8F
:10315000FFFFFFFFFFFFFFFFFFFFFFFFFFFFFFFF7F
:10316000FFFFFFFFFFFFFFFFFFFFFFFFFFFFFFFF6F
:10317000FFFFFFFFFFFFFFFFFFFFFFFFFFFFFFFF5F
:10318000FFFFFFFFFFFFFFFFFFFFFFFFFFFFFFFF4F
:10319000FFFFD6DBAD7684306B0C5A8952484A0764
:1031A00049E749C641C641C641A641A641A6418557
:1031B000418541854185418541653944392461A670
:1031C0007A479AEABBEDABEE6B0C84108CB320A26D
:1031D00028A218A2108110411041104110611881DD
:1031E0003903518539248C51CE9AC659AD14A40F98
:1031F000F657F678F698FE98FEB9FED9FED9FEDAB3
:10320000FEDAFED9FEB9F698F678EE37EE16E5F658
:10321000E5D5B450A514738E41865249B5B78C716B
:1032200020A2104110411041106120C34A28C67AE3
:10323000B5F873AF4165DD94EE37EE16E5D6DDB532
:10324000D594CD5441659BADD533DD74EEDAFFFFE7
:10325000FFFFFFFFFFFFFFFFFFFFFFFFFFFFFFFF7E
:10326000FFFFFFFFFFFFFFFFFFFFFFFFFFFFFFFF6E
:10327000FFFFFFFFFFFFFFFFFFFFFFFFFFFFFFFF5E
:10328000FFFFFFFFFFFFFFFFFFFFFFFFFFFFFFFF4E
:10329000FFFFFFFFFFFFFFFFFFFFFFFFFFFFFFFF3E
:1032A000FFFFFFFFFFFFFFFFFFFFFFFFFFFFFFFF2E
:1032B000FFFFFFFFFFFFFFFFFFFFFFFFFFFFFFFF1E
:1032C000FFFFFFFFFFFFFFFFFFFFFFFFFFFFFFFF0E
:1032D000FFFFD6DBAD7684306B0C5A8A52484A0722
:1032E00049E749C649C641C641A641A641A641860D
:1032F000418541854185418541653944392461C60F
:1033000082489AEAB3ADC46F8B8E83F094B3314593
:1033100028A220611040104110411041106120A2EC
:10332000518551A63904AD75CE9BCE59D5F7C4D180
:10333000F698FE98FEB9FEB9FEB9FED9FEFAFEFA7D
:10334000FEFAFEFAFEB9F699F658EE37EE16E5F6F5
:10335000E5D593CEC6396AEB41657B6DFFFFDF1C77
:1033600029241041104110411061310441E7C65930
:10337000BE3994936A89EE37EE57EE16E5D6DDB581
:10338000D594B49149A6C4B1DD94E5B5DDB5E65850
:10339000FFFFFFFFFFFFFFFFFFFFFFFFFFFFFFFF3D
:1033A000FFFFFFFFFFFFFFFFFFFFFFFFFFFFFFFF2D
:1033B000FFFFFFFFFFFFFFFFFFFFFFFFFFFFFFFF1D
:1033C000FFFFFFFFFFFFFFFFFFFFFFFFFFFFFFFF0D
:1033D000FFFFFFFFFFFFFFFFFFFFFFFFFFFFFFFFFD
:1033E000FFFFFFFFFFFFFFFFFFFFFFFFFFFFFFFFED
:1033F000FFFFFFFFFFFFFFFFFFFFFFFFFFFFFFFFDD
:10340000FFFFFFFFFFFFFFFFFFFFFFFFFFFFFFFFCC
:10341000FFFFD6FBAD7684306B0C5A8A52484A07C0
:1034200049E749C741C641A641A641A641A64186F2
:10343000418541854185418541653944414461C6A5
:1034400082489AEAB38CC42FC4909410949362EC8F
:1034500020A230A2186110411061186120824944F5
:1034600059C649855208D69AD69ACE5AEE78EE3782
:10347000FEB9FEB9FEB9FED9FED9FEDAFEFAFEFAB1
:10348000FF1AFEFAFEB9F698F678EE37EE17EE164A
:10349000E5D5A492CE7A6ACB412449C694B2738E04
:1034A0001882104110411041186141654A08C65AFE
:1034B000C659A4D4A3EEF678EE57EE17E5D6DDB5DF
:1034C000D5959BEF7289D533DD94E5D5E5F6E5D644
:1034D000E679FFFFFFFFFFFFFFFFFFFFFFFFFFFF9B
:1034E000FFFFFFFFFFFFFFFFFFFFFFFFFFFFFFFFEC
:1034F000FFFFFFFFFFFFFFFFFFFFFFFFFFFFFFFFDC
:10350000FFFFFFFFFFFFFFFFFFFFFFFFFFFFFFFFCB
:10351000FFFFFFFFFFFFFFFFFFFFFFFFFFFFFFFFBB
:10352000FFFFFFFFFFFFFFFFFFFFFFFFFFFFFFFFAB
:10353000FFFFFFFFFFFFFFFFFFFFFFFFFFFFFFFF9B
:10354000FFFFFFFFFFFFFFFFFFFFFFFFFFFFFFFF8B
:10355000FFFFDEFCAD7684306B0C5A8A52484A0776
:1035600049E749C741C641C641A641A641A641A671
:10357000418541854185418541653944414461C664
:1035800082489AEAB36CC40ECC6FC490AC929C9201
:10359000418630C2390330E330C23903516559A640
:1035A00049854165AD35D69AD67AE699FED9FED9D8
:1035B000FEFAFEDAFEDAFED9FEFAFEFAFEFAFF1A8B
:1035C000FF1BFEFAFEB9F698F678F657EE37EE379F
:1035D000E5F6CD54CE7A734D4124412428C218819A
:1035E000106110411041104128A251C65AAACE9A2A
:1035F000C639ACD3E5F6F699F657EE16E5D6DDB545
:10360000D5948B8DABEEDD73E5B5E5F6EE16EE16D3
:10361000E5F6F71BFFFFFFFFFFFFFFFFFFFFFFFFC9
:10362000FFFFFFFFFFFFFFFFFFFFFFFFFFFFFFFFAA
:10363000FFFFFFFFFFFFFFFFFFFFFFFFFFFFFFFF9A
:10364000FFFFFFFFFFFFFFFFFFFFFFFFFFFFFFFF8A
:10365000FFFFFFFFFFFFFFFFFFFFFFFFFFFFFFFF7A
:10366000FFFFFFFFFFFFFFFFFFFFFFFFFFFFFFFF6A
:10367000FFFFFFFFFFFFFFFFFFFFFFFFFFFFFFFF5A
:10368000FFFFFFFFFFFFFFFFFFFFFFFFFFFFFFFF4A
:10369000FFFFDF1CAD9684306B0C5A8A52484A07F4
:1036A00049E741C641C641C641A641A641A641A639
:1036B000418541854185418541653944414461C623
:1036C00082479AC9AB6BBBEECC2FC42E6A289BAE47
:1036D000A451394530C23903412449644944412445
:1036E00041458C10D67ADE9AEE99FED9FEDAFEFAC2
:1036F000FEFAFEFAFEFAFEFAFEFAFEFAFF1AFF1AC8
:10370000FF1BFEFAFEB9F698F678F678F658F657EB
:10371000EE37EE16D6599CB23924414438E318618D
:103720001061106110612082414551C77BEFCE7A54
:10373000BDF8C513F678F698EE57E616DDD6DDB57A
:10374000D595B450D533DD94E5D5EDF6EE16EE37CC
:10375000EE37E616FFDFFFFFFFFFFFFFFFFFFFFF74
:10376000FFFFFFFFFFFFFFFFFFFFFFFFFFFFFFFF69
:10377000FFFFFFFFFFFFFFFFFFFFFFFFFFFFFFFF59
:10378000FFFFFFFFFFFFFFFFFFFFFFFFFFFFFFFF49
:10379000FFFFFFFFFFFFFFFFFFFFFFFFFFFFFFFF39
:1037A000FFFFFFFFFFFFFFFFFFFFFFFFFFFFFFFF29
:1037B000FFFFFFFFFFFFFFFFFFFFFFFFFFFFFFFF19
:1037C000FFFFFFFFFFFFFFFFFFFFFFFFFFFFFFFF09
:1037D000FFFFE73CAD968C316B2C5A8A52484A0762
:1037E00049E749C641C641C641A641A641A6418610
:1037F000418541854185418541653944414461C6E2
:1038000082489AC9AB6BBBCDCC2EC3EEBB8CDCB06F
:10381000E4F2B38D492459A5494440E338E36A8A68
:10382000BD55DE59EE78FE98FEB9FED9FEFAFEFAD5
:10383000FEFAFEFAFEFAFEFAFEFAFEFAFEFAFF1AA7
:10384000FF3BFEFAFEB9F678F678F678F678F67869
:10385000F678F678EE58CE3849E7392449443903EA
:1038600028A2208228C2494451A641A6B5B7C6194C
:10387000BD55EE17F698F678EE37E5F6DDD5DDB5F1
:10388000D595D533DD74E5B5E5D5EE16EE16EE37F4
:10389000EE37EE16EF1BFFFFFFFFFFFFFFFFFFFFFF
:1038A000FFFFFFFFFFFFFFFFFFFFFFFFFFFFFFFF28
:1038B000FFFFFFFFFFFFFFFFFFFFFFFFFFFFFFFF18
:1038C000FFFFFFFFFFFFFFFFFFFFFFFFFFFFFFFF08
:1038D000FFFFFFFFFFFFFFFFFFFFFFFFFFFFFFFFF8
:1038E000FFFFFFFFFFFFFFFFFFFFFFFFFFFFFFFFE8
:1038F000FFFFFFFFFFFFFFFFFFFFFFFFFFFFFFFFD8
:10390000FFFFFFFFFFFFFFFFFFFFFFFFFFFFFFFFC7
:10391000FFFFE73DAD968C316B4D5A8A52494A07FD
:1039200049E749C641C641A641A641A641A64185EF
:10393000418541854185418541853944494461C678
:1039400082479AC9B36BBBEDCC2ECC4FDC90DCD157
:10395000E4F1E4B1E4F2ED33ED53ED54ED74F5D55B
:10396000F5F6FE37FE58FE78FEB9FED9FEDAFEFA0D
:10397000FEFAFF1AFEFAFEFAFEFAFEFAFEFAFF1A45
:10398000FF3BFEFAF698F678F678F698F698F698F1
:10399000FE98FE78F678EE58B514414441444965E6
:1039A000496449445185496541459472BDD7BD7507
:1039B000E5D6F658F657EE37EE16E5F6DDB5DDB589
:1039C000D595DD53DD94E5D5EDF6EE16EE37F637F9
:1039D000F657EE37EE79FFFFFFFFFFFFFFFFFFFF18
:1039E000FFFFFFFFFFFFFFFFFFFFFFFFFFFFFFFFE7
:1039F000FFFFFFFFFFFFFFFFFFFFFFFFFFFFFFFFD7
:103A0000FFFFFFFFFFFFFFFFFFFFFFFFFFFFFFFFC6
:103A1000FFFFFFFFFFFFFFFFFFFFFFFFFFFFFFFFB6
:103A2000FFFFFFFFFFFFFFFFFFFFFFFFFFFFFFFFA6
:103A3000FFFFFFFFFFFFFFFFFFFFFFFFFFFFFFFF96
:103A4000FFFFFFFFFFFFFFFFFFFFFFFFFFFFFFFF86
:103A5000FFFFE75DADB68C516B2C5A8A52494A087C
:103A600049E749C749C641A641A641A641A641A684
:103A7000418541854185498541853944494461C62F
:103A800082479AC9B36BC3EECC4FD490DCD1E4F239
:103A9000E512E512ED33ED53F554F574F5B5F5D6B1
:103AA000FDF6FE37FE58FE78FE99FEB9FEDAFEFA04
:103AB000FEFAFEFAFEFAFEFAFEFAFEFAFEFAFEFA46
:103AC000FF1BFEFAF678F657F678F698FE98FE9801
:103AD000FE99FE98FE78FE58F637BC9159C64123F0
:103AE0004123390339034165838EBD75C534A3EF86
:103AF000DD34F617EE17EE17EDF6E5D6DDB5DDB5DC
:103B0000D574DD73E594E5D5EE16EE16EE37F6576F
:103B1000F657EE37E638FFFFFFFFFFFFFFFFFFFF1F
:103B2000FFFFFFFFFFFFFFFFFFFFFFFFFFFFFFFFA5
:103B3000FFFFFFFFFFFFFFFFFFFFFFFFFFFFFFFF95
:103B4000FFFFFFFFFFFFFFFFFFFFFFFFFFFFFFFF85
:103B5000FFFFFFFFFFFFFFFFFFFFFFFFFFFFFFFF75
:103B6000FFFFFFFFFFFFFFFFFFFFFFFFFFFFFFFF65
:103B7000FFFFFFFFFFFFFFFFFFFFFFFFFFFFFFFF55
:103B8000FFFFFFFFFFFFFFFFFFFFFFFFFFFFFFFF45
:103B9000FFFFEF7EB5B78C716B2D5A8A52494A08E8
:103BA00049E749C749C641A641A641A641A641A643
:103BB000418541854185498541853944496461C6CE
:103BC00082279AC9B36CC3EECC70DCB1DCF2E5128B
:103BD000E533ED53ED53ED54F574F594F5B5F5D6A5
:103BE000FDF6FE17FE57FE78FE99FEB9FEDAFEFAE4
:103BF000FEFAFEFAFEFAFEFAFEFAFEDAFED9FEDA66
:103C0000FEFAFEDAF658EE37F678F698FE98FE9948
:103C1000FE99FE98FE78FE57F637F616F5B5DCF2FB
:103C2000BBEE9B2BA36DC491AB8ED4B1ED54CC2FC6
:103C3000CC91E5B5EDF6EDF6E5F6E5D6DDB5DDB50D
:103C4000DD74DD94E5B5EDF6EE16EE37F657F65871
:103C5000F657EE37E638FFFFFFFFFFFFFFFFFFFFDE
:103C6000FFFFFFFFFFFFFFFFFFFFFFFFFFFFFFFF64
:103C7000FFFFFFFFFFFFFFFFFFFFFFFFFFFFFFFF54
:103C8000FFFFFFFFFFFFFFFFFFFFFFFFFFFFFFFF44
:103C9000FFFFFFFFFFFFFFFFFFFFFFFFFFFFFFFF34
:103CA000FFFFFFFFFFFFFFFFFFFFFFFFFFFFFFFF24
:103CB000FFFFFFFFFFFFFFFFFFFFFFFFFFFFFFFF14
:103CC000FFFFFFFFFFFFFFFFFFFFFFFFFFFFFFFF04
:103CD000FFFFF79EB5D794926B4D5A8A52495228EE
:103CE00049E749C741C641A641A641A641A641A50B
:103CF00041854185418549A541853944496461A68D
:103D00007A279AC9B36CC40ED490DCD1E512E5537E
:103D1000ED73ED74ED94F595F5B5F5B5F5D5F5F6CE
:103D2000FDF7FE37FE58FE78FE99FEB9FEDAFEFA80
:103D3000FEFAFEFAFEFAFEFAFEFAFED9FEB9FED946
:103D4000FEFAFED9F637EE16F658FE98FE99FE9961
:103D5000FE99FE98FE78FE58FE37F5F6F5D5F595F6
:103D6000F574ED54ED54ED33E4F2E4D1E513E5538D
:103D7000E553E595EDD6E5D6E5D6DDB5DD95D595EA
:103D8000DD74E5B4E5D5EE16EE37F657F657F6587E
:103D9000F678EE37E658FFFFFFFFFFFFFFFFFFFF5C
:103DA000FFFFFFFFFFFFFFFFFFFFFFFFFFFFFFFF23
:103DB000FFFFFFFFFFFFFFFFFFFFFFFFFFFFFFFF13
:103DC000FFFFFFFFFFFFFFFFFFFFFFFFFFFFFFFF03
:103DD000FFFFFFFFFFFFFFFFFFFFFFFFFFFFFFFFF3
:103DE000FFFFFFFFFFFFFFFFFFFFFFFFFFFFFFFFE3
:103DF000FFFFFFFFFFFFFFFFFFFFFFFFFFFFFFFFD3
:103E0000FFFFFFFFFFFFFFFFFFFFFFFFFFFFFFFFC2
:103E1000FFFFF7BEBDF89492736D5AAA52484A0844
:103E200049E749C741C641A641A641A641A64186E8
:103E300041854185418549A541854144516561A53B
:103E40007A279AA9B36BC42ED490DCF2E533E554FB
:103E5000ED74ED94F5B5F5D5F5D6F5F6F5F6FE1756
:103E6000FE37FE57FE58FE78FEB9FEB9FED9FEFABF
:103E7000FEFAFEFAFEFAFEFAFEDAFEB9FEB9FEB965
:103E8000FEFAFEB9EE37EDF6F657FE98FEB9FE994A
:103E9000FE99FE98FE78FE58F617F5F6F5D5F594DE
:103EA000ED74ED54ED33ED13ED13E513E533E55308
:103EB000E574E5B5E5D5E5D5E5D5DDB5D594DD9574
:103EC000E594E5B5EDF6EE16EE37F657F657F678CB
:103ED000F678EE17EE9AFFFFFFFFFFFFFFFFFFFFF1
:103EE000FFFFFFFFFFFFFFFFFFFFFFFFFFFFFFFFE2
:103EF000FFFFFFFFFFFFFFFFFFFFFFFFFFFFFFFFD2
:103F0000FFFFFFFFFFFFFFFFFFFFFFFFFFFFFFFFC1
:103F1000FFFFFFFFFFFFFFFFFFFFFFFFFFFFFFFFB1
:103F2000FFFFFFFFFFFFFFFFFFFFFFFFFFFFFFFFA1
:103F3000FFFFFFFFFFFFFFFFFFFFFFFFFFFFFFFF91
:103F4000FFFFFFFFFFFFFFFFFFFFFFFFFFFFFFFF81
:103F5000FFFFF7BFBE189492736D62CA52494A07B9
:103F600049E749C749C641A641A641A641A641A580
:103F700041854185418549A641854165494459A509
:103F80007A079AA9B36CC42ED4B0DD12E553E57458
:103F9000ED95EDB5F5D6F5F6F5F6F616FE17FE3706
:103FA000FE37FE58FE78FE99FEB9FED9FEDAFEFA1B
:103FB000FEFAFEFAFEFAFEFAFEB9FEB9FE99FEB965
:103FC000FED9FEB9EE16EDF6EE37FE98FE99FEB973
:103FD000FE99FE98FE78FE57FE37F5F6F5D5F5B555
:103FE000ED94ED74ED53ED33ED33ED33ED53ED74AE
:103FF000ED94EDB5E5B5E5B5DDB5DD95D595DD948B
:10400000E594E5D5EDF6EE16F657F657F678F67820
:10401000F657E5F6F73CFFFFFFFFFFFFFFFFFFFF4F
:10402000FFFFFFFFFFFFFFFFFFFFFFFFFFFFFFFFA0
:10403000FFFFFFFFFFFFFFFFFFFFFFFFFFFFFFFF90
:10404000FFFFFFFFFFFFFFFFFFFFFFFFFFFFFFFF80
:10405000FFFFFFFFFFFFFFFFFFFFFFFFFFFFFFFF70
:10406000FFFFFFFFFFFFFFFFFFFFFFFFFFFFFFFF60
:10407000FFFFFFFFFFFFFFFFFFFFFFFFFFFFFFFF50
:10408000FFFFFFFFFFFFFFFFFFFFFFFFFFFFFFFF40
:10409000FFFFFFDFBE1894B27B8E62CB52494A0805
:1040A00049E749C749C641A641A641A641A641855F
:1040B00041854185498549A54185416449445985E2
:1040C000720792A9B36BC42ED4D1DD32E573ED949F
:1040D000EDB5F5D6F5F6F616F617FE37FE37FE57B0
:1040E000FE58FE78FE99FE99FEB9FED9FEFAFEFA58
:1040F000FEFAFEFAFEFAFED9FE99F678F658F65761
:10410000F637F637EDF6E5D6EE16F678FEB9FEB9D7
:10411000FE99FE98FE78FE58FE37F617F5F6F5D5AF
:10412000F5B5ED94ED74ED74ED54ED74ED74ED743E
:10413000ED95E5B5E5B5E5B5DD95D595D595DD9478
:10414000E5B5E5D5EE16EE37F657F678F678F6775C
:10415000EE37E5F6FFDFFFFFFFFFFFFFFFFFFFFF8B
:10416000FFFFFFFFFFFFFFFFFFFFFFFFFFFFFFFF5F
:10417000FFFFFFFFFFFFFFFFFFFFFFFFFFFFFFFF4F
:10418000FFFFFFFFFFFFFFFFFFFFFFFFFFFFFFFF3F
:10419000FFFFFFFFFFFFFFFFFFFFFFFFFFFFFFFF2F
:1041A000FFFFFFFFFFFFFFFFFFFFFFFFFFFFFFFF1F
:1041B000FFFFFFFFFFFFFFFFFFFFFFFFFFFFFFFF0F
:1041C000FFFFFFFFFFFFFFFFFFFFFFFFFFFFFFFFFF
:1041D000FFFFFFFFC6399CD37BAE62CB524952280A
:1041E0004A0749C749C641A641A641A541A64186FD
:1041F00041854185498549A641854164494459A580
:1042000071E69268AB4BC40ED4D1DD33E594EDB5C5
:10421000EDD5F5F6F616F617F637FE37FE58FE78AA
:10422000FE78FE78FE99FEB9FEB9FEDAFEFAFEFAD5
:10423000FEFAFEFAFEDAFEB9F657EDD6E594E594FD
:10424000E574DD73E574E5B5EDF6F678FE99FEB933
:10425000FEB9FE99FE98FE78FE57F637F616F5F68B
:10426000F5D5EDB5ED95ED94ED74ED74ED74ED943B
:10427000ED95E5B5E5B5E5B5DD95D595DD95E59427
:10428000E5B5EDF5EE16EE37F657F657F678F65734
:10429000E5F6EEFBFFFFFFFFFFFFFFFFFFFFFFFF66
:1042A000FFFFFFFFFFFFFFFFFFFFFFFFFFFFFFFF1E
:1042B000FFFFFFFFFFFFFFFFFFFFFFFFFFFFFFFF0E
:1042C000FFFFFFFFFFFFFFFFFFFFFFFFFFFFFFFFFE
:1042D000FFFFFFFFFFFFFFFFFFFFFFFFFFFFFFFFEE
:1042E000FFFFFFFFFFFFFFFFFFFFFFFFFFFFFFFFDE
:1042F000FFFFFFFFFFFFFFFFFFFFFFFFFFFFFFFFCE
:10430000FFFFFFFFFFFFFFFFFFFFFFFFFFFFFFFFBD
:10431000FFFFFFFFC6599CF37BCF62CB5269522847
:1043200049E749C741C641A641A641A641A541A5C5
:1043300041854185498549A649A54164496561A6EC
:1043400071E68A48A30ABBEDCCB0DD32E594EDB549
:10435000EDF6F616F637F637FE57FE58FE78FE787D
:10436000FE98FE99FEB9FEB9FED9FED9FEDAFEFA34
:10437000FEFAFEDAFED9FE99EE37E5B5E574DD53B7
:10438000DD53DD33DD73E594E5D5F678FE99FEB9AE
:10439000FEB9FE99FE98FE78FE58F637F617F5F648
:1043A000F5F6F5D5EDB5EDB5ED95ED95ED95ED950C
:1043B000E595E5B5E5B5DD95DD95D5B5DD74E59417
:1043C000E5B5EDF6EE16EE37F657F657EE17E5D5EE
:1043D000E658FFFFFFFFFFFFFFFFFFFFFFFFFFFFAD
:1043E000FFFFFFFFFFFFFFFFFFFFFFFFFFFFFFFFDD
:1043F000FFFFFFFFFFFFFFFFFFFFFFFFFFFFFFFFCD
:10440000FFFFFFFFFFFFFFFFFFFFFFFFFFFFFFFFBC
:10441000FFFFFFFFFFFFFFFFFFFFFFFFFFFFFFFFAC
:10442000FFFFFFFFFFFFFFFFFFFFFFFFFFFFFFFF9C
:10443000FFFFFFFFFFFFFFFFFFFFFFFFFFFFFFFF8C
:10444000FFFFFFFFFFFFFFFFFFFFFFFFFFFFFFFF7C
:10445000FFFFFFFFCE9AA5147BCF62EB5269522873
:1044600049E749E749C641A641A641A641A541857C
:104470004185418549A549A649A54165518561C642
:104480006A068248A2EABBCDCC90D512E574E5B5A8
:10449000EDF6F616F637F637F657FE78FE78FE9804
:1044A000FE98FE99FE99FEB9FEB9FEB9FED9FED975
:1044B000FEDAFEDAFED9FEB9F678F637EE16EDD55D
:1044C000E5D5E5D5E5D5EDF6EE37F678F698FEB903
:1044D000FEB9FE98FE98FE78FE78F657F637F61687
:1044E000F5F6F5D6EDD5EDB5EDB5ED95ED95E59592
:1044F000E5B5E5B5E595DD95D575DD95DD53E59437
:10450000E5D5EDF6EE16EE16EE16E5D5DD94E67879
:10451000FFDFFFFFFFFFFFFFFFFFFFFFFFFFFFFFCB
:10452000FFFFFFFFFFFFFFFFFFFFFFFFFFFFFFFF9B
:10453000FFFFFFFFFFFFFFFFFFFFFFFFFFFFFFFF8B
:10454000FFFFFFFFFFFFFFFFFFFFFFFFFFFFFFFF7B
:10455000FFFFFFFFFFFFFFFFFFFFFFFFFFFFFFFF6B
:10456000FFFFFFFFFFFFFFFFFFFFFFFFFFFFFFFF5B
:10457000FFFFFFFFFFFFFFFFFFFFFFFFFFFFFFFF4B
:10458000FFFFFFFFFFFFFFFFFFFFFFFFFFFFFFFF3B
:10459000FFFFFFFFCEBBA5147BEF62EB5A895228C9
:1045A0004A0749E749C641A641A641A641A541851A
:1045B0004185418549A549A649A6416551A56A0796
:1045C000720782489AE9B38CC44FD4F1DD73E5B524
:1045D000EDF6EE16F637F637F657F658F678FE781B
:1045E000F678FE98FE98FEB9FEB9FEB9FEB9FEDA7D
:1045F000FEDAFEDAFEDAFEDAFED9FEB9FE98F678C9
:10460000F657F657F657F658F678F678FE98FE996C
:10461000FE99FE99FE98F678F678F658F637F63752
:10462000F616F5F6EDD6EDD5EDB5EDB5EDB5EDB586
:10463000E5B5E5B5DD95D574D5B6D512DD33DD74B8
:10464000E594E5B5E5B4DD94DD74DDB5EF1CFFFF61
:10465000FFFFFFFFFFFFFFFFFFFFFFFFFFFFFFFF6A
:10466000FFFFFFFFFFFFFFFFFFFFFFFFFFFFFFFF5A
:10467000FFFFFFFFFFFFFFFFFFFFFFFFFFFFFFFF4A
:10468000FFFFFFFFFFFFFFFFFFFFFFFFFFFFFFFF3A
:10469000FFFFFFFFFFFFFFFFFFFFFFFFFFFFFFFF2A
:1046A000FFFFFFFFFFFFFFFFFFFFFFFFFFFFFFFF1A
:1046B000FFFFFFFFFFFFFFFFFFFFFFFFFFFFFFFF0A
:1046C000FFFFFFFFFFFFFFFFFFFFFFFFFFFFFFFFFA
:1046D000FFFFFFFFD6DBA53483F0630C5A8A522814
:1046E0004A0749E749C641A641A641A641864185F8
:1046F0004185418549A549C649A6416551A66A2714
:10470000724882689AE9AB6CBC0ECCB0DD53E5947C
:10471000E5D5EDF6EE16F637F657F658F678F67854
:10472000F678F698FE98FEB9FEB9FEB9FED9FEDA23
:10473000FEDAFEFAFEFAFEFAFEFAFEFAFEDAFEB93A
:10474000FEB9FE98FE98F698FE98FE99FE99FE999D
:10475000F698FE98F678F678F678F658F657F63723
:10476000F637F616EDF6EDF6EDD5EDD5E5B5E5B592
:10477000E5B5DD95DD74D595D595CCD1CCF1CCF1F1
:10478000D512D512D553DDF7EEFBFFDFFFFFFFFF9C
:10479000FFFFFFFFFFFFFFFFFFFFFFFFFFFFFFFF29
:1047A000FFFFFFFFFFFFFFFFFFFFFFFFFFFFFFFF19
:1047B000FFFFFFFFFFFFFFFFFFFFFFFFFFFFFFFF09
:1047C000FFFFFFFFFFFFFFFFFFFFFFFFFFFFFFFFF9
:1047D000FFFFFFFFFFFFFFFFFFFFFFFFFFFFFFFFE9
:1047E000FFFFFFFFFFFFFFFFFFFFFFFFFFFFFFFFD9
:1047F000FFFFFFFFFFFFFFFFFFFFFFFFFFFFFFFFC9
:10480000FFFFFFFFFFFFFFFFFFFFFFFFFFFFFFFFB8
:10481000FFFFFFFFDEFBA55584106B0C5A8A522860
:104820004A0749C741C641A641A641A641A64186BD
:104830004185418549A549C649A64165392461E7B5
:104840007A898ACA92EAAB6BBBEDC490D512DD744B
:10485000E5B5E5D5EE16EE37F637F657F658F678A5
:10486000F678F698FE98FEB9FEB9FED9FEDAFEDAC1
:10487000FEFAFEFAFEFAFF1AFEFAFEDAFED9FEB9D9
:10488000FE98FE98FE98FE99FE99FE99FE99FE9874
:10489000F699F678F678F678F658F658F657F63729
:1048A000EE37EE16EDF6EDF6EDD5E5B5E5B5E595A9
:1048B000DD94DD94D575CD75AC2FD5D6DE37E67990
:1048C000EEDAF75CFFBEFFFFFFFFFFFFFFFFFFFF1A
:1048D000FFFFFFFFFFFFFFFFFFFFFFFFFFFFFFFFE8
:1048E000FFFFFFFFFFFFFFFFFFFFFFFFFFFFFFFFD8
:1048F000FFFFFFFFFFFFFFFFFFFFFFFFFFFFFFFFC8
:10490000FFFFFFFFFFFFFFFFFFFFFFFFFFFFFFFFB7
:10491000FFFF00000000FFFFFFFFFFFFFFFFFFFFA3
:10492000FFFFFFFFFFFFFFFFFFFFFFFFFFFFFFFF97
:10493000FFFFFFFFFFFFFFFFFFFFFFFFFFFFFFFF87
:10494000FFFFFFFFFFFFFFFFFFFFFFFFFFFFFFFF77
:10495000FFFFFFFFDF1CA55584106B2C5A8A5228DD
:104960004A0749C641A641A641A641A641A641A57E
:10497000418541A549A649C649C64165392439241E
:104980007269932B9B4BA36CB3CDC44FCCF1D55321
:10499000DD94E5B5EDF6EE16EE37F657F657F678F8
:1049A000F678F678F698FE99FEB9FED9FEFAFEFA88
:1049B000FEFAFEFAFEFAFEDAFE98FE57FE57FE37C2
:1049C000FE16F5F5F5D5FE37FE98FEB9FE99FE996F
:1049D000F698F678F678F658F657F657F637EE3733
:1049E000EE17EE16EDF6EDD6E5D5E5B5E5B5DD94B9
:1049F000DD74D574D5956AAA41A6FFDFFFFFFFFFDE
:104A0000FFFFFFFFFFFFFFFFFFFFFFFFFFFFFFFFB6
:104A1000FFFFFFFFFFFFFFFFFFFFFFFFFFFFFFFFA6
:104A2000FFFFFFFFFFFFFFFFFFFFFFFFFFFFFFFF96
:104A3000FFFFFFFFFFFFFFFFFFFFFFFFFFFFFFFF86
:104A4000FFFFFFFFFFFFFFFFFFFFFFFFFFFFFFFF76
:104A5000FFFF00000000FFFFFFFFFFFFFFFFFFFF62
:104A6000FFFFFFFFFFFFFFFFFFFFFFFFFFFFFFFF56
:104A7000FFFFFFFFFFFFFFFFFFFFFFFFFFFFFFFF46
:104A8000FFFFFFFFFFFFFFFFFFFFFFFFFFFFFFFF36
:104A9000FFFFFFFFE73CAD7684106B2C5AAA52282B
:104AA0004A0749C641A641A641A641A641A541A53E
:104AB000418549A549A651C649C6416539242903FE
:104AC00049858B2BAC0FABCDB3EEBC4FCCB1D532FF
:104AD000DD73DDB4E5D5EE16EE17EE37F657F67753
:104AE000F678F678F698F698F678F637E573F637AE
:104AF000F657F637F616F5D5F594F553ED12ECF1B9
:104B0000ECF1ECD1ECF1ED53F5F5FE78FE99FEB940
:104B1000FE98F678F658F657EE57EE37EE37EE3742
:104B2000EE16EDF6EDF6E5D5E5B5E595DD94DD940B
:104B3000DD74D595838D30E36AEBFFFFFFFFFFFF48
:104B4000FFFFFFFFFFFFFFFFFFFFFFFFFFFFFFFF75
:104B5000FFFFFFFFFFFFFFFFFFFFFFFFFFFFFFFF65
:104B6000FFFFFFFFFFFFFFFFFFFFFFFFFFFFFFFF55
:104B7000FFFFFFFFFFFFFFFFFFFFFFFFFFFFFFFF45
:104B8000FFFFFFFFFFFFFFFFFFFFFFFFFFFFFFFF35
:104B9000FFFF00000000FFFFFFFFFFFFFFFFFFFF21
:104BA000FFFFFFFFFFFFFFFFFFFFFFFFFFFFFFFF15
:104BB000FFFFFFFFFFFFFFFFFFFFFFFFFFFFFFFF05
:104BC000FFFFFFFFFFFFFFFFFFFFFFFFFFFFFFFFF5
:104BD000FFFFFFFFE73CAD9684116B2C5AAA5228C9
:104BE0004A0749C641A641A641A641A6418541853D
:104BF000418549A549A651E651E641653944290355
:104C000029035A07AC71B4D2B450BC6FC4B0CD12F2
:104C1000D553DD94E5B5E5F6EE16EE37EE57F658CA
:104C2000F678F678F678F678F678F678F637E4D10E
:104C3000CBCDCB4BCB6BCB8CD38CD3ACD3ACD3AC5D
:104C4000D3CCDBCDDC0EE48FE4D1ED33EDB5EE1645
:104C5000E594EE16EE37EE37EE37EE37EE37EE1719
:104C6000EE16E5F6E5D6E5B5E595DD95DD74D5748A
:104C7000D595A491392431039CD2FFFFFFFFFFFF9C
:104C8000FFFFFFFFFFFFFFFFFFFFFFFFFFFFFFFF34
:104C9000FFFFFFFFFFFFFFFFFFFFFFFFFFFFFFFF24
:104CA000FFFFFFFFFFFFFFFFFFFFFFFFFFFFFFFF14
:104CB000FFFFFFFFFFFFFFFFFFFFFFFFFFFFFFFF04
:104CC000FFFFFFFFFFFFFFFFFFFFFFFFFFFFFFFFF4
:104CD000FFFF00000000FFFFFFFFFFFFFFFFFFFFE0
:104CE000FFFFFFFFFFFFFFFFFFFFFFFFFFFFFFFFD4
:104CF000FFFFFFFFFFFFFFFFFFFFFFFFFFFFFFFFC4
:104D0000FFFFFFFFFFFFFFFFFFFFFFFFFFFFFFFFB3
:104D1000FFFFFFFFE75DAD968C316B4D62AA522815
:104D20004A0749C741C641A641A641A641854185DA
:104D3000418549A549A651E651E741653944290312
:104D40002903310372EBBD34BD34BCB1C4B1CCF125
:104D5000D532DD73DDB4E5D5E5F6EE17EE37F6575F
:104D6000F678F678F678F678F678F678F678F678D3
:104D7000F616F5B4ECF1E42FDBADD36BD32ACAE918
:104D8000C2A8C288C288C2A8C2C9C32ACB8CD40E0A
:104D9000E594EE37EE37EE37EE37EE37EE17EE16D8
:104DA000E5F6E5D6E5B5E5B5DD94DD74D574D574E5
:104DB000BD34394430E33124D6BAFFFFFFFFFFFF93
:104DC000FFFFFFFFFFFFFFFFFFFFFFFFFFFFFFFFF3
:104DD000FFFFFFFFFFFFFFFFFFFFFFFFFFFFFFFFE3
:104DE000FFFFFFFFFFFFFFFFFFFFFFFFFFFFFFFFD3
:104DF000FFFFFFFFFFFFFFFFFFFFFFFFFFFFFFFFC3
:104E0000FFFFFFFFFFFFFFFFFFFFFFFFFFFFFFFFB2
:104E1000FFFF00000000FFFFFFFFFFFFFFFFFFFF9E
:104E2000FFFFFFFFFFFFFFFFFFFFFFFFFFFFFFFF92
:104E3000FFFFFFFFFFFFFFFFFFFFFFFFFFFFFFFF82
:104E4000FFFFFFFFFFFFFFFFFFFFFFFFFFFFFFFF72
:104E5000FFFFFFFFEF7DB5B68C51734D62AA52285C
:104E600049E749C749C641A641A641A641A5418592
:104E7000418549A549C651E751E7416539442903B0
:104E800029032903312493CFC5D7C575C4F2CCD1EA
:104E9000CD12D553DD94E5B5E5F6EE16EE37EE57B7
:104EA000F657F678F678F678F698F698F678F67774
:104EB000EDF6ED73F553F532F553F553F573F55300
:104EC000ED12ECD0ECD0E46FE48FE4F1ED94EDF66C
:104ED000EE37EE37EE37EE37EE37EE37EE16EE16EC
:104EE000E5F6E5D5E5B5DD94DD74D574D574BD344E
:104EF000418530E331034186F79EFFFFFFFFFFFF4F
:104F0000FFFFFFFFFFFFFFFFFFFFFFFFFFFFFFFFB1
:104F1000FFFFFFFFFFFFFFFFFFFFFFFFFFFFFFFFA1
:104F2000FFFFFFFFFFFFFFFFFFFFFFFFFFFFFFFF91
:104F3000FFFFFFFFFFFFFFFFFFFFFFFFFFFFFFFF81
:104F4000FFFFFFFFFFFFFFFFFFFFFFFFFFFFFFFF71
:104F5000FFFF000000000000FFFFFFFFFFFFFFFF5B
:104F6000FFFFFFFFFFFFFFFFFFFFFFFFFFFFFFFF51
:104F7000FFFFFFFFFFFFFFFFFFFFFFFFFFFFFFFF41
:104F8000FFFFFFFFFFFFFFFFFFFFFFFFFFFFFFFF31
:104F9000FFFFFFFFEF7EB5B78C71736D62AA5228D9
:104FA00049E749C749C641A641A641A641A5418551
:104FB000418549A649C651E752074185394429032D
:104FC00029032903310331249C50CE17CDD6CD338C
:104FD000CD13D532D573DD94E5B5E5F6EE16EE3793
:104FE000F657F678F678F698F699F699F698F678F0
:104FF000EE37E553E4B0E46FE48FE490E48FE48FA0
:10500000E46FE46FE46FE44FE490E4F1E5D5EE176C
:10501000EE37EE37EE37EE37EE37EE17EE16E5F6F3
:10502000E5D5E5B5DD94DD74D574D594C55449A6B0
:1050300028C230E331035208FFDFFFFFFFFFFFFF0D
:10504000FFFFFFFFFFFFFFFFFFFFFFFFFFFFFFFF70
:10505000FFFFFFFFFFFFFFFFFFFFFFFFFFFFFFFF60
:10506000FFFFFFFFFFFFFFFFFFFFFFFFFFFFFFFF50
:10507000FFFFFFFFFFFFFFFFFFFFFFFFFFFFFFFF40
:10508000FFFFFFFFFFFFFFFFFFFFFFFFFFFFFFFF30
:105090000000000000000000FFFFFFFFFFFFFFFF18
:1050A000FFFFFFFFFFFFFFFFFFFFFFFFFFFFFFFF10
:1050B000FFFFFFFFFFFFFFFFFFFFFFFFFFFFFFFF00
:1050C000FFFFFFFFFFFFFFFFFFFFFFFFFFFFFFFFF0
:1050D000FFFFFFFFEF7EB5B78C71734D62AA5228B8
:1050E00049E749C749C649A641A641A541A5418509
:1050F00041A549A549C651E7520749A5414529049B
:1051000029032903290331033944940FD658D5F7CD
:10511000D575D553D533D574DD94E5D5E5F6EE16C2
:10512000EE37F657F678F698F698FE99F699F698CF
:10513000F678EE16E512DC6FDC2EDC0EDC0EDC0EF3
:10514000DC0EDC0EDC0DD40DDC6FE594EE16EE37D4
:10515000EE37EE37EE37EE37EE16EE16E5F6E5D61D
:10516000E5B5DD95DD94D574D595BCF349A628C287
:1051700028C230E331036B0BFFFFFFFFFFFFFFFF90
:10518000FFFFFFFFFFFFFFFFFFFFFFFFFFFFFFFF2F
:10519000FFFFFFFFFFFFFFFFFFFFFFFFFFFFFFFF1F
:1051A000FFFFFFFFFFFFFFFFFFFFFFFFFFFFFFFF0F
:1051B000FFFFFFFFFFFFFFFFFFFFFFFFFFFFFFFFFF
:1051C000FFFFFFFFFFFFFFFFFFFFFFFFFFFFFFFFEF
:1051D0000000000000000000FFFFFFFFFFFFFFFFD7
:1051E000FFFFFFFFFFFFFFFFFFFFFFFFFFFFFFFFCF
:1051F000FFFFFFFFFFFFFFFFFFFFFFFFFFFFFFFFBF
:10520000FFFFFFFFFFFFFFFFFFFFFFFFFFFFFFFFAE
:10521000FFFFFFFFEF9EB5B78C516B4D62AA52287E
:105220004A0749C749C641A641A641A641A54185AD
:1052300041A549A549C651E75A0749A64165290430
:105240002903290329032903290339448BEFDE7934
:10525000D617D595D554D553DD74DDB5E5D5E5F62E
:10526000EE16EE37F658F678F698F699FE99FEB9EE
:10527000FEB9F678F637ED94E512DCB0DC6FDC2E83
:10528000DC2EDC4FDC6FDCF1E5B5EE17EE37EE37E8
:10529000EE37EE37EE37EE17EE16E5F6E5D6E5B566
:1052A000DD95DD94DD94D5B5AC91416528A228A2A9
:1052B00028C230E331038BEFFFFFFFFFFFFFFFFF4B
:1052C000FFFFFFFFFFFFFFFFFFFFFFFFFFFFFFFFEE
:1052D000FFFFFFFFFFFFFFFFFFFFFFFFFFFFFFFFDE
:1052E000FFFFFFFFFFFFFFFFFFFFFFFFFFFFFFFFCE
:1052F000FFFFFFFFFFFFFFFFFFFFFFFFFFFFFFFFBE
:10530000FFFFFFFFFFFFFFFFFFFFFFFFFFFFFFFFAD
:105310000000000000000000FFFFFFFFFFFFFFFF95
:10532000FFFFFFFFFFFFFFFFFFFFFFFFFFFFFFFF8D
:10533000FFFFFFFFFFFFFFFFFFFFFFFFFFFFFFFF7D
:10534000FFFFFFFFFFFFFFFFFFFFFFFFFFFFFFFF6D
:10535000FFFFFFFFEF9EB5B78C516B4C62AA52283E
:105360004A0749C741C649A641A641A541A541A54D
:10537000498649A649C651E75A2749C641652904C5
:1053800029032903290329032903290331048BEF66
:10539000D659DE59D5D6D574D574DD94DDB5E5D5AD
:1053A000E5F6EE37EE57F678F698F699FEB9FEB9BF
:1053B000FEB9FEB9FE99F698F678F657EE37EDF697
:1053C000EDF6EDF6EE16EE37F657EE57EE57EE57D2
:1053D000EE57EE37EE16E5F6E5F6E5D5DDB5DD94EC
:1053E000D574D574D5B593EF310328A228A228A28D
:1053F00028C2310331249451FFFFFFFFFFFFFFFF5D
:10540000FFFFFFFFFFFFFFFFFFFFFFFFFFFFFFFFAC
:10541000FFFFFFFFFFFFFFFFFFFFFFFFFFFFFFFF9C
:10542000FFFFFFFFFFFFFFFFFFFFFFFFFFFFFFFF8C
:10543000FFFFFFFFFFFFFFFFFFFFFFFFFFFFFFFF7C
:10544000FFFFFFFFFFFFFFFFFFFFFFFFFFFFFFFF6C
:1054500000000000000000000000FFFFFFFFFFFF52
:10546000FFFFFFFFFFFFFFFFFFFFFFFFFFFFFFFF4C
:10547000FFFFFFFFFFFFFFFFFFFFFFFFFFFFFFFF3C
:10548000FFFFFFFFFFFFFFFFFFFFFFFFFFFFFFFF2C
:10549000FFFFFFFFF7BEB5B78C516B4C5AAA5248BD
:1054A0004A0749C641A641A641A641A641A541A534
:1054B00049A549A549C651E75A2749C6498529043E
:1054C0002903290328E328E328E328E328E3290321
:1054D00062AACE18E69ADE17D595D574DD94DDB5AF
:1054E000E5D5E5F6EE37EE57F678F698FE99FEB973
:1054F000FEB9FEB9FEB9FEB9FEB9FEB9FEB9FE9914
:10550000F698F678F698F698F678F678F657EE5715
:10551000EE37EE17E5F6E5D5DDB5DD95D574D55456
:10552000D574C533624828E328C228A228A228A23D
:1055300028C2310339249471FFFFFFFFFFFFFFFFF3
:10554000FFFFFFFFFFFFFFFFFFFFFFFFFFFFFFFF6B
:10555000FFFFFFFFFFFFFFFFFFFFFFFFFFFFFFFF5B
:10556000FFFFFFFFFFFFFFFFFFFFFFFFFFFFFFFF4B
:10557000FFFFFFFFFFFFFFFFFFFFFFFFFFFFFFFF3B
:10558000FFFFFFFFFFFFFFFFFFFFFFFFFFFF000029
:1055900000000000000000000000FFFFFFFFFFFF11
:1055A000FFFFFFFFFFFFFFFFFFFFFFFFFFFFFFFF0B
:1055B000FFFFFFFFFFFFFFFFFFFFFFFFFFFFFFFFFB
:1055C000FFFFFFFFFFFFFFFFFFFFFFFFFFFFFFFFEB
:1055D000FFFFFFFFF7BEB5D78C72734D5AAA522852
:1055E0004A0749C641A641A641A641854185418554
:1055F00049A549A549C651E75A2751E649853124AD
:105600002904290328E328E328E328E328E328E3FF
:1056100028E331449451DEBADE58D5D6D574DD94F2
:10562000DDB5E5D5E5F6EE17EE57F678F698FEB956
:10563000FEB9FED9FED9FED9FED9FEB9FEB9FEB932
:10564000FEB9FE99F698F698F678F678F657EE37A2
:10565000EE16E5F6E5D5DDB4DD94D574D574D595B3
:105660008BCE416528E328C228C228A228A228A2FE
:1056700028C2310331249C92FFFFFFFFFFFFFFFF91
:10568000FFFFFFFFFFFFFFFFFFFFFFFFFFFFFFFF2A
:10569000FFFFFFFFFFFFFFFFFFFFFFFFFFFFFFFF1A
:1056A000FFFFFFFFFFFFFFFFFFFFFFFFFFFFFFFF0A
:1056B000FFFFFFFFFFFFFFFFFFFFFFFFFFFFFFFFFA
:1056C000FFFFFFFFFFFFFFFFFFFFFFFFFFFF0000E8
:1056D00000000000000000000000FFFFFFFFFFFFD0
:1056E000FFFFFFFFFFFFFFFFFFFFFFFFFFFFFFFFCA
:1056F000FFFFFFFFFFFFFFFFFFFFFFFFFFFFFFFFBA
:10570000FFFFFFFFFFFFFFFFFFFFFFFFFFFFFFFFA9
:10571000FFFFFFFFFFDFBE3994B3738E5ACB5249B0
:105720004A0749E741A641A641A6418541854185F1
:1057300041A549A549C651E65A2751E74185394453
:1057400029242904290328E328E328E328E328E37C
:1057500028E328E331035228A4B2DE59DE17D59599
:10576000DD94DD94E5D5E5F6EE17EE37F678F6989C
:10577000FEB9FEB9FED9FED9FEB9FED9FED9FEB9F1
:10578000FEB9FEB9FE98F698F678F657EE37EE16A3
:10579000E5F6DDB5DD94D574D574D594BCF35A69BE
:1057A00030E328C328C228C228A228A228A228A2FF
:1057B00028C2310331249CB2FFFFFFFFFFFFFFFF30
:1057C000FFFFFFFFFFFFFFFFFFFFFFFFFFFFFFFFE9
:1057D000FFFFFFFFFFFFFFFFFFFFFFFFFFFFFFFFD9
:1057E000FFFFFFFFFFFFFFFFFFFFFFFFFFFFFFFFC9
:1057F000FFFFFFFFFFFFFFFFFFFFFFFFFFFFFFFFB9
:10580000FFFFFFFFFFFFFFFFFFFFFFFFFFFF0000A6
:10581000000000000000000000000000FFFFFFFF8C
:10582000FFFFFFFFFFFFFFFFFFFFFFFFFFFFFFFF88
:10583000FFFFFFFFFFFFFFFFFFFFFFFFFFFFFFFF78
:10584000FFFFFFFFFFFFFFFFFFFFFFFFFFFFFFFF68
:10585000FFFFFFFFFFDFC679A5347BEF62EC524903
:105860004A2849E741A641A641A541854185418590
:10587000418549A549A651E65A2752074185396510
:10588000314429242904290429042903290329044A
:10589000290329032903290331245207ACD2DE3816
:1058A000D5B5D574DD94DDB5E5D5E616EE37F678D9
:1058B000F678FE99FEB9FEB9FEB9FEB9FEB9FEB999
:1058C000FEB9FE99F698F678F657EE37EE16E5D55E
:1058D000DD95D574D554D574C5337B2C312428E39C
:1058E00028E328C328C328C228C228A228A228A2A5
:1058F00028C231033924A4D3FFFFFFFFFFFFFFFFBE
:10590000FFFFFFFFFFFFFFFFFFFFFFFFFFFFFFFFA7
:10591000FFFFFFFFFFFFFFFFFFFFFFFFFFFFFFFF97
:10592000FFFFFFFFFFFFFFFFFFFFFFFFFFFFFFFF87
:10593000FFFFFFFFFFFFFFFFFFFFFFFFFFFFFFFF77
:10594000FFFFFFFFFFFFFFFFFFFFFFFF0000000063
:10595000000000000000000000000000FFFFFFFF4B
:10596000FFFFFFFFFFFFFFFFFFFFFFFFFFFFFFFF47
:10597000FFFFFFFFFFFFFFFFFFFFFFFFFFFFFFFF37
:10598000FFFFFFFFFFFFFFFFFFFFFFFFFFFFFFFF27
:10599000FFFFFFFFFFFFE73CB5D78C726B2C5A8AE5
:1059A000524849E741C641A641854185398541852F
:1059B00041854185418549A651E751E741853965D2
:1059C00031853165316531453145314531453145A7
:1059D0003144312431243124314439653965BC2FB7
:1059E000CD54D5B5D574DD74DD94DDB5E5F6EE1690
:1059F000EE37F657F678F698FE99FEB9FE99F699C5
:105A0000F698F678F658EE37EE16E5F6DDB5DD7465
:105A1000D553CD33CD548BCE418528E328E328E3FD
:105A200028E328E328C328C228C228C228A228A223
:105A300028C231033124A4F3FFFFFFFFFFFFFFFF64
:105A4000FFFFFFFFFFFFFFFFFFFFFFFFFFFFFFFF66
:105A5000FFFFFFFFFFFFFFFFFFFFFFFFFFFFFFFF56
:105A6000FFFFFFFFFFFFFFFFFFFFFFFFFFFFFFFF46
:105A7000FFFFFFFFFFFFFFFFFFFFFFFFFFFFFFFF36
:105A8000FFFFFFFFFFFFFFFFFFFFFFFF0000000022
:105A9000000000000000000000000000FFFFFFFF0A
:105AA000FFFFFFFFFFFFFFFFFFFFFFFFFFFFFFFF06
:105AB000FFFFFFFFFFFFFFFFFFFFFFFFFFFFFFFFF6
:105AC000FFFFFFFFFFFFFFFFFFFFFFFFFFFFFFFFE6
:105AD000FFFFFFFFFFFFFFFFFFFFEF7DD6DBAD9670
:105AE0008C716B6D526941C641A6398539853985FE
:105AF000396539654165418549C649C63964398684
:105B000042084207420741E741E741E741C741C731
:105B100041C641A639A639A641A641A649C7B40E39
:105B2000BBEDC40DCCD1D553D573DD74DD95E5B592
:105B3000E5D5E5F6EE36EE37EE57F658F658F65858
:105B4000EE57EE37EE16E5F6DDB5DD94D554D533D8
:105B5000CD5493AE49A628C328E328E328E328E3DD
:105B600028E328E328E328E328E328C228C228C240
:105B700028A230E33924AD14FFFFFFFFFFFFFFFF32
:105B8000FFFFFFFFFFFFFFFFFFFFFFFFFFFFFFFF25
:105B9000FFFFFFFFFFFFFFFFFFFFFFFFFFFFFFFF15
:105BA000FFFFFFFFFFFFFFFFFFFFFFFFFFFFFFFF05
:105BB000FFFFFFFFFFFFFFFFFFFFFFFFFFFFFFFFF5
:105BC000FFFFFFFFFFFFFFFFFFFFFFFF00000000E1
:105BD0000000000000000000000000000000FFFFC7
:105BE000FFFFFFFFFFFFFFFFFFFFFFFFFFFFFFFFC5
:105BF000FFFFFFFFFFFFFFFFFFFFFFFFFFFFFFFFB5
:105C0000FFFFFFFFFFFFFFFFFFFFFFFFFFFFFFFFA4
:105C1000FFFFFFFFFFFFFFFFFFFFFFFFFFFFFFFF94
:105C2000FFDFF79EDEFBBDF794B27BAF62CB4A2865
:105C300041A639653965418541854185314462EB2D
:105C4000DEFBDEDBD6BAD679CE59C618B596A514DA
:105C500094928C3083EF7BAF7B8E7B8E6B2CBC2F32
:105C6000BBEDC3EDC3CDC40DCC8FD511D553DD73C2
:105C7000DD94DD94DDB5E5D5E5D6E5F6E5F6E5F6AA
:105C8000E5F6E5D5DDB5DD74D553D533C4F393CE54
:105C9000520728E328E328E328E328E328E328E35E
:105CA00028E328E3290329032903290328E328E318
:105CB00028A230E331249CB2FFFFFFFFFFFFFFFF6C
:105CC000FFFFFFFFFFFFFFFFFFFFFFFFFFFFFFFFE4
:105CD000FFFFFFFFFFFFFFFFFFFFFFFFFFFFFFFFD4
:105CE000FFFFFFFFFFFFFFFFFFFFFFFFFFFFFFFFC4
:105CF000FFFFFFFFFFFFFFFFFFFFFFFFFFFFFFFFB4
:105D0000FFFFFFFFFFFFFFFFFFFF0000000000009D
:105D10000000000000000000000000000000FFFF85
:105D2000FFFFFFFFFFFFFFFFFFFFFFFFFFFFFFFF83
:105D3000FFFFFFFFFFFFFFFFFFFFFFFFFFFFFFFF73
:105D4000FFFFFFFFFFFFFFFFFFFFFFFFFFFFFFFF63
:105D5000FFFFFFFFFFFFFFFFFFFFFFFFFFFFFFFF53
:105D6000FFFFFFFFFFFFFFFFFFFFFFDFEF9EE73CAF
:105D7000CE9AAD9683EF5AAA41C6396531245A8925
:105D8000FFFFFFFFFFFFFFFFFFFFFFFFFFFFFFFF23
:105D9000FFFFFFFFFFFFFFFFFFFFFFFFFFDFBC7005
:105DA000C40EC3EDC3EDC3EDC3EDC3CCC40DCC90A5
:105DB000D4F2DD53DD73DD73DD73DD74DD74DD740A
:105DC000DD74D553D533D533BCB1834C41A63124D2
:105DD00031042903290328E3290329032904290479
:105DE0002904290431243124314431443124290443
:105DF00028C328E331038C0FFFFFFFFFFFFFFFFFE6
:105E0000FFFFFFFFFFFFFFFFFFFFFFFFFFFFFFFFA2
:105E1000FFFFFFFFFFFFFFFFFFFFFFFFFFFFFFFF92
:105E2000FFFFFFFFFFFFFFFFFFFFFFFFFFFFFFFF82
:105E3000FFFFFFFFFFFFFFFFFFFFFFFFFFFFFFFF72
:105E4000FFFFFFFFFFFFFFFFFFFF0000000000005C
:105E50000000000000000000000000000000FFFF44
:105E6000FFFFFFFFFFFFFFFFFFFFFFFFFFFFFFFF42
:105E7000FFFFFFFFFFFFFFFFFFFFFFFFFFFFFFFF32
:105E8000FFFFFFFFFFFFFFFFFFFFFFFFFFFFFFFF22
:105E9000FFFFFFFFFFFFFFFFFFFFFFFFFFFFFFFF12
:105EA000FFFFFFFFFFFFFFFFFFFFFFFFFFFFFFFF02
:105EB000FFFFFFFFFFFFFFFFF79EDEDBCE18BD9663
:105EC000FFFFFFFFFFFFFFFFFFFFFFFFFFFFFFFFE2
:105ED000FFFFFFFFFFFFFFFFFFFFFFFFFFDFBC70C4
:105EE000C40EC40EC42ECC2ECC0EC3EDC3CDC3CC79
:105EF000C3CCC3EDCC2ED490D4D1D512D4F2D4F2ED
:105F0000D4D1CC90C470AC30734D5A6949E739850F
:105F100031653145314431443144314431453145B5
:105F200031453165316539653985398531653145A9
:105F300028E328C231037B8DFFFFFFFFFFFFFFFF38
:105F4000FFFFFFFFFFFFFFFFFFFFFFFFFFFFFFFF61
:105F5000FFFFFFFFFFFFFFFFFFFFFFFFFFFFFFFF51
:105F6000FFFFFFFFFFFFFFFFFFFFFFFFFFFFFFFF41
:105F7000FFFFFFFFFFFFFFFFFFFFFFFFFFFFFFFF31
:105F8000FFFFFFFFFFFFFFFF000000000000000019
:105F90000000000000000000000000000000000001
:105FA000FFFFFFFFFFFFFFFFFFFFFFFFFFFFFFFF01
:105FB000FFFFFFFFFFFFFFFFFFFFFFFFFFFFFFFFF1
:105FC000FFFFFFFFFFFFFFFFFFFFFFFFFFFFFFFFE1
:105FD000FFFFFFFFFFFFFFFFFFFFFFFFFFFFFFFFD1
:105FE000FFFFFFFFFFFFFFFFFFFFFFFFFFFFFFFFC1
:105FF000FFFFFFFFFFFFFFFFFFFFFFFFFFFFFFFFB1
:10600000FFFFFFFFFFFFFFFFFFFFFFFFFFFFFFFFA0
:10601000FFFFFFFFFFFFFFFFFFFFFFFFF7BEBC4FCC
:10602000C42EC44ECC4FCC4FCC4ECC2ECC0ECC0D6F
:10603000CBEDC3ACC3ACC3ACC3ACC3ACC3ACC3AD9E
:10604000C3ADBBCDBBEED5D6FFFFFFFFF7BEEF5D07
:10605000E71BD6BACE38BDD7AD349CD38C518C104B
:1060600083CF736D630B630C6B4D7BAE7BAE7BCFCD
:1060700083EF8C309CB2B596FFFFFFFFFFFFFFFF61
:10608000FFFFFFFFFFFFFFFFFFFFFFFFFFFFFFFF20
:10609000FFFFFFFFFFFFFFFFFFFFFFFFFFFFFFFF10
:1060A000FFFFFFFFFFFFFFFFFFFFFFFFFFFFFFFF00
:1060B000FFFFFFFFFFFFFFFFFFFFFFFFFFFFFFFFF0
:1060C000FFFFFFFFFFFFFFFF0000000000000000D8
:1060D00000000000000000000000000000000000C0
:1060E000FFFFFFFFFFFFFFFFFFFFFFFFFFFFFFFFC0
:1060F000FFFFFFFFFFFFFFFFFFFFFFFFFFFFFFFFB0
:10610000FFFFFFFFFFFFFFFFFFFFFFFFFFFFFFFF9F
:10611000FFFFFFFFFFFFFFFFFFFFFFFFFFFFFFFF8F
:10612000FFFFFFFFFFFFFFFFFFFFFFFFFFFFFFFF7F
:10613000FFFFFFFFFFFFFFFFFFFFFFFFFFFFFFFF6F
:10614000FFFFFFFFFFFFFFFFFFFFFFFFFFFFFFFF5F
:10615000FFFFFFFFFFFFFFFFFFFFFFFFF77DBC4FCC
:10616000C42ECC4FCC6FCC8FCC8FCC6FCC4FCC4EC1
:10617000CC2ECC0DC3CDC3ACC3ACC3ACC3ACC3AC91
:10618000BBADBBCDBBEED5D6FFFFFFFFFFFFFFFFD3
:10619000FFFFFFFFFFFFFFFFFFFFFFFFFFFFFFFF0F
:1061A000FFFFFFFFFFFFFFFFFFFFFFFFFFFFFFFFFF
:1061B000FFFFFFFFFFFFFFFFFFFFFFFFFFFFFFFFEF
:1061C000FFFFFFFFFFFFFFFFFFFFFFFFFFFFFFFFDF
:1061D000FFFFFFFFFFFFFFFFFFFFFFFFFFFFFFFFCF
:1061E000FFFFFFFFFFFFFFFFFFFFFFFFFFFFFFFFBF
:1061F000FFFFFFFFFFFFFFFFFFFFFFFFFFFFFFFFAF
:10620000FFFFFFFFFFFFFFFF000000000000000096
:10621000000000000000000000000000000000007E
:106220000000FFFFFFFFFFFFFFFFFFFFFFFFFFFF7C
:10623000FFFFFFFFFFFFFFFFFFFFFFFFFFFFFFFF6E
:10624000FFFFFFFFFFFFFFFFFFFFFFFFFFFFFFFF5E
:10625000FFFFFFFFFFFFFFFFFFFFFFFFFFFFFFFF4E
:10626000FFFFFFFFFFFFFFFFFFFFFFFFFFFFFFFF3E
:10627000FFFFFFFFFFFFFFFFFFFFFFFFFFFFFFFF2E
:10628000FFFFFFFFFFFFFFFFFFFFFFFFFFFFFFFF1E
:10629000FFFFFFFFFFFFFFFFFFFFFFFFEEFBC44F0E
:1062A000C44FCC8FCC90D4B0D4B0D4B0CC8FCC8FE2
:1062B000CC6FCC4ECC2ECBEDC3EDC3CDC3EDC3CD57
:1062C000C3CDBBEDBBEED596FFFFFFFFFFFFFFFF8A
:1062D000FFFFFFFFFFFFFFFFFFFFFFFFFFFFFFFFCE
:1062E000FFFFFFFFFFFFFFFFFFFFFFFFFFFFFFFFBE
:1062F000FFFFFFFFFFFFFFFFFFFFFFFFFFFFFFFFAE
:10630000FFFFFFFFFFFFFFFFFFFFFFFFFFFFFFFF9D
:10631000FFFFFFFFFFFFFFFFFFFFFFFFFFFFFFFF8D
:10632000FFFFFFFFFFFFFFFFFFFFFFFFFFFFFFFF7D
:10633000FFFFFFFFFFFFFFFFFFFFFFFFFFFFFFFF6D
:10634000FFFFFFFFFFFF0000000000000000000053
:10635000000000000000000000000000000000003D
:106360000000FFFFFFFFFFFFFFFFFFFFFFFFFFFF3B
:10637000FFFFFFFFFFFFFFFFFFFFFFFFFFFFFFFF2D
:10638000FFFFFFFFFFFFFFFFFFFFFFFFFFFFFFFF1D
:10639000FFFFFFFFFFFFFFFFFFFFFFFFFFFFFFFF0D
:1063A000FFFFFFFFFFFFFFFFFFFFFFFFFFFFFFFFFD
:1063B000FFFFFFFFFFFFFFFFFFFFFFFFFFFFFFFFED
:1063C000FFFFFFFFFFFFFFFFFFFFFFFFFFFFFFFFDD
:1063D000FFFFFFFFFFFFFFFFFFFFFFFFDE59C44F7F
:1063E000C46FCC90D4B0D4D0D4F1D4D0D4D0D4B065
:1063F000D490D48FCC6FCC4ECC2ECC0EC40EC40E09
:10640000C3EEC40EBBEECD75FFFFFFFFFFFFFFFF26
:10641000FFFFFFFFFFFFFFFFFFFFFFFFFFFFFFFF8C
:10642000FFFFFFFFFFFFFFFFFFFFFFFFFFFFFFFF7C
:10643000FFFFFFFFFFFFFFFFFFFFFFFFFFFFFFFF6C
:10644000FFFFFFFFFFFFFFFFFFFFFFFFFFFFFFFF5C
:10645000FFFFFFFFFFFFFFFFFFFFFFFFFFFFFFFF4C
:10646000FFFFFFFFFFFFFFFFFFFFFFFFFFFFFFFF3C
:10647000FFFFFFFFFFFFFFFFFFFFFFFFFFFFFFFF2C
:10648000FFFFFFFFFFFF0000000000000000000012
:1064900000000000000000000000000000000000FC
:1064A00000000000FFFFFFFFFFFFFFFFFFFFFFFFF8
:1064B000FFFFFFFFFFFFFFFFFFFFFFFFFFFFFFFFEC
:1064C000FFFFFFFFFFFFFFFFFFFFFFFFFFFFFFFFDC
:1064D000FFFFFFFFFFFFFFFFFFFFFFFFFFFFFFFFCC
:1064E000FFFFFFFFFFFFFFFFFFFFFFFFFFFFFFFFBC
:1064F000FFFFFFFFFFFFFFFFFFFFFFFFFFFFFFFFAC
:10650000FFFFFFFFFFFFFFFFFFFFFFFFFFFFFFFF9B
:10651000FFFFFFFFFFFFFFFFFFFFFFFFCD95C46FF2
:10652000CC8FCCB0D4D1D4F1D512DD11D511D4F1AA
:10653000D4F1D4D0D4B0D48FCC6FCC4FCC4ECC2EA1
:10654000C42EC42EBC0ECD13FFFFFFFFFFFFFFFFC5
:10655000FFFFFFFFFFFFFFFFFFFFFFFFFFFFFFFF4B
:10656000FFFFFFFFFFFFFFFFFFFFFFFFFFFFFFFF3B
:10657000FFFFFFFFFFFFFFFFFFFFFFFFFFFFFFFF2B
:10658000FFFFFFFFFFFFFFFFFFFFFFFFFFFFFFFF1B
:10659000FFFFFFFFFFFFFFFFFFFFFFFFFFFFFFFF0B
:1065A000FFFFFFFFFFFFFFFFFFFFFFFFFFFFFFFFFB
:1065B000FFFFFFFFFFFFFFFFFFFFFFFFFFFFFFFFEB
:1065C000FFFFFFFF000000000000000000000000CF
:1065D00000000000000000000000000000000000BB
:1065E00000000000FFFFFFFFFFFFFFFFFFFFFFFFB7
:1065F000FFFFFFFFFFFFFFFFFFFFFFFFFFFFFFFFAB
:10660000FFFFFFFFFFFFFFFFFFFFFFFFFFFFFFFF9A
:10661000FFFFFFFFFFFFFFFFFFFFFFFFFFFFFFFF8A
:10662000FFFFFFFFFFFFFFFFFFFFFFFFFFFFFFFF7A
:10663000FFFFFFFFFFFFFFFFFFFFFFFFFFFFFFFF6A
:10664000FFFFFFFFFFFFFFFFFFFFFFFFFFFFFFFF5A
:10665000FFFFFFFFFFFFFFFFFFFFFFDFCD13C47052
:10666000CC90D4D0D4F1D512DD32DD32DD32DD3242
:10667000DD12DCF1D4F1D4D1D4B0D490CC8FCC6F76
:10668000CC4FC44FC42EC4D1FFFFFFFFFFFFFFFF5D
:10669000FFFFFFFFFFFFFFFFFFFFFFFFFFFFFFFF0A
:1066A000FFFFFFFFFFFFFFFFFFFFFFFFFFFFFFFFFA
:1066B000FFFFFFFFFFFFFFFFFFFFFFFFFFFFFFFFEA
:1066C000FFFFFFFFFFFFFFFFFFFFFFFFFFFFFFFFDA
:1066D000FFFFFFFFFFFFFFFFFFFFFFFFFFFFFFFFCA
:1066E000FFFFFFFFFFFFFFFFFFFFFFFFFFFFFFFFBA
:1066F000FFFFFFFFFFFFFFFFFFFFFFFFFFFFFFFFAA
:10670000FFFFFFFF0000000000000000000000008D
:106710000000000000000000000000000000000079
:10672000000000000000FFFFFFFFFFFFFFFFFFFF73
:10673000FFFFFFFFFFFFFFFFFFFFFFFFFFFFFFFF69
:10674000FFFFFFFFFFFFFFFFFFFFFFFFFFFFFFFF59
:10675000FFFFFFFFFFFFFFFFFFFFFFFFFFFFFFFF49
:10676000FFFFFFFFFFFFFFFFFFFFFFFFFFFFFFFF39
:10677000FFFFFFFFFFFFFFFFFFFFFFFFFFFFFFFF29
:10678000FFFFFFFFFFFFFFFFFFFFFFFFFFFFFFFF19
:10679000FFFFFFFFFFFFFFFFFFFFEF5DC4B1CC90E6
:1067A000CCB0D4F1D512DD32DD53DD53DD53DD53F2
:1067B000DD53DD32DD32DD12D4F1D4D1D4B1CC9051
:1067C000CC90CC6FC44FBC70F77DFFFFFFFFFFFF85
:1067D000FFFFFFFFFFFFFFFFFFFFFFFFFFFFFFFFC9
:1067E000FFFFFFFFFFFFFFFFFFFFFFFFFFFFFFFFB9
:1067F000FFFFFFFFFFFFFFFFFFFFFFFFFFFFFFFFA9
:10680000FFFFFFFFFFFFFFFFFFFFFFFFFFFFFFFF98
:10681000FFFFFFFFFFFFFFFFFFFFFFFFFFFFFFFF88
:10682000FFFFFFFFFFFFFFFFFFFFFFFFFFFFFFFF78
:10683000FFFFFFFFFFFFFFFFFFFFFFFFFFFFFFFF68
:10684000FFFF00000000000000000000000000004A
:106850000000000000000000000000000000000038
:10686000000000000000FFFFFFFFFFFFFFFFFFFF32
:10687000FFFFFFFFFFFFFFFFFFFFFFFFFFFFFFFF28
:10688000FFFFFFFFFFFFFFFFFFFFFFFFFFFFFFFF18
:10689000FFFFFFFFFFFFFFFFFFFFFFFFFFFFFFFF08
:1068A000FFFFFFFFFFFFFFFFFFFFFFFFFFFFFFFFF8
:1068B000FFFFFFFFFFFFFFFFFFFFFFFFFFFFFFFFE8
:1068C000FFFFFFFFFFFFFFFFFFFFFFFFFFFFFFFFD8
:1068D000FFFFFFFFFFFFFFFFFFFFDE58C490CC90DC
:1068E000D4D1D511DD32DD53DD73E573E573E57485
:1068F000E573DD73DD53DD32DD32DD12D4F1D4D149
:10690000D4B0CC90CC70C42FE6BAFFFFFFFFFFFFDE
:10691000FFFFFFFFFFFFFFFFFFFFFFFFFFFFFFFF87
:10692000FFFFFFFFFFFFFFFFFFFFFFFFFFFFFFFF77
:10693000FFFFFFFFFFFFFFFFFFFFFFFFFFFFFFFF67
:10694000FFFFFFFFFFFFFFFFFFFFFFFFFFFFFFFF57
:10695000FFFFFFFFFFFFFFFFFFFFFFFFFFFFFFFF47
:10696000FFFFFFFFFFFFFFFFFFFFFFFFFFFFFFFF37
:10697000FFFFFFFFFFFFFFFFFFFFFFFFFFFFFFFF27
:10698000FFFF000000000000000000000000000009
:1069900000000000000000000000000000000000F7
:1069A0000000000000000000FFFFFFFFFFFFFFFFEF
:1069B000FFFFFFFFFFFFFFFFFFFFFFFFFFFFFFFFE7
:1069C000FFFFFFFFFFFFFFFFFFFFFFFFFFFFFFFFD7
:1069D000FFFFFFFFFFFFFFFFFFFFFFFFFFFFFFFFC7
:1069E000FFFFFFFFFFFFFFFFFFFFFFFFFFFFFFFFB7
:1069F000FFFFFFFFFFFFFFFFFFFFFFFFFFFFFFFFA7
:106A0000FFFFFFFFFFFFFFFFFFFFFFFFFFFFFFFF96
:106A1000FFFFFFFFFFFFFFFFF7BEC512CC90CCB01A
:106A2000D4F1DD32DD53DD73E574E594E594E5944E
:106A3000E594E594E594DD73DD53DD33DD32D51265
:106A4000D4F1D4D1CCB0C44FD5B6FFFFFFFFFFFFC8
:106A5000FFFFFFFFFFFFFFFFFFFFFFFFFFFFFFFF46
:106A6000FFFFFFFFFFFFFFFFFFFFFFFFFFFFFFFF36
:106A7000FFFFFFFFFFFFFFFFFFFFFFFFFFFFFFFF26
:106A8000FFFFFFFFFFFFFFFFFFFFFFFFFFFFFFFF16
:106A9000FFFFFFFFFFFFFFFFFFFFFFFFFFFFFFFF06
:106AA000FFFFFFFFFFFFFFFFFFFFFFFFFFFFFFFFF6
:106AB000FFFFFFFFFFFFFFFFFFFFFFFFFFFFFFFFE6
:106AC00000000000000000000000000000000000C6
:106AD00000000000000000000000000000000000B6
:106AE0000000000000000000FFFFFFFFFFFFFFFFAE
:106AF000FFFFFFFFFFFFFFFFFFFFFFFFFFFFFFFFA6
:106B0000FFFFFFFFFFFFFFFFFFFFFFFFFFFFFFFF95
:106B1000FFFFFFFFFFFFFFFFFFFFFFFFFFFFFFFF85
:106B2000FFFFFFFFFFFFFFFFFFFFFFFFFFFFFFFF75
:106B3000FFFFFFFFFFFFFFFFFFFFFFFFFFFFFFFF65
:106B4000FFFFFFFFFFFFFFFFFFFFFFFFFFFFFFFF55
:106B5000FFFFFFFFFFFFFFFFE699C490CC90D4F149
:106B6000DD12DD53DD73E594E594E5B4E5B5E5B5F7
:106B7000E5B5E5B5E5B4E594E593E573DD53DD32C0
:106B8000DD12D4F1D4D1CC90C490FFBEFFFFFFFF43
:106B9000FFFFFFFFFFFFFFFFFFFFFFFFFFFFFFFF05
:106BA000FFFFFFFFFFFFFFFFFFFFFFFFFFFFFFFFF5
:106BB000FFFFFFFFFFFFFFFFFFFFFFFFFFFFFFFFE5
:106BC000FFFFFFFFFFFFFFFFFFFFFFFFFFFFFFFFD5
:106BD000FFFFFFFFFFFFFFFFFFFFFFFFFFFFFFFFC5
:106BE000FFFFFFFFFFFFFFFFFFFFFFFFFFFFFFFFB5
:106BF000FFFFFFFFFFFFFFFFFFFFFFFFFFFFFFFFA5
:106C00000000000000000000000000000000000084
:106C10000000000000000000000000000000000074
:106C200000000000000000000000FFFFFFFFFFFF6A
:106C3000FFFFFFFFFFFFFFFFFFFFFFFFFFFFFFFF64
:106C4000FFFFFFFFFFFFFFFFFFFFFFFFFFFFFFFF54
:106C5000FFFFFFFFFFFFFFFFFFFFFFFFFFFFFFFF44
:106C6000FFFFFFFFFFFFFFFFFFFFFFFFFFFFFFFF34
:106C7000FFFFFFFFFFFFFFFFFFFFFFFFFFFFFFFF24
:106C8000FFFFFFFFFFFFFFFFFFFFFFFFFFFFFFFF14
:106C9000FFFFFFFFFFFFF79EC4D2CC6FD4D1DD1200
:106CA000DD52DD73E594E5B4E5B5E5D5EDD5EDD57B
:106CB000EDD5EDD5EDD5E5B5E5B4E594E574DD5359
:106CC000DD53DD32D511D4D1CC6FD5D6FFFFFFFF18
:106CD000FFFFFFFFFFFFFFFFFFFFFFFFFFFFFFFFC4
:106CE000FFFFFFFFFFFFFFFFFFFFFFFFFFFFFFFFB4
:106CF000FFFFFFFFFFFFFFFFFFFFFFFFFFFFFFFFA4
:106D0000FFFFFFFFFFFFFFFFFFFFFFFFFFFFFFFF93
:106D1000FFFFFFFFFFFFFFFFFFFFFFFFFFFFFFFF83
:106D2000FFFFFFFFFFFFFFFFFFFFFFFFFFFFFFFF73
:106D3000FFFFFFFFFFFFFFFFFFFFFFFFFFFF000061
:106D40000000000000000000000000000000000043
:106D50000000000000000000000000000000000033
:106D6000000000000000000000000000FFFFFFFF27
:106D7000FFFFFFFFFFFFFFFFFFFFFFFFFFFFFFFF23
:106D8000FFFFFFFFFFFFFFFFFFFFFFFFFFFFFFFF13
:106D9000FFFFFFFFFFFFFFFFFFFFFFFFFFFFFFFF03
:106DA000FFFFFFFFFFFFFFFFFFFFFFFFFFFFFFFFF3
:106DB000FFFFFFFFFFFFFFFFFFFFFFFFFFFFFFFFE3
:106DC000FFFFFFFFFFFFFFFFFFFFFFFFFFFFFFFFD3
:106DD000FFFFFFFFFFDFCD54CC90D4D0D511DD53A2
:106DE000E573E594E5B4E5D5EDD5EDF5EDF5EDF616
:106DF000EDF6EDF6EDF5EDF5EDD5E5B5E5B4E5949B
:106E0000DD73DD53DD32D4F2D4B0C490EEFBFFFF6E
:106E1000FFFFFFFFFFFFFFFFFFFFFFFFFFFFFFFF82
:106E2000FFFFFFFFFFFFFFFFFFFFFFFFFFFFFFFF72
:106E3000FFFFFFFFFFFFFFFFFFFFFFFFFFFFFFFF62
:106E4000FFFFFFFFFFFFFFFFFFFFFFFFFFFFFFFF52
:106E5000FFFFFFFFFFFFFFFFFFFFFFFFFFFFFFFF42
:106E6000FFFFFFFFFFFFFFFFFFFFFFFFFFFFFFFF32
:106E7000FFFFFFFFFFFFFFFFFFFFFFFF000000001E
:106E80000000000000000000000000000000000002
:106E900000000000000000000000000000000000F2
:106EA000000000000000000000000000FFFFFFFFE6
:106EB000FFFFFFFFFFFFFFFFFFFFFFFFFFFFFFFFE2
:106EC000FFFFFFFFFFFFFFFFFFFFFFFFFFFFFFFFD2
:106ED000FFFFFFFFFFFFFFFFFFFFFFFFFFFFFFFFC2
:106EE000FFFFFFFFFFFFFFFFFFFFFFFFFFFFFFFFB2
:106EF000FFFFFFFFFFFFFFFFFFFFFFFFFFFFFFFFA2
:106F0000FFFFFFFFFFFFFFFFFFFFFFFFFFFFFFFF91
:106F1000FFFFFFBED595C46FCCB0DD12DD52DD732F
:106F2000E594E5B4EDD5EDF5EDF5EE16EE16EE16BD
:106F3000EE16EE16EE16EDF6EDF6EDD5EDD5E5B561
:106F4000E594E574DD53DD32D4F1CCB0CCD1E699D3
:106F5000E73CFFFFFFFFFFFFFFFFFFFFFFFFFFFF1C
:106F6000FFFFFFFFFFFFFFFFFFFFFFFFFFFFFFFF31
:106F7000FFFFFFFFFFFFFFFFFFFFFFFFFFFFFFFF21
:106F8000FFFFFFFFFFFFFFFFFFFFFFFFFFFFFFFF11
:106F9000FFFFFFFFFFFFFFFFFFFFFFFFFFFFFFFF01
:106FA000FFFFFFFFFFFFFFFFFFFFFFFFFFFFFFFFF1
:106FB000FFFFFFFFFFFFFFFFFFFFFFFF00000000DD
:106FC00000000000000000000000000000000000C1
:106FD00000000000000000000000000000000000B1
:106FE0000000000000000000000000000000FFFFA3
:106FF000FFFFFFFFFFFFFFFFFFFFFFFFFFFFFFFFA1
:10700000FFFFFFFFFFFFFFFFFFFFFFFFFFFFFFFF90
:10701000FFFFFFFFFFFFFFFFFFFFFFFFFFFFFFFF80
:10702000FFFFFFFFFFFFFFFFFFFFFFFFFFFFFFFF70
:10703000FFFFFFFFFFFFFFFFFFFFFFFFFFFFFFFF60
:10704000FFFFFFFFFFFFFFFFFFFFFFFFFFFFD69ADE
:10705000B595CD54C46FCCB0D512DD53E573E5942E
:10706000E5B5EDD5EDF6EE16EE16EE16F636F6367D
:10707000F636F636F636EE16EE16EDF6EDF5EDD5FD
:10708000E5B5E5B4E594E574DD53D512D4B0C4702C
:10709000A3EE7B8ECE79FFDFFFFFFFFFFFFFFFFF39
:1070A000FFFFFFFFFFFFFFFFFFFFFFFFFFFFFFFFF0
:1070B000FFFFFFFFFFFFFFFFFFFFFFFFFFFFFFFFE0
:1070C000FFFFFFFFFFFFFFFFFFFFFFFFFFFFFFFFD0
:1070D000FFFFFFFFFFFFFFFFFFFFFFFFFFFFFFFFC0
:1070E000FFFFFFFFFFFFFFFFFFFFFFFFFFFFFFFFB0
:1070F000FFFFFFFFFFFFFFFFFFFF0000000000009A
:10710000000000000000000000000000000000007F
:10711000000000000000000000000000000000006F
:10712000000000000000000000000000000000005F
:10713000FFFFFFFFFFFFFFFFFFFFFFFFFFFFFFFF5F
:10714000FFFFFFFFFFFFFFFFFFFFFFFFFFFFFFFF4F
:10715000FFFFFFFFFFFFFFFFFFFFFFFFFFFFFFFF3F
:10716000FFFFFFFFFFFFFFFFFFFFFFFFFFFFFFFF2F
:10717000FFFFFFFFFFFFFFFFFFFFFFFFFFFFFFFF1F
:10718000FFFFFFFFFFFFFFFFFFFFFFDF9D146269AF
:10719000B44FCC8FD4D0DD12DD53E594E5B4EDD5FA
:1071A000EDD5EDF6EE16EE16F636F637F637F6377F
:1071B000F637F637F637F637F617EE16EE16EDF623
:1071C000EDF5EDD5EDB5E5B4E594DD53DD12D4D1A3
:1071D000CC90BC0E4145632C9CF4B5D7E71CF79EC0
:1071E000FFDFFFFFFFFFFFFFFFFFFFFFFFFFFFFFCF
:1071F000FFFFFFFFFFFFFFFFFFFFFFFFFFFFFFFF9F
:10720000FFFFFFFFFFFFFFFFFFFFFFFFFFFFFFFF8E
:10721000FFFFFFFFFFFFFFFFFFFFFFFFFFFFFFFF7E
:10722000FFFFFFFFFFFFFFFFFFFFFFFFFFFFFFFF6E
:10723000FFFFFFFFFFFFFFFF000000000000000056
:10724000000000000000000000000000000000003E
:10725000000000000000000000000000000000002E
:10726000000000000000000000000000000000001E
:10727000FFFFFFFFFFFFFFFFFFFFFFFFFFFFFFFF1E
:10728000FFFFFFFFFFFFFFFFFFFFFFFFFFFFFFFF0E
:10729000FFFFFFFFFFFFFFFFFFFFFFFFFFFFFFFFFE
:1072A000FFFFFFFFFFFFFFFFFFFFFFFFFFFFFFFFEE
:1072B000FFFFFFFFFFFFFFFFFFFFFFFFFFFFFFFFDE
:1072C000FFFFFFFFFFFFFFFFD6DB6B4D2903A36B23
:1072D000CC8FD4F1DD32E573E5B4E5D4EDD5EDF630
:1072E000EE16F616F637F637F657F657F657F65700
:1072F000F657F657F657F657F657F637F636EE16B0
:10730000EE16EDF6EDF6EDD5EDD5E5B4E574DD530D
:10731000D512CCB0A34A31043165294531864A697A
:10732000632D8C71AD76C639DEFCEF7EF7BEFFFFB4
:10733000FFFFFFFFFFFFFFFFFFFFFFFFFFFFFFFF5D
:10734000FFFFFFFFFFFFFFFFFFFFFFFFFFFFFFFF4D
:10735000FFFFFFFFFFFFFFFFFFFFFFFFFFFFFFFF3D
:10736000FFFFFFFFFFFFFFFFFFFFFFFFFFFFFFFF2D
:10737000FFFFFFFFFFFFFFFF000000000000000015
:1073800000000000000000000000000000000000FD
:1073900000000000000000000000000000000000ED
:1073A00000000000000000000000000000000000DD
:1073B0000000FFFFFFFFFFFFFFFFFFFFFFFFFFFFDB
:1073C000FFFFFFFFFFFFFFFFFFFFFFFFFFFFFFFFCD
:1073D000FFFFFFFFFFFFFFFFFFFFFFFFFFFFFFFFBD
:1073E000FFFFFFFFFFFFFFFFFFFFFFFFFFFFFFFFAD
:1073F000FFFFFFFFFFFFFFFFFFFFFFFFFFFFFFFF9D
:10740000FFFFFFFFDEDB94D3528A210420C3ABAC25
:10741000D4F1DD32E593E5B4EDD5EDF5EE16EE16DB
:10742000F636F637F637F657F657F677F677F678F4
:10743000F678F678F677F657F657F657F637F637C2
:10744000F636F616EE16EE16EDF6EDD5E5D5E59424
:10745000DD53DD12D4B059E620E3210420C320E33C
:1074600020E421042104294539E84A8B632D73CF98
:10747000845294F4B5D7D6BBF7DFFFFFFFFFFFFFC1
:10748000FFFFFFFFFFFFFFFFFFFFFFFFFFFFFFFF0C
:10749000FFFFFFFFFFFFFFFFFFFFFFFFFFFFFFFFFC
:1074A000FFFFFFFFFFFFFFFFFFFFFFFFFFFFFFFFEC
:1074B000FFFFFFFFFFFF00000000000000000000D2
:1074C00000000000000000000000000000000000BC
:1074D00000000000000000000000000000000000AC
:1074E000000000000000000000000000000000009C
:1074F00000000000FFFFFFFFFFFFFFFFFFFFFFFF98
:10750000FFFFFFFFFFFFFFFFFFFFFFFFFFFFFFFF8B
:10751000FFFFFFFFFFFFFFFFFFFFFFFFFFFFFFFF7B
:10752000FFFFFFFFFFFFFFFFFFFFFFFFFFFFFFFF6B
:10753000FFFFFFFFFFFFFFFFFFFFFFFFFFFFFFFF5B
:10754000E75DA53552AB2965294520C320C39B4B78
:10755000DD32E573E5B4EDF5EE16F616F636F637E0
:10756000F657F657F677F678F678FE78FE78FE78D6
:10757000FE98FE78FE98FE78FE78F678F657F65775
:10758000F657F637F637F636EE16EE16EDF6EDD57B
:10759000E5B4E594DD53932B20C320C320C318A387
:1075A00018A318A218A218A218C318E320E42104F3
:1075B00029452966318639C75AECB596F7BEFFFFD3
:1075C000FFFFFFFFFFFFFFFFFFFFFFFFFFFFFFFFCB
:1075D000FFFFFFFFFFFFFFFFFFFFFFFFFFFFFFFFBB
:1075E000FFFFFFFFFFFFFFFFFFFFFFFFFFFFFFFFAB
:1075F000FFFFFFFF0000000000000000000000008F
:10760000000000000000000000000000000000007A
:10761000000000000000000000000000000000006A
:10762000000000000000000000000000000000005A
:1076300000000000FFFFFFFFFFFFFFFFFFFFFFFF56
:10764000FFFFFFFFFFFFFFFFFFFFFFFFFFFFFFFF4A
:10765000FFFFFFFFFFFFFFFFFFFFFFFFFFFFFFFF3A
:10766000FFFFFFFFFFFFFFFFFFFFFFFFFFFFFFFF2A
:10767000FFFFFFFFFFFFFFFFFFFFFFFFE75DA535F8
:107680005B2D31A7212418C318C320C320C359C6BA
:10769000DD52E5B4EDF5EE16F636F637F657F65749
:1076A000F678FE78FE78FE98FE98FE98FE98FE9892
:1076B000FE98FE98FE98FE98FE98FE98FE78F67862
:1076C000F678F657F657F657F637F637F636EE16DB
:1076D000EDF6EDD5E5B4B42F28E318C318A218A22F
:1076E00018A218A218A210A2108210A210A210A212
:1076F00010A318C318C318E318E4212573D0F79E0C
:10770000FFFFFFFFFFFFFFFFFFFFFFFFFFFFFFFF89
:10771000FFFFFFFFFFFFFFFFFFFFFFFFFFFFFFFF79
:10772000FFFFFFFFFFFFFFFFFFFFFFFFFFFFFFFF69
:10773000FFFFFFFF0000000000000000000000004D
:107740000000000000000000000000000000000039
:107750000000000000000000000000000000000029
:107760000000000000000000000000000000000019
:10777000000000000000FFFFFFFFFFFFFFFFFFFF13
:10778000FFFFFFFFFFFFFFFFFFFFFFFFFFFFFFFF09
:10779000FFFFFFFFFFFFFFFFFFFFFFFFFFFFFFFFF9
:1077A000FFFFFFFFFFFFFFFFFFFFFFFFFFFFFFFFE9
:1077B000FFFFFFFFFFFFFFFFE75D9D35634D39C70B
:1077C0002124210420E318C318C318C318A220C31E
:1077D000B42FEDD5EE16F637F657F657F678FE7855
:1077E000FE78FE98FE98FE98FE98FE98FE99FEB9E7
:1077F000FEB9FEB9FEB9FEB9FEB8FE99FE98FE9834
:10780000FE98FE78F678F678F657F657F657F6377C
:10781000F637EE16EDF6C4B1290418C318A218C342
:1078200018A218C318C318A318C318A318C318A301
:1078300010A218C318C318C318C318C321256B6E30
:10784000F79EFFFFFFFFFFFFFFFFFFFFFFFFFFFFB1
:10785000FFFFFFFFFFFFFFFFFFFFFFFFFFFFFFFF38
:10786000FFFFFFFFFFFFFFFFFFFFFFFFFFFFFFFF28
:10787000FFFF00000000000000000000000000000A
:1078800000000000000000000000000000000000F8
:1078900000000000000000000000000000000000E8
:1078A00000000000000000000000000000000000D8
:1078B0000000000000000000FFFFFFFFFFFFFFFFD0
:1078C000FFFFFFFFFFFFFFFFFFFFFFFFFFFFFFFFC8
:1078D000FFFFFFFFFFFFFFFFFFFFFFFFFFFFFFFFB8
:1078E000FFFFFFFFFFFFFFFFFFFFFFFFFFFFFFFFA8
:1078F000FFFFFFFFE73D9D35632D39E8212418E3A5
:1079000018E418E418E318C318A218A218A218C3A0
:107910005A07DD94EE36F657F678F678FE98FE981C
:10792000FE98FEB9FEB9FEB9FEB9FEB9FEB9FEB9C0
:10793000FEB9FEB9FEB9FEB9FEB9FEB9FEB9FE99AF
:10794000FE98FE98FE98FE98F678F678F677F65749
:10795000F657F657EE36C4B0290418C318A318C357
:1079600018C318A318C310A218C318C318A318C3A8
:1079700018A310A218A310A318C318C318C329660C
:107980006B4DF7BFFFFFFFFFFFFFFFFFFFFFFFFF95
:10799000FFFFFFFFFFFFFFFFFFFFFFFFFFFFFFFFF7
:1079A000FFFFFFFFFFFFFFFFFFFFFFFFFFFFFFFFE7
:1079B00000000000000000000000000000000000C7
:1079C00000000000000000000000000000000000B7
:1079D00000000000000000000000000000000000A7
:1079E0000000000000000000000000000000000097
:1079F00000000000000000000000FFFFFFFFFFFF8D
:107A0000FFFFFFFFFFFFFFFFFFFFFFFFFFFFFFFF86
:107A1000FFFFFFFFFFFFFFFFFFFFFFFFFFFFFFFF76
:107A2000FFFFFFFFFFFFFFFFFFFFFFFFFFFFFFFF66
:107A3000E71C9D35636D4249212518E318E318C3FF
:107A400018C318C310A218C318A21082108220E312
:107A50002904832BF637F677F678FE98FEB8FEB940
:107A6000FEB9FEB9FEB9FEB9FEB9FEB9FED9FED91E
:107A7000FED9FED9FED9FED9FED9FEB9FEB9FEB9AE
:107A8000FEB9FE99FE98FE98FE98FE98F678F67874
:107A9000F678F657F637AC4F290420E318C318C31D
:107AA00018E318C318C318C318E318C310A310A30E
:107AB00018C318C318C318C318C310A310A318C33E
:107AC0002945B5B7FFFFFFFFFFFFFFFFFFFFFFFFE8
:107AD000FFFFFFFFFFFFFFFFFFFFFFFFFFFFFFFFB6
:107AE000FFFFFFFFFFFFFFFFFFFFFFFFFFFF0000A4
:107AF0000000000000000000000000000000000086
:107B00000000000000000000000000000000000075
:107B10000000000000000000000000000000000065
:107B20000000000000000000000000000000000055
:107B3000000000000000000000000000FFFFFFFF49
:107B4000FFFFFFFFFFFFFFFFFFFFFFFFFFFFFFFF45
:107B5000FFFFFFFFFFFFFFFFFFFFFFFFFFFFFFFF35
:107B6000FFFFFFFFFFFFFFFFFFFFFFFFEF5D94F44D
:107B70005B2D42492966210418C318C318A310A21B
:107B800010A210A210A210A218C318C310A220E3C2
:107B900021042904BCB0F677FE98FE98FEB9FEB920
:107BA000FED9FED9FED9FED9FED9FED9FED9FED91D
:107BB000FEDAFED9FED9FED9FED9FED9FEB9FEB94C
:107BC000FEB9FEB9FEB9FE99FE98FE98FE98FE78C1
:107BD000FE78F678F6578B4C210420E318C318C3BF
:107BE00018E418E318C318C318C318C318C318C37C
:107BF00018C318C310A318C318C318C310C310A305
:107C000018E44249E71CFFFFFFFFFFFFFFFFFFFFF4
:107C1000FFFFFFFFFFFFFFFFFFFFFFFFFFFFFFFF74
:107C2000FFFFFFFFFFFFFFFFFFFFFFFF0000000060
:107C30000000000000000000000000000000000044
:107C40000000000000000000000000000000000034
:107C50000000000000000000000000000000000024
:107C60000000000000000000000000000000000014
:107C70000000000000000000000000000000FFFF06
:107C8000FFFFFFFFFFFFFFFFFFFFFFFFFFFFFFFF04
:107C9000FFFFFFFFFFFFFFFFFFFFFFFFFFFFFFFFF4
:107CA000FFFFFFFFFFFFFFFFEF5D9CF452EC426A16
:107CB00031A62125210418C310A210A218C310C395
:107CC00010A210A318C318A218E318C318C318E30E
:107CD0002104292541A6CD33FE98FEB9FEB9FED96F
:107CE000FED9FED9FED9FED9FED9FED9FED9FEDADB
:107CF000FEDAFEDAFEDAFEDAFED9FED9FED9FEB9E8
:107D0000FEB9FEB9FEB9FEB9FEB9FE98FE98FE981E
:107D1000FE98F678F6575A48210420E418E3210427
:107D200020E418E318C318E418E418E418E318E38F
:107D300018E418E418E318E318E418E418E418C386
:107D4000210418E473CFF7BFFFFFFFFFFFFFFFFF22
:107D5000FFFFFFFFFFFFFFFFFFFFFFFFFFFFFFFF33
:107D6000FFFFFFFFFFFFFFFFFFFF0000000000001D
:107D70000000000000000000000000000000000003
:107D800000000000000000000000000000000000F3
:107D900000000000000000000000000000000000E3
:107DA00000000000000000000000000000000000D3
:107DB00000000000000000000000000000000000C3
:107DC000FFFFFFFFFFFFFFFFFFFFFFFFFFFFFFFFC3
:107DD000FFFFFFFFFFFFFFFFFFFFFFFFFFFFFFFFB3
:107DE000FFFFFFFFFFFFC6385B2D3A0831C729456B
:107DF0002104190418C310A210A210A318C318E379
:107E000018C318C318C318C3210418E318E318E3F0
:107E100021042924294549E7DDB5FEB9FEB9FED97B
:107E2000FED9FED9FED9FED9FEFAFEFAFEFAFEFA16
:107E3000FEFAFEFAFEFAFEFAFEDAFEDAFED9FEB924
:107E4000FEB9FEB9FEB9FEB9FEB9FEB9FE99FE98BB
:107E5000F698F678D5533965210418E3210420E417
:107E600020E418E418C318C318C318C318C318C3F0
:107E700018C318C318C310C318C318C318C310C33A
:107E800018E410C32987A555FFFFFFFFFFFFFFFF81
:107E9000FFFFFFFFFFFFFFFFFFFFFFFFFFFFFFFFF2
:107EA000FFFFFFFFFFFFFFFF0000000000000000DA
:107EB00000000000000000000000000000000000C2
:107EC00000000000000000000000000000000000B2
:107ED00000000000000000000000000000000000A2
:107EE0000000000000000000000000000000000092
:107EF0000000000000000000000000000000000082
:107F00000000FFFFFFFFFFFFFFFFFFFFFFFFFFFF7F
:107F1000FFFFFFFFFFFFFFFFFFFFFFFFFFFFFFFF71
:107F2000FFFFFFFFA53539E82986214521252104DA
:107F300018E318C310A310A210A318C310A318E3CA
:107F400018E318C318C318C318E3190418E321046D
:107F500018E32104294529655207DDB5FEB9FED98C
:107F6000FED9FED9FED9FEFAFEDAFEFAFEFAFEFAD4
:107F7000FEFAFEFAFEFAFEFAFEFAFEDAFED9FED9A3
:107F8000FED9FED9FEB9FEB9FEB9FE98FE98FE985C
:107F9000F698F678834C210420E318C318E418E41B
:107FA00020E418E418C318C318E318E418C318C36E
:107FB00018E318C318C310C318C3190418E410C376
:107FC00018E410C319043A08DF1CFFFFFFFFFFFF8E
:107FD000FFFFFFFFFFFFFFFFFFFFFFFFFFFFFFFFB1
:107FE000FFFFFFFFFFFF0000000000000000000097
:107FF0000000000000000000000000000000000081
:108000000000000000000000000000000000000070
:108010000000000000000000000000000000000060
:108020000000000000000000000000000000000050
:108030000000000000000000000000000000000040
:1080400000000000FFFFFFFFFFFFFFFFFFFFFFFF3C
:10805000FFFFFFFFFFFFFFFFFFFFFFFFFFFFFFFF30
:10806000FFFFC6593A29214521042104190418E4C7
:1080700018C310C310C310A318C318C318C318E340
:1080800018C318C318E421042104210418E321258E
:108090002945210429452965318649E7CD33FEB9B3
:1080A000FED9FED9FED9FEDAFEDAFEFAFEFAFEFAB3
:1080B000FEFAFEFAFEFAFEFAFEFAFEDAFED9FED962
:1080C000FED9FED9FEB9FEB9FEB9FE98FE98F69823
:1080D000F678D594314420E318C3210418E318E35B
:1080E00018E418E318E318C318E3190418E418E4B3
:1080F00018C318C318E418C318E418E418E418E403
:1081000018E418C318E31904634EFFFFFFFFFFFFD5
:10811000FFFFFFFFFFFFFFFFFFFFFFFFFFFFFFFF6F
:10812000FFFFFFFF00000000000000000000000053
:10813000000000000000000000000000000000003F
:10814000000000000000000000000000000000002F
:10815000000000000000000000000000000000001F
:10816000000000000000000000000000000000000F
:1081700000000000000000000000000000000000FF
:10818000000000000000FFFFFFFFFFFFFFFFFFFFF9
:10819000FFFFFFFFFFFFFFFFFFFFFFFFFFFFFFFFEF
:1081A000F79E7C10294518E41904190418E318E314
:1081B00018C318C318C318C318C318E318E318E486
:1081C00018E318E318E419042124212518E32104F5
:1081D00029452124210421242965294539A6A40FF4
:1081E000EE37FEB9FED9FED9FED9FED9FEFAFEFA67
:1081F000FEFAFEFAFEFAFEFAFEDAFEDAFED9FED941
:10820000FED9FEB9FEB9FEB9FEB8FE98F698F6782A
:10821000D59449E7210420E318E3210421242124F3
:108220002104210418E418E318E418E418E418E41D
:1082300018E418E418E318C318E318E318C318E3A4
:1082400018E410C310C318C32125B5B7FFFFFFFF03
:10825000FFFFFFFFFFFFFFFFFFFFFFFFFFFFFFFF2E
:10826000FFFF000000000000000000000000000010
:1082700000000000000000000000000000000000FE
:1082800000000000000000000000000000000000EE
:1082900000000000000000000000000000000000DE
:1082A00000000000000000000000000000000000CE
:1082B00000000000000000000000000000000000BE
:1082C0000000000000000000FFFFFFFFFFFFFFFFB6
:1082D000FFFFFFFFFFFFFFFFFFFFFFFFFFFFFFFFAE
:1082E000C65952EC212518E318E418E418E418C321
:1082F00018C318C318E318C318C318E318C318E445
:1083000018E42104210421242124212418E4210437
:10831000212529452945210420E429453165318657
:108320006289B491EE37FEB9FED9FED9FED9FED9E5
:10833000FEDAFEFAFEFAFEFAFEDAFEDAFED9FED91F
:10834000FEB9FEB9FEB9FE98FE98F678F658B491DB
:1083500041C72924210418C3210418E3210418E487
:1083600021042104210418E318E418E318E418E4B4
:1083700018E418E318E418E310C318C318E318C38B
:1083800018E418C310A318C318E44249E75DFFFFBF
:10839000FFFFFFFFFFFFFFFFFFFFFFFFFFFFFFFFED
:1083A00000000000000000000000000000000000CD
:1083B00000000000000000000000000000000000BD
:1083C00000000000000000000000000000000000AD
:1083D000000000000000000000000000000000009D
:1083E000000000000000000000000000000000008D
:1083F000000000000000000000000000000000007D
:1084000000000000000000000000FFFFFFFFFFFF72
:10841000FFFFFFFFFFFFFFFFFFFFFFFFFFFFFFFF6C
:1084200073F04AAB210418E318E418E318E418C306
:1084300010C310C318E418E310C318E418E41904B7
:1084400018E418E418E42104190418E418E32104DA
:108450002124294529652965296521042945316695
:108460003186318641C793ADCD53F658FEB9FEB97A
:10847000FED9FED9FED9FEDAFED9FED9FEB9FEB983
:10848000FE99FE98FE98F678EE37CD3372CA29250C
:108490002925210420E318E32104210421242104B7
:1084A00021041904212518E418E418E418E418E359
:1084B00010A318C318E318E418C318E418E318C38A
:1084C00018E318C3108210A318C318E48C92FFFF9E
:1084D000FFFFFFFFFFFFFFFFFFFFFFFFFFFF0000AA
:1084E000000000000000000000000000000000008C
:1084F000000000000000000000000000000000007C
:10850000000000000000000000000000000000006B
:10851000000000000000000000000000000000005B
:10852000000000000000000000000000000000004B
:10853000000000000000000000000000000000003B
:10854000000000000000000000000000FFFFFFFF2F
:10855000FFFFFFFFFFFFFFFFFFFFFFFFFFFFF7BE74
:108560004AAB52CB214518E418E418E418E310C3D1
:1085700018E318E31904190418E318E418C318E3FE
:1085800018C318E418E4210419042104190421254E
:108590002945294529452966294529452945210493
:1085A0002945294531653166316649E76ACA93CE66
:1085B000C4F2E5F6F698F678F657EE37EE16EDF6D5
:1085C000E5D5CD33A40F6AAA49C7314529452124F1
:1085D00020E418E321242104212421042125190465
:1085E00018E318E4190418E318C318E318E418E4AE
:1085F00018C318C318E418E418C318E318E418E4FF
:1086000018E418E310C310C318C318C331C7D6DB6E
:10861000FFFFFFFFFFFFFFFFFFFFFFFF0000000066
:10862000000000000000000000000000000000004A
:10863000000000000000000000000000000000003A
:10864000000000000000000000000000000000002A
:10865000000000000000000000000000000000001A
:10866000000000000000000000000000000000000A
:1086700000000000000000000000000000000000FA
:108680000000000000000000000000000000FFFFEC
:10869000FFFFFFFFFFFFFFFFFFFFFFFFFFFFD6DB37
:1086A00042493A2831C718E418E318C318E418E41B
:1086B00018E41904190418E410C318E318E41904A1
:1086C00018E321242104212521242124210421240B
:1086D0002145212529452966294521252945296541
:1086E0002966292529242945296531663186316580
:1086F00031653166314539A6398639A639A639A69C
:10870000318629452945292529242924210418C3EE
:1087100020E42124212421042124210421242124B2
:1087200019042104210418E418C318E318C318E439
:1087300018E318E318E318C310C318E318E318E3A9
:1087400018E318C310C318C318C318C318E46B6E1A
:10875000FFDFFFFFFFFFFFFFFFFF00000000000043
:108760000000000000000000000000000000000009
:1087700000000000000000000000000000000000F9
:1087800000000000000000000000000000000000E9
:1087900000000000000000000000000000000000D9
:1087A00000000000000000000000000000000000C9
:1087B00000000000000000000000000000000000B9
:1087C00000000000000000000000000000000000A9
:1087D000FFFFFFFFFFFFFFFFFFFFFFFFFFFFA5768C
:1087E0003A29214531E818E418E318E4190419047A
:1087F0001904190418E318C310C318E318E418E4A3
:10880000212521242104212521042145212421255C
:10881000214529452966296629452945296529458E
:1088200029662966294529452925292429452945D7
:1088300029452945292431652945294529452945C1
:108840002945292521042104210420E321042104B0
:1088500021042124210418E42104210421042104F9
:1088600018E42104210418E410C318C318C318C362
:1088700018E318E318E318C310A310C310A318C318
:1088800018C318E310C310C310C310C318C3214585
:10889000C639FFFFFFFFFFFF0000000000000000DF
:1088A00000000000000000000000000000000000C8
:1088B00000000000000000000000000000000000B8
:1088C00000000000000000000000000000000000A8
:1088D0000000000000000000000000000000000098
:1088E0000000000000000000000000000000000088
:1088F0000000000000000000000000000000000078
:108900000000000000000000000000000000000067
:1089100000000000FFFFFFFFFFFFFFFFFFFF84726B
:1089200031E821252145212418E31904212418E4E4
:1089300018E318E418E4190418C318E418E418C379
:10894000190421042104210421252965212521253B
:108950002945294529452965294529452945296567
:1089600029652966294529662966296529652945D4
:10897000210421042104294529252945294539A611
:10898000296529452945292521242104210421255A
:108990002124212521252104212421242104190415
:1089A00018E4190418E318C310A310A210A210A30E
:1089B00010A310A318C310A3108210C310C318C3B0
:1089C00018C318C310A318C318C310C310C318C307
:1089D0005B0CFFDF00000000000000000000000052
:1089E0000000000000000000000000000000000087
:1089F0000000000000000000000000000000000077
:108A00000000000000000000000000000000000066
:108A10000000000000000000000000000000000056
:108A20000000000000000000000000000000000046
:108A30000000000000000000000000000000000036
:108A40000000000000000000000000000000000026
:108A5000000000000000FFFFFFFFFFFFF79E636EB6
:108A600031C7296618E4294518E4190418C318E326
:108A700018E418E318E418E418E318E419041904D6
:108A80002125210418E421042104210421242104A6
:108A9000214521452145294529452945296529663D
:108AA0002966296529452965296629662966294592
:108AB00029652966210429452125528AC659BE18EF
:108AC00094D339C721252945210418E32104210421
:108AD00018E42104210418E418E318E418E318E466
:108AE00018E418E3190418E310A210C318E410A343
:108AF00010C310C310C310C310A210A318C318C30F
:108B000018E310C310C310C318C310C310C310C39D
:108B10002104000000000000000000000000000030
:108B20000000000000000000000000000000000045
:108B30000000000000000000000000000000000035
:108B40000000000000000000000000000000000025
:108B50000000000000000000000000000000000015
:108B60000000000000000000000000000000000005
:108B700000000000000000000000000000000000F5
:108B800000000000000000000000000000000000E5
:108B900000000000000000000000FFFFDF1C52EC9E
:108BA00031A729861904190418E418E3190418E3F5
:108BB000190418E418E418E418E418C3190418E3B5
:108BC0001904210419042104210421252124190454
:108BD00021252145214529652945296629652966DB
:108BE00029652945212521242945212521252104DF
:108BF00021242125210421242945BDF8A5757C11B6
:108C00008CD373AF294529452104210420E4212474
:108C100021042124190418E418E42104212518E46E
:108C200018E318E318E418C310A310C318E318C31B
:108C300018E318C310C310A310A318C318E318E354
:108C400018E410C310C310C318C310C310A200004F
:108C50000000000000000000000000000000000014
:108C60000000000000000000000000000000000004
:108C700000000000000000000000000000000000F4
:108C800000000000000000000000000000000000E4
:108C900000000000000000000000000000000000D4
:108CA00000000000000000000000000000000000C4
:108CB00000000000000000000000000000000000B4
:108CC00000000000000000000000000000000000A4
:108CD000000000000000000000000000ADB74A8A5C
:108CE00031A72966214518E3190418E318E419048B
:108CF000190418E418E318E418E410C318E418E49D
:108D000018E4190419041904212421242124190424
:108D1000210421452125214521452145214529665B
:108D2000294521452124212529452965212521245D
:108D300021042124210421242125B6187C318C9280
:108D4000B5D78C7229652945210418E418E321045C
:108D500021042104210418E418E318E4210418E490
:108D600018E418E318C318C310A310C310C310C32A
:108D700018C318C310C310A310A310A318C318C39B
:108D800018C310C310C310C310C310A30000000009
:108D900000000000000000000000000000000000D3
:108DA00000000000000000000000000000000000C3
:108DB00000000000000000000000000000000000B3
:108DC00000000000000000000000000000000000A3
:108DD0000000000000000000000000000000000093
:108DE0000000000000000000000000000000000083
:108DF0000000000000000000000000000000000073
:108E00000000000000000000000000000000000062
:108E10000000000000000000000000000000000052
:108E200029862145212418E310C3190418E310C32F
:108E3000190418E418C310C318C318E318E318E49E
:108E400018E4190418E418E319042104210419048E
:108E50002104212521452965212521452145294533
:108E60002145214521252125212521452124210494
:108E70002104210418E42125210473F08451A5560E
:108E8000B5F8634D29452945212518E3214521459C
:108E9000212421042104190418E4210418E41904EC
:108EA00018C318E418E318C318C318C318C318E389
:108EB00010C310C318C310C310C310C318E418C3E1
:108EC00010C310C310C310A3000000000000000076
:108ED0000000000000000000000000000000000092
:108EE0000000000000000000000000000000000082
:108EF0000000000000000000000000000000000072
:108F00000000000000000000000000000000000061
:108F10000000000000000000000000000000000051
:108F20000000000000000000000000000000000041
:108F30000000000000000000000000000000000031
:108F40000000000000000000000000000000000021
:108F50000000000000000000000000000000000011
:108F600000002146212518E410C318E318E418E492
:108F7000190410C310A318E318E418C310A318E3CE
:108F800018E310C318C318C318C318E418E318E48F
:108F900018E4212421452965212521452124214545
:108FA000212521452124212529452145212521252A
:108FB0002104212521042124212429455AEC6BAFC9
:108FC0005B0C31A621252965212518E321242104E4
:108FD00021042124210421042104210418E318E49C
:108FE00018C318E318C318E410C318C318C318C370
:108FF00010C310A310C310C318C310C318E418E49F
:1090000018E410C3108200000000000000000000FF
:109010000000000000000000000000000000000050
:109020000000000000000000000000000000000040
:109030000000000000000000000000000000000030
:109040000000000000000000000000000000000020
:109050000000000000000000000000000000000010
:109060000000000000000000000000000000000000
:1090700000000000000000000000000000000000F0
:1090800000000000000000000000000000000000E0
:1090900000000000000000000000000000000000D0
:1090A000000000000000210418C318C3190418E3CD
:1090B00018C310C318C310C318E418E410C310A3D6
:1090C00018E318E410A210C310A318E318E419045D
:1090D0001904212521452124296629652945296569
:1090E0002145214521252125212521242125212511
:1090F0002104212421042145214521242104214545
:109100002145214521452125212518E4212421241B
:1091100021042104212521241904190418E4190427
:1091200018C310A310A318C310C318C310C318C3C7
:1091300010A310C310C310A310C318C318E419045C
:1091400021040000000000000000000000000000FA
:10915000000000000000000000000000000000000F
:1091600000000000000000000000000000000000FF
:1091700000000000000000000000000000000000EF
:1091800000000000000000000000000000000000DF
:1091900000000000000000000000000000000000CF
:1091A00000000000000000000000000000000000BF
:1091B00000000000000000000000000000000000AF
:1091C000000000000000000000000000000000009F
:1091D000000000000000000000000000000000008F
:1091E0000000000000000000000018C410C318E4D4
:1091F00018C318E418C318E418E418C310C310A364
:1092000010C318E418E318E418C318E41904190487
:1092100021042125212421042965214521252945D1
:1092200021452945212521252125212521452125A6
:1092300021042124210421252945214521452125D9
:109240002145212521252145212518E3190418E46C
:10925000190421041904190418E3190418E4190461
:1092600018C318C318E418E418C318C318C318E4C3
:1092700018C318C318C310A318C31904212400006D
:1092800000000000000000000000000000000000DE
:1092900000000000000000000000000000000000CE
:1092A00000000000000000000000000000000000BE
:1092B00000000000000000000000000000000000AE
:1092C000000000000000000000000000000000009E
:1092D000000000000000000000000000000000008E
:1092E000000000000000000000000000000000007E
:1092F000000000000000000000000000000000006E
:10930000000000000000000000000000000000005D
:10931000000000000000000000000000000000004D
:109320000000000000000000000000000000210418
:1093300010C318C318E310C310C310C310A310A2A6
:1093400018C318E418C318E318C318E41904212536
:1093500018E4212521242125214521252125212508
:1093600021252945212521242125212421252124A8
:1093700018E4190421042124214521252125214512
:109380002965214521252125214518E42124210491
:10939000190421042125212419041904210421047C
:1093A00018E418C318E418C310A318C318C318C3CB
:1093B00018C318C318C318C318C300000000000066
:1093C000000000000000000000000000000000009D
:1093D000000000000000000000000000000000008D
:1093E000000000000000000000000000000000007D
:1093F000000000000000000000000000000000006D
:10940000000000000000000000000000000000005C
:10941000000000000000000000000000000000004C
:10942000000000000000000000000000000000003C
:10943000000000000000000000000000000000002C
:10944000000000000000000000000000000000001C
:10945000000000000000000000000000000000000C
:1094600000000000000000000000000000000000FC
:109470000000190410C310C310A310C318C310C3F5
:1094800010C318C318C318E418E310C310C318E4BA
:1094900018E418E42104190421452125210421257B
:1094A00021452965214521242145212521252125E5
:1094B0002124212421241904212521242145214569
:1094C0002145212521252125212518E318E419040A
:1094D00019042104210418E418E4190418E418C339
:1094E00018C318C318C310C310A310A310A310A34C
:1094F00010C318E318C400000000000000000000C2
:10950000000000000000000000000000000000005B
:10951000000000000000000000000000000000004B
:10952000000000000000000000000000000000003B
:10953000000000000000000000000000000000002B
:10954000000000000000000000000000000000001B
:10955000000000000000000000000000000000000B
:1095600000000000000000000000000000000000FB
:1095700000000000000000000000000000000000EB
:1095800000000000000000000000000000000000DB
:1095900000000000000000000000000000000000CB
:1095A00000000000000000000000000000000000BB
:1095B000000000000000000010A210C310C310C380
:1095C00010C318C318C318E310C318C318E4190450
:1095D000190419042125212521452145212421256E
:1095E0002145212521041904212521242124212478
:1095F00021242125212521042945212529452966C4
:109600002945214529452145214518E41904190416
:10961000210421251904190418E418E418E418E3B6
:1096200010C310C318E310A310A210A310A310A31B
:109630002104000000000000000000000000000005
:10964000000000000000000000000000000000001A
:10965000000000000000000000000000000000000A
:1096600000000000000000000000000000000000FA
:1096700000000000000000000000000000000000EA
:1096800000000000000000000000000000000000DA
:1096900000000000000000000000000000000000CA
:1096A00000000000000000000000000000000000BA
:1096B00000000000000000000000000000000000AA
:1096C000000000000000000000000000000000009A
:1096D000000000000000000000000000000000008A
:1096E000000000000000000000000000000000007A
:1096F00000000000000000000000000018C418E393
:1097000010C318C310C318C310C310C318E419043E
:1097100018E418E42125214521452145214521450D
:1097200021452145214521042125212521252104EB
:10973000190421042145190421252104212421256E
:109740002124212421452125214518E318E318E48B
:1097500018E419041904190418C318E318C318C32A
:1097600010C310A310C310A310A3108300000000A7
:1097700000000000000000000000000000000000E9
:1097800000000000000000000000000000000000D9
:1097900000000000000000000000000000000000C9
:1097A00000000000000000000000000000000000B9
:1097B00000000000000000000000000000000000A9
:1097C0000000000000000000000000000000000099
:1097D0000000000000000000000000000000000089
:1097E0000000000000000000000000000000000079
:1097F0000000000000000000000000000000000069
:109800000000000000000000000000000000000058
:109810000000000000000000000000000000000048
:109820000000000000000000000000000000000038
:109830000000000000000000000000000000000028
:10984000000010A310C318E318E319041904190445
:10985000190418E4190421252124210419041904E8
:1098600021252124212418E418E4190418E418E41B
:1098700019041904210418E4210418E321242124E3
:10988000212518E319041904210418C318C3190465
:1098900018E4190418E418E418C318C318E318E40A
:1098A00010C310C318E30000000000000000000017
:1098B00000000000000000000000000000000000A8
:1098C0000000000000000000000000000000000098
:1098D0000000000000000000000000000000000088
:1098E0000000000000000000000000000000000078
:1098F0000000000000000000000000000000000068
:109900000000000000000000000000000000000057
:109910000000000000000000000000000000000047
:109920000000000000000000000000000000000037
:109930000000000000000000000000000000000027
:109940000000000000000000000000000000000017
:109950000000000000000000000000000000000007
:1099600000000000000000000000000000000000F7
:1099700000000000000000000000000000000000E7
:109980000000000000000000190418C318E318E4E8
:1099900018C318C318E4190421251904212521042A
:1099A00021252125190418E318E41904212518E3B9
:1099B000190418E4190418E4212419042124214568
:1099C0002145212421252124212418E319042125BE
:1099D000190421242104190418C318C318C421042C
:1099E0000000000000000000000000000000000077
:1099F0000000000000000000000000000000000067
:109A00000000000000000000000000000000000056
:109A10000000000000000000000000000000000046
:109A20000000000000000000000000000000000036
:109A30000000000000000000000000000000000026
:109A40000000000000000000000000000000000016
:109A50000000000000000000000000000000000006
:109A600000000000000000000000000000000000F6
:109A700000000000000000000000000000000000E6
:109A800000000000000000000000000000000000D6
:109A900000000000000000000000000000000000C6
:109AA00000000000000000000000000000000000B6
:109AB00000000000000000000000000000000000A6
:109AC0000000000000000000000000000000000096
:109AD000210418E318E31904214521242125212418
:109AE0002145212521251904212421252125212550
:109AF00021251904190418E42104190421252145FC
:109B00002124214521252125212518E418E41904C3
:109B1000212521252104210400000000000000006F
:109B20000000000000000000000000000000000035
:109B30000000000000000000000000000000000025
:109B40000000000000000000000000000000000015
:109B50000000000000000000000000000000000005
:109B600000000000000000000000000000000000F5
:109B700000000000000000000000000000000000E5
:109B800000000000000000000000000000000000D5
:109B900000000000000000000000000000000000C5
:109BA00000000000000000000000000000000000B5
:109BB00000000000000000000000000000000000A5
:109BC0000000000000000000000000000000000095
:109BD0000000000000000000000000000000000085
:109BE0000000000000000000000000000000000075
:109BF0000000000000000000000000000000000065
:109C00000000000000000000000000000000000054
:109C10000000000000000000000000002145212499
:109C200021452946214521252125212518E4210406
:109C300019041904190418C319041904212421242E
:109C400019042125210421242124210421040000B8
:109C50000000000000000000000000000000000004
:109C600000000000000000000000000000000000F4
:109C700000000000000000000000000000000000E4
:109C800000000000000000000000000000000000D4
:109C900000000000000000000000000000000000C4
:109CA00000000000000000000000000000000000B4
:109CB00000000000000000000000000000000000A4
:109CC0000000000000000000000000000000000094
:109CD0000000000020212223242526272829000017
:109CE000009D010800000020200400003809000841
:109CF000F89D010820040020B8B60000A0CF00089D
:109D00004132103201000EFF68656C6C6F20776F76
:109D1000726C640D0A01E813ED9D14082D9F1B0859
:109D20003D041A69041AD50413E99C1B080508416F
:109D300032302A100432203AD21436E04D62503FBD
:109D40002DC0749368082DE051B89E080130094475
:109D5000481324F4136D9E1B08A9C84B71A1B41AB3
:109D6000FD0C1A0D041A7D04C11A4D281A3D041A5F
:109D70005D041A2D041409024313020125C032099F
:109D8000041B01020B130524161001052401100900
:109D900001042402020524061701070582030815A1
:109DA0001009040133020A2E0705010240072A8127
:109DB0000711093744113A02441907111A121713EF
:109DC00002021E40830440574D240203012B0A0661
:109DD0001A111A400B112B0907640A3B04A81345FA
:109DE0000C1B0841041A3D041A71041A8D04071E45
:089DF000040309041A0300003A
:04000005080001D915
:00000001FF
